-57,211,e1sQLCGOH7fOwpvmZitalJYwdK8=,NoJ9Mk6aiMmJlDV15Z6luoazRXk=
-59,208,e1sQLCGOH7fOwpvmZitalJYwdK8=,NoJ9Mk6aiMmJlDV15Z6luoazRXk=
-58,211,e1sQLCGOH7fOwpvmZitalJYwdK8=,NoJ9Mk6aiMmJlDV15Z6luoazRXk=
-58,210,uj9YsKqPn5wZ6Kw2Q7zjfRAAT1Y=,NoJ9Mk6aiMmJlDV15Z6luoazRXk=
-59,210,uj9YsKqPn5wZ6Kw2Q7zjfRAAT1Y=,NoJ9Mk6aiMmJlDV15Z6luoazRXk=
-59,211,uj9YsKqPn5wZ6Kw2Q7zjfRAAT1Y=,NoJ9Mk6aiMmJlDV15Z6luoazRXk=
-60,211,uj9YsKqPn5wZ6Kw2Q7zjfRAAT1Y=,NoJ9Mk6aiMmJlDV15Z6luoazRXk=
-61,208,uj9YsKqPn5wZ6Kw2Q7zjfRAAT1Y=,NoJ9Mk6aiMmJlDV15Z6luoazRXk=
-61,211,uj9YsKqPn5wZ6Kw2Q7zjfRAAT1Y=,NoJ9Mk6aiMmJlDV15Z6luoazRXk=
-59,209,uj9YsKqPn5wZ6Kw2Q7zjfRAAT1Y=,NoJ9Mk6aiMmJlDV15Z6luoazRXk=
-63,208,uj9YsKqPn5wZ6Kw2Q7zjfRAAT1Y=,NoJ9Mk6aiMmJlDV15Z6luoazRXk=
-60,209,uj9YsKqPn5wZ6Kw2Q7zjfRAAT1Y=,NoJ9Mk6aiMmJlDV15Z6luoazRXk=
-62,211,uj9YsKqPn5wZ6Kw2Q7zjfRAAT1Y=,NoJ9Mk6aiMmJlDV15Z6luoazRXk=
-60,210,uj9YsKqPn5wZ6Kw2Q7zjfRAAT1Y=,NoJ9Mk6aiMmJlDV15Z6luoazRXk=
-60,208,uj9YsKqPn5wZ6Kw2Q7zjfRAAT1Y=,NoJ9Mk6aiMmJlDV15Z6luoazRXk=
-64,208,uj9YsKqPn5wZ6Kw2Q7zjfRAAT1Y=,NoJ9Mk6aiMmJlDV15Z6luoazRXk=
-63,211,uj9YsKqPn5wZ6Kw2Q7zjfRAAT1Y=,NoJ9Mk6aiMmJlDV15Z6luoazRXk=
-61,210,uj9YsKqPn5wZ6Kw2Q7zjfRAAT1Y=,NoJ9Mk6aiMmJlDV15Z6luoazRXk=
-58,222,uj9YsKqPn5wZ6Kw2Q7zjfRAAT1Y=,NoJ9Mk6aiMmJlDV15Z6luoazRXk=
-59,222,uj9YsKqPn5wZ6Kw2Q7zjfRAAT1Y=,NoJ9Mk6aiMmJlDV15Z6luoazRXk=
-60,222,uj9YsKqPn5wZ6Kw2Q7zjfRAAT1Y=,NoJ9Mk6aiMmJlDV15Z6luoazRXk=
-61,222,uj9YsKqPn5wZ6Kw2Q7zjfRAAT1Y=,NoJ9Mk6aiMmJlDV15Z6luoazRXk=
-62,222,uj9YsKqPn5wZ6Kw2Q7zjfRAAT1Y=,NoJ9Mk6aiMmJlDV15Z6luoazRXk=
-63,222,uj9YsKqPn5wZ6Kw2Q7zjfRAAT1Y=,NoJ9Mk6aiMmJlDV15Z6luoazRXk=
-64,222,uj9YsKqPn5wZ6Kw2Q7zjfRAAT1Y=,NoJ9Mk6aiMmJlDV15Z6luoazRXk=
-61,209,uj9YsKqPn5wZ6Kw2Q7zjfRAAT1Y=,NoJ9Mk6aiMmJlDV15Z6luoazRXk=
-62,210,uj9YsKqPn5wZ6Kw2Q7zjfRAAT1Y=,NoJ9Mk6aiMmJlDV15Z6luoazRXk=
-60,221,uj9YsKqPn5wZ6Kw2Q7zjfRAAT1Y=,NoJ9Mk6aiMmJlDV15Z6luoazRXk=
-61,221,uj9YsKqPn5wZ6Kw2Q7zjfRAAT1Y=,NoJ9Mk6aiMmJlDV15Z6luoazRXk=
-62,221,uj9YsKqPn5wZ6Kw2Q7zjfRAAT1Y=,NoJ9Mk6aiMmJlDV15Z6luoazRXk=
-63,221,uj9YsKqPn5wZ6Kw2Q7zjfRAAT1Y=,NoJ9Mk6aiMmJlDV15Z6luoazRXk=
-64,221,uj9YsKqPn5wZ6Kw2Q7zjfRAAT1Y=,NoJ9Mk6aiMmJlDV15Z6luoazRXk=
-62,209,uj9YsKqPn5wZ6Kw2Q7zjfRAAT1Y=,NoJ9Mk6aiMmJlDV15Z6luoazRXk=
-63,210,uj9YsKqPn5wZ6Kw2Q7zjfRAAT1Y=,NoJ9Mk6aiMmJlDV15Z6luoazRXk=
-59,220,uj9YsKqPn5wZ6Kw2Q7zjfRAAT1Y=,NoJ9Mk6aiMmJlDV15Z6luoazRXk=
-58,220,uj9YsKqPn5wZ6Kw2Q7zjfRAAT1Y=,NoJ9Mk6aiMmJlDV15Z6luoazRXk=
-60,220,uj9YsKqPn5wZ6Kw2Q7zjfRAAT1Y=,NoJ9Mk6aiMmJlDV15Z6luoazRXk=
-61,220,uj9YsKqPn5wZ6Kw2Q7zjfRAAT1Y=,NoJ9Mk6aiMmJlDV15Z6luoazRXk=
-62,220,uj9YsKqPn5wZ6Kw2Q7zjfRAAT1Y=,NoJ9Mk6aiMmJlDV15Z6luoazRXk=
-63,220,uj9YsKqPn5wZ6Kw2Q7zjfRAAT1Y=,NoJ9Mk6aiMmJlDV15Z6luoazRXk=
-64,220,uj9YsKqPn5wZ6Kw2Q7zjfRAAT1Y=,NoJ9Mk6aiMmJlDV15Z6luoazRXk=
-63,209,uj9YsKqPn5wZ6Kw2Q7zjfRAAT1Y=,NoJ9Mk6aiMmJlDV15Z6luoazRXk=
-64,209,uj9YsKqPn5wZ6Kw2Q7zjfRAAT1Y=,NoJ9Mk6aiMmJlDV15Z6luoazRXk=
-62,208,uj9YsKqPn5wZ6Kw2Q7zjfRAAT1Y=,NoJ9Mk6aiMmJlDV15Z6luoazRXk=
-64,211,uj9YsKqPn5wZ6Kw2Q7zjfRAAT1Y=,NoJ9Mk6aiMmJlDV15Z6luoazRXk=
-64,210,uj9YsKqPn5wZ6Kw2Q7zjfRAAT1Y=,NoJ9Mk6aiMmJlDV15Z6luoazRXk=
-50,208,uj9YsKqPn5wZ6Kw2Q7zjfRAAT1Y=,NoJ9Mk6aiMmJlDV15Z6luoazRXk=
-50,209,uj9YsKqPn5wZ6Kw2Q7zjfRAAT1Y=,NoJ9Mk6aiMmJlDV15Z6luoazRXk=
-58,219,uj9YsKqPn5wZ6Kw2Q7zjfRAAT1Y=,NoJ9Mk6aiMmJlDV15Z6luoazRXk=
-59,219,uj9YsKqPn5wZ6Kw2Q7zjfRAAT1Y=,NoJ9Mk6aiMmJlDV15Z6luoazRXk=
-60,219,uj9YsKqPn5wZ6Kw2Q7zjfRAAT1Y=,NoJ9Mk6aiMmJlDV15Z6luoazRXk=
-61,219,uj9YsKqPn5wZ6Kw2Q7zjfRAAT1Y=,NoJ9Mk6aiMmJlDV15Z6luoazRXk=
-62,219,uj9YsKqPn5wZ6Kw2Q7zjfRAAT1Y=,NoJ9Mk6aiMmJlDV15Z6luoazRXk=
-63,219,uj9YsKqPn5wZ6Kw2Q7zjfRAAT1Y=,NoJ9Mk6aiMmJlDV15Z6luoazRXk=
-50,210,uj9YsKqPn5wZ6Kw2Q7zjfRAAT1Y=,NoJ9Mk6aiMmJlDV15Z6luoazRXk=
-64,219,uj9YsKqPn5wZ6Kw2Q7zjfRAAT1Y=,NoJ9Mk6aiMmJlDV15Z6luoazRXk=
-51,208,uj9YsKqPn5wZ6Kw2Q7zjfRAAT1Y=,NoJ9Mk6aiMmJlDV15Z6luoazRXk=
-51,209,uj9YsKqPn5wZ6Kw2Q7zjfRAAT1Y=,NoJ9Mk6aiMmJlDV15Z6luoazRXk=
-59,218,uj9YsKqPn5wZ6Kw2Q7zjfRAAT1Y=,NoJ9Mk6aiMmJlDV15Z6luoazRXk=
-60,218,uj9YsKqPn5wZ6Kw2Q7zjfRAAT1Y=,NoJ9Mk6aiMmJlDV15Z6luoazRXk=
-61,218,uj9YsKqPn5wZ6Kw2Q7zjfRAAT1Y=,NoJ9Mk6aiMmJlDV15Z6luoazRXk=
-62,218,uj9YsKqPn5wZ6Kw2Q7zjfRAAT1Y=,NoJ9Mk6aiMmJlDV15Z6luoazRXk=
-63,218,uj9YsKqPn5wZ6Kw2Q7zjfRAAT1Y=,NoJ9Mk6aiMmJlDV15Z6luoazRXk=
-58,218,uj9YsKqPn5wZ6Kw2Q7zjfRAAT1Y=,NoJ9Mk6aiMmJlDV15Z6luoazRXk=
-51,210,uj9YsKqPn5wZ6Kw2Q7zjfRAAT1Y=,NoJ9Mk6aiMmJlDV15Z6luoazRXk=
-64,218,uj9YsKqPn5wZ6Kw2Q7zjfRAAT1Y=,NoJ9Mk6aiMmJlDV15Z6luoazRXk=
-52,208,uj9YsKqPn5wZ6Kw2Q7zjfRAAT1Y=,NoJ9Mk6aiMmJlDV15Z6luoazRXk=
-52,209,uj9YsKqPn5wZ6Kw2Q7zjfRAAT1Y=,NoJ9Mk6aiMmJlDV15Z6luoazRXk=
-58,217,uj9YsKqPn5wZ6Kw2Q7zjfRAAT1Y=,NoJ9Mk6aiMmJlDV15Z6luoazRXk=
-59,217,uj9YsKqPn5wZ6Kw2Q7zjfRAAT1Y=,NoJ9Mk6aiMmJlDV15Z6luoazRXk=
-60,217,uj9YsKqPn5wZ6Kw2Q7zjfRAAT1Y=,NoJ9Mk6aiMmJlDV15Z6luoazRXk=
-61,217,uj9YsKqPn5wZ6Kw2Q7zjfRAAT1Y=,NoJ9Mk6aiMmJlDV15Z6luoazRXk=
-62,217,uj9YsKqPn5wZ6Kw2Q7zjfRAAT1Y=,NoJ9Mk6aiMmJlDV15Z6luoazRXk=
-63,217,uj9YsKqPn5wZ6Kw2Q7zjfRAAT1Y=,NoJ9Mk6aiMmJlDV15Z6luoazRXk=
-52,210,uj9YsKqPn5wZ6Kw2Q7zjfRAAT1Y=,NoJ9Mk6aiMmJlDV15Z6luoazRXk=
-64,217,uj9YsKqPn5wZ6Kw2Q7zjfRAAT1Y=,NoJ9Mk6aiMmJlDV15Z6luoazRXk=
-53,208,uj9YsKqPn5wZ6Kw2Q7zjfRAAT1Y=,NoJ9Mk6aiMmJlDV15Z6luoazRXk=
-53,216,uj9YsKqPn5wZ6Kw2Q7zjfRAAT1Y=,NoJ9Mk6aiMmJlDV15Z6luoazRXk=
-53,209,uj9YsKqPn5wZ6Kw2Q7zjfRAAT1Y=,NoJ9Mk6aiMmJlDV15Z6luoazRXk=
-54,216,uj9YsKqPn5wZ6Kw2Q7zjfRAAT1Y=,NoJ9Mk6aiMmJlDV15Z6luoazRXk=
-55,216,uj9YsKqPn5wZ6Kw2Q7zjfRAAT1Y=,NoJ9Mk6aiMmJlDV15Z6luoazRXk=
-56,216,uj9YsKqPn5wZ6Kw2Q7zjfRAAT1Y=,NoJ9Mk6aiMmJlDV15Z6luoazRXk=
-57,216,uj9YsKqPn5wZ6Kw2Q7zjfRAAT1Y=,NoJ9Mk6aiMmJlDV15Z6luoazRXk=
-58,216,uj9YsKqPn5wZ6Kw2Q7zjfRAAT1Y=,NoJ9Mk6aiMmJlDV15Z6luoazRXk=
-59,216,uj9YsKqPn5wZ6Kw2Q7zjfRAAT1Y=,NoJ9Mk6aiMmJlDV15Z6luoazRXk=
-60,216,uj9YsKqPn5wZ6Kw2Q7zjfRAAT1Y=,NoJ9Mk6aiMmJlDV15Z6luoazRXk=
-61,216,uj9YsKqPn5wZ6Kw2Q7zjfRAAT1Y=,NoJ9Mk6aiMmJlDV15Z6luoazRXk=
-62,216,uj9YsKqPn5wZ6Kw2Q7zjfRAAT1Y=,NoJ9Mk6aiMmJlDV15Z6luoazRXk=
-63,216,uj9YsKqPn5wZ6Kw2Q7zjfRAAT1Y=,NoJ9Mk6aiMmJlDV15Z6luoazRXk=
-64,216,uj9YsKqPn5wZ6Kw2Q7zjfRAAT1Y=,NoJ9Mk6aiMmJlDV15Z6luoazRXk=
-53,210,uj9YsKqPn5wZ6Kw2Q7zjfRAAT1Y=,NoJ9Mk6aiMmJlDV15Z6luoazRXk=
-54,208,uj9YsKqPn5wZ6Kw2Q7zjfRAAT1Y=,NoJ9Mk6aiMmJlDV15Z6luoazRXk=
-54,209,uj9YsKqPn5wZ6Kw2Q7zjfRAAT1Y=,NoJ9Mk6aiMmJlDV15Z6luoazRXk=
-52,215,uj9YsKqPn5wZ6Kw2Q7zjfRAAT1Y=,NoJ9Mk6aiMmJlDV15Z6luoazRXk=
-53,215,uj9YsKqPn5wZ6Kw2Q7zjfRAAT1Y=,NoJ9Mk6aiMmJlDV15Z6luoazRXk=
-54,215,uj9YsKqPn5wZ6Kw2Q7zjfRAAT1Y=,NoJ9Mk6aiMmJlDV15Z6luoazRXk=
-55,215,uj9YsKqPn5wZ6Kw2Q7zjfRAAT1Y=,NoJ9Mk6aiMmJlDV15Z6luoazRXk=
-56,215,uj9YsKqPn5wZ6Kw2Q7zjfRAAT1Y=,NoJ9Mk6aiMmJlDV15Z6luoazRXk=
-57,215,uj9YsKqPn5wZ6Kw2Q7zjfRAAT1Y=,NoJ9Mk6aiMmJlDV15Z6luoazRXk=
-58,215,uj9YsKqPn5wZ6Kw2Q7zjfRAAT1Y=,NoJ9Mk6aiMmJlDV15Z6luoazRXk=
-59,215,uj9YsKqPn5wZ6Kw2Q7zjfRAAT1Y=,NoJ9Mk6aiMmJlDV15Z6luoazRXk=
-60,215,uj9YsKqPn5wZ6Kw2Q7zjfRAAT1Y=,NoJ9Mk6aiMmJlDV15Z6luoazRXk=
-61,215,uj9YsKqPn5wZ6Kw2Q7zjfRAAT1Y=,NoJ9Mk6aiMmJlDV15Z6luoazRXk=
-62,215,uj9YsKqPn5wZ6Kw2Q7zjfRAAT1Y=,NoJ9Mk6aiMmJlDV15Z6luoazRXk=
-63,215,uj9YsKqPn5wZ6Kw2Q7zjfRAAT1Y=,NoJ9Mk6aiMmJlDV15Z6luoazRXk=
-64,215,uj9YsKqPn5wZ6Kw2Q7zjfRAAT1Y=,NoJ9Mk6aiMmJlDV15Z6luoazRXk=
-54,210,uj9YsKqPn5wZ6Kw2Q7zjfRAAT1Y=,NoJ9Mk6aiMmJlDV15Z6luoazRXk=
-55,208,uj9YsKqPn5wZ6Kw2Q7zjfRAAT1Y=,NoJ9Mk6aiMmJlDV15Z6luoazRXk=
-55,209,uj9YsKqPn5wZ6Kw2Q7zjfRAAT1Y=,NoJ9Mk6aiMmJlDV15Z6luoazRXk=
-52,214,uj9YsKqPn5wZ6Kw2Q7zjfRAAT1Y=,NoJ9Mk6aiMmJlDV15Z6luoazRXk=
-53,214,uj9YsKqPn5wZ6Kw2Q7zjfRAAT1Y=,NoJ9Mk6aiMmJlDV15Z6luoazRXk=
-54,214,uj9YsKqPn5wZ6Kw2Q7zjfRAAT1Y=,NoJ9Mk6aiMmJlDV15Z6luoazRXk=
-56,214,uj9YsKqPn5wZ6Kw2Q7zjfRAAT1Y=,NoJ9Mk6aiMmJlDV15Z6luoazRXk=
-57,214,uj9YsKqPn5wZ6Kw2Q7zjfRAAT1Y=,NoJ9Mk6aiMmJlDV15Z6luoazRXk=
-51,214,uj9YsKqPn5wZ6Kw2Q7zjfRAAT1Y=,NoJ9Mk6aiMmJlDV15Z6luoazRXk=
-58,214,uj9YsKqPn5wZ6Kw2Q7zjfRAAT1Y=,NoJ9Mk6aiMmJlDV15Z6luoazRXk=
-59,214,uj9YsKqPn5wZ6Kw2Q7zjfRAAT1Y=,NoJ9Mk6aiMmJlDV15Z6luoazRXk=
-61,214,uj9YsKqPn5wZ6Kw2Q7zjfRAAT1Y=,NoJ9Mk6aiMmJlDV15Z6luoazRXk=
-60,214,uj9YsKqPn5wZ6Kw2Q7zjfRAAT1Y=,NoJ9Mk6aiMmJlDV15Z6luoazRXk=
-62,214,uj9YsKqPn5wZ6Kw2Q7zjfRAAT1Y=,NoJ9Mk6aiMmJlDV15Z6luoazRXk=
-63,214,uj9YsKqPn5wZ6Kw2Q7zjfRAAT1Y=,NoJ9Mk6aiMmJlDV15Z6luoazRXk=
-64,214,uj9YsKqPn5wZ6Kw2Q7zjfRAAT1Y=,NoJ9Mk6aiMmJlDV15Z6luoazRXk=
-55,210,uj9YsKqPn5wZ6Kw2Q7zjfRAAT1Y=,NoJ9Mk6aiMmJlDV15Z6luoazRXk=
-56,208,uj9YsKqPn5wZ6Kw2Q7zjfRAAT1Y=,NoJ9Mk6aiMmJlDV15Z6luoazRXk=
-50,213,uj9YsKqPn5wZ6Kw2Q7zjfRAAT1Y=,NoJ9Mk6aiMmJlDV15Z6luoazRXk=
-56,209,uj9YsKqPn5wZ6Kw2Q7zjfRAAT1Y=,NoJ9Mk6aiMmJlDV15Z6luoazRXk=
-51,213,uj9YsKqPn5wZ6Kw2Q7zjfRAAT1Y=,NoJ9Mk6aiMmJlDV15Z6luoazRXk=
-52,213,uj9YsKqPn5wZ6Kw2Q7zjfRAAT1Y=,NoJ9Mk6aiMmJlDV15Z6luoazRXk=
-53,213,uj9YsKqPn5wZ6Kw2Q7zjfRAAT1Y=,NoJ9Mk6aiMmJlDV15Z6luoazRXk=
-54,213,uj9YsKqPn5wZ6Kw2Q7zjfRAAT1Y=,NoJ9Mk6aiMmJlDV15Z6luoazRXk=
-55,213,uj9YsKqPn5wZ6Kw2Q7zjfRAAT1Y=,NoJ9Mk6aiMmJlDV15Z6luoazRXk=
-56,213,uj9YsKqPn5wZ6Kw2Q7zjfRAAT1Y=,NoJ9Mk6aiMmJlDV15Z6luoazRXk=
-57,213,uj9YsKqPn5wZ6Kw2Q7zjfRAAT1Y=,NoJ9Mk6aiMmJlDV15Z6luoazRXk=
-59,213,uj9YsKqPn5wZ6Kw2Q7zjfRAAT1Y=,NoJ9Mk6aiMmJlDV15Z6luoazRXk=
-58,213,uj9YsKqPn5wZ6Kw2Q7zjfRAAT1Y=,NoJ9Mk6aiMmJlDV15Z6luoazRXk=
-60,213,uj9YsKqPn5wZ6Kw2Q7zjfRAAT1Y=,NoJ9Mk6aiMmJlDV15Z6luoazRXk=
-62,213,uj9YsKqPn5wZ6Kw2Q7zjfRAAT1Y=,NoJ9Mk6aiMmJlDV15Z6luoazRXk=
-61,213,uj9YsKqPn5wZ6Kw2Q7zjfRAAT1Y=,NoJ9Mk6aiMmJlDV15Z6luoazRXk=
-63,213,uj9YsKqPn5wZ6Kw2Q7zjfRAAT1Y=,NoJ9Mk6aiMmJlDV15Z6luoazRXk=
-56,210,uj9YsKqPn5wZ6Kw2Q7zjfRAAT1Y=,NoJ9Mk6aiMmJlDV15Z6luoazRXk=
-64,213,uj9YsKqPn5wZ6Kw2Q7zjfRAAT1Y=,NoJ9Mk6aiMmJlDV15Z6luoazRXk=
-57,208,uj9YsKqPn5wZ6Kw2Q7zjfRAAT1Y=,NoJ9Mk6aiMmJlDV15Z6luoazRXk=
-57,209,uj9YsKqPn5wZ6Kw2Q7zjfRAAT1Y=,NoJ9Mk6aiMmJlDV15Z6luoazRXk=
-50,212,uj9YsKqPn5wZ6Kw2Q7zjfRAAT1Y=,NoJ9Mk6aiMmJlDV15Z6luoazRXk=
-51,212,uj9YsKqPn5wZ6Kw2Q7zjfRAAT1Y=,NoJ9Mk6aiMmJlDV15Z6luoazRXk=
-52,212,uj9YsKqPn5wZ6Kw2Q7zjfRAAT1Y=,NoJ9Mk6aiMmJlDV15Z6luoazRXk=
-53,212,uj9YsKqPn5wZ6Kw2Q7zjfRAAT1Y=,NoJ9Mk6aiMmJlDV15Z6luoazRXk=
-54,212,uj9YsKqPn5wZ6Kw2Q7zjfRAAT1Y=,NoJ9Mk6aiMmJlDV15Z6luoazRXk=
-55,212,uj9YsKqPn5wZ6Kw2Q7zjfRAAT1Y=,NoJ9Mk6aiMmJlDV15Z6luoazRXk=
-56,212,uj9YsKqPn5wZ6Kw2Q7zjfRAAT1Y=,NoJ9Mk6aiMmJlDV15Z6luoazRXk=
-57,212,uj9YsKqPn5wZ6Kw2Q7zjfRAAT1Y=,NoJ9Mk6aiMmJlDV15Z6luoazRXk=
-58,212,uj9YsKqPn5wZ6Kw2Q7zjfRAAT1Y=,NoJ9Mk6aiMmJlDV15Z6luoazRXk=
-59,212,uj9YsKqPn5wZ6Kw2Q7zjfRAAT1Y=,NoJ9Mk6aiMmJlDV15Z6luoazRXk=
-60,212,uj9YsKqPn5wZ6Kw2Q7zjfRAAT1Y=,NoJ9Mk6aiMmJlDV15Z6luoazRXk=
-61,212,uj9YsKqPn5wZ6Kw2Q7zjfRAAT1Y=,NoJ9Mk6aiMmJlDV15Z6luoazRXk=
-62,212,uj9YsKqPn5wZ6Kw2Q7zjfRAAT1Y=,NoJ9Mk6aiMmJlDV15Z6luoazRXk=
-63,212,uj9YsKqPn5wZ6Kw2Q7zjfRAAT1Y=,NoJ9Mk6aiMmJlDV15Z6luoazRXk=
-57,210,uj9YsKqPn5wZ6Kw2Q7zjfRAAT1Y=,NoJ9Mk6aiMmJlDV15Z6luoazRXk=
-64,212,uj9YsKqPn5wZ6Kw2Q7zjfRAAT1Y=,NoJ9Mk6aiMmJlDV15Z6luoazRXk=
-58,208,uj9YsKqPn5wZ6Kw2Q7zjfRAAT1Y=,NoJ9Mk6aiMmJlDV15Z6luoazRXk=
-58,209,uj9YsKqPn5wZ6Kw2Q7zjfRAAT1Y=,NoJ9Mk6aiMmJlDV15Z6luoazRXk=
-50,211,uj9YsKqPn5wZ6Kw2Q7zjfRAAT1Y=,NoJ9Mk6aiMmJlDV15Z6luoazRXk=
-51,211,uj9YsKqPn5wZ6Kw2Q7zjfRAAT1Y=,NoJ9Mk6aiMmJlDV15Z6luoazRXk=
-52,211,uj9YsKqPn5wZ6Kw2Q7zjfRAAT1Y=,NoJ9Mk6aiMmJlDV15Z6luoazRXk=
-53,211,uj9YsKqPn5wZ6Kw2Q7zjfRAAT1Y=,NoJ9Mk6aiMmJlDV15Z6luoazRXk=
-54,211,uj9YsKqPn5wZ6Kw2Q7zjfRAAT1Y=,NoJ9Mk6aiMmJlDV15Z6luoazRXk=
-55,211,uj9YsKqPn5wZ6Kw2Q7zjfRAAT1Y=,NoJ9Mk6aiMmJlDV15Z6luoazRXk=
-56,211,uj9YsKqPn5wZ6Kw2Q7zjfRAAT1Y=,NoJ9Mk6aiMmJlDV15Z6luoazRXk=
-64,223,uj9YsKqPn5wZ6Kw2Q7zjfRAAT1Y=,NoJ9Mk6aiMmJlDV15Z6luoazRXk=
-63,223,uj9YsKqPn5wZ6Kw2Q7zjfRAAT1Y=,NoJ9Mk6aiMmJlDV15Z6luoazRXk=
-61,223,uj9YsKqPn5wZ6Kw2Q7zjfRAAT1Y=,NoJ9Mk6aiMmJlDV15Z6luoazRXk=
-62,223,uj9YsKqPn5wZ6Kw2Q7zjfRAAT1Y=,NoJ9Mk6aiMmJlDV15Z6luoazRXk=
-60,223,uj9YsKqPn5wZ6Kw2Q7zjfRAAT1Y=,NoJ9Mk6aiMmJlDV15Z6luoazRXk=
-59,223,uj9YsKqPn5wZ6Kw2Q7zjfRAAT1Y=,NoJ9Mk6aiMmJlDV15Z6luoazRXk=
-58,223,uj9YsKqPn5wZ6Kw2Q7zjfRAAT1Y=,NoJ9Mk6aiMmJlDV15Z6luoazRXk=
-57,223,uj9YsKqPn5wZ6Kw2Q7zjfRAAT1Y=,NoJ9Mk6aiMmJlDV15Z6luoazRXk=
-57,222,uj9YsKqPn5wZ6Kw2Q7zjfRAAT1Y=,NoJ9Mk6aiMmJlDV15Z6luoazRXk=
-57,217,uj9YsKqPn5wZ6Kw2Q7zjfRAAT1Y=,NoJ9Mk6aiMmJlDV15Z6luoazRXk=
-58,221,uj9YsKqPn5wZ6Kw2Q7zjfRAAT1Y=,NoJ9Mk6aiMmJlDV15Z6luoazRXk=
-57,221,uj9YsKqPn5wZ6Kw2Q7zjfRAAT1Y=,NoJ9Mk6aiMmJlDV15Z6luoazRXk=
-57,218,uj9YsKqPn5wZ6Kw2Q7zjfRAAT1Y=,NoJ9Mk6aiMmJlDV15Z6luoazRXk=
-59,221,uj9YsKqPn5wZ6Kw2Q7zjfRAAT1Y=,NoJ9Mk6aiMmJlDV15Z6luoazRXk=
-57,219,uj9YsKqPn5wZ6Kw2Q7zjfRAAT1Y=,NoJ9Mk6aiMmJlDV15Z6luoazRXk=
-57,220,uj9YsKqPn5wZ6Kw2Q7zjfRAAT1Y=,NoJ9Mk6aiMmJlDV15Z6luoazRXk=
-49,211,uj9YsKqPn5wZ6Kw2Q7zjfRAAT1Y=,NoJ9Mk6aiMmJlDV15Z6luoazRXk=
-49,212,uj9YsKqPn5wZ6Kw2Q7zjfRAAT1Y=,NoJ9Mk6aiMmJlDV15Z6luoazRXk=
-49,213,uj9YsKqPn5wZ6Kw2Q7zjfRAAT1Y=,NoJ9Mk6aiMmJlDV15Z6luoazRXk=
-50,223,uj9YsKqPn5wZ6Kw2Q7zjfRAAT1Y=,NoJ9Mk6aiMmJlDV15Z6luoazRXk=
-51,223,uj9YsKqPn5wZ6Kw2Q7zjfRAAT1Y=,NoJ9Mk6aiMmJlDV15Z6luoazRXk=
-49,214,uj9YsKqPn5wZ6Kw2Q7zjfRAAT1Y=,NoJ9Mk6aiMmJlDV15Z6luoazRXk=
-49,223,uj9YsKqPn5wZ6Kw2Q7zjfRAAT1Y=,NoJ9Mk6aiMmJlDV15Z6luoazRXk=
-49,222,uj9YsKqPn5wZ6Kw2Q7zjfRAAT1Y=,NoJ9Mk6aiMmJlDV15Z6luoazRXk=
-52,223,uj9YsKqPn5wZ6Kw2Q7zjfRAAT1Y=,NoJ9Mk6aiMmJlDV15Z6luoazRXk=
-49,215,uj9YsKqPn5wZ6Kw2Q7zjfRAAT1Y=,NoJ9Mk6aiMmJlDV15Z6luoazRXk=
-49,221,uj9YsKqPn5wZ6Kw2Q7zjfRAAT1Y=,NoJ9Mk6aiMmJlDV15Z6luoazRXk=
-50,222,uj9YsKqPn5wZ6Kw2Q7zjfRAAT1Y=,NoJ9Mk6aiMmJlDV15Z6luoazRXk=
-49,216,uj9YsKqPn5wZ6Kw2Q7zjfRAAT1Y=,NoJ9Mk6aiMmJlDV15Z6luoazRXk=
-54,223,uj9YsKqPn5wZ6Kw2Q7zjfRAAT1Y=,NoJ9Mk6aiMmJlDV15Z6luoazRXk=
-53,223,uj9YsKqPn5wZ6Kw2Q7zjfRAAT1Y=,NoJ9Mk6aiMmJlDV15Z6luoazRXk=
-55,223,uj9YsKqPn5wZ6Kw2Q7zjfRAAT1Y=,NoJ9Mk6aiMmJlDV15Z6luoazRXk=
-49,220,uj9YsKqPn5wZ6Kw2Q7zjfRAAT1Y=,NoJ9Mk6aiMmJlDV15Z6luoazRXk=
-49,208,uj9YsKqPn5wZ6Kw2Q7zjfRAAT1Y=,NoJ9Mk6aiMmJlDV15Z6luoazRXk=
-56,223,uj9YsKqPn5wZ6Kw2Q7zjfRAAT1Y=,NoJ9Mk6aiMmJlDV15Z6luoazRXk=
-51,222,uj9YsKqPn5wZ6Kw2Q7zjfRAAT1Y=,NoJ9Mk6aiMmJlDV15Z6luoazRXk=
-49,210,uj9YsKqPn5wZ6Kw2Q7zjfRAAT1Y=,NoJ9Mk6aiMmJlDV15Z6luoazRXk=
-49,209,uj9YsKqPn5wZ6Kw2Q7zjfRAAT1Y=,NoJ9Mk6aiMmJlDV15Z6luoazRXk=
-55,214,uj9YsKqPn5wZ6Kw2Q7zjfRAAT1Y=,NoJ9Mk6aiMmJlDV15Z6luoazRXk=
-50,214,uj9YsKqPn5wZ6Kw2Q7zjfRAAT1Y=,NoJ9Mk6aiMmJlDV15Z6luoazRXk=
-51,215,uj9YsKqPn5wZ6Kw2Q7zjfRAAT1Y=,NoJ9Mk6aiMmJlDV15Z6luoazRXk=
-49,217,uj9YsKqPn5wZ6Kw2Q7zjfRAAT1Y=,NoJ9Mk6aiMmJlDV15Z6luoazRXk=
-50,215,uj9YsKqPn5wZ6Kw2Q7zjfRAAT1Y=,NoJ9Mk6aiMmJlDV15Z6luoazRXk=
-52,216,uj9YsKqPn5wZ6Kw2Q7zjfRAAT1Y=,NoJ9Mk6aiMmJlDV15Z6luoazRXk=
-51,216,uj9YsKqPn5wZ6Kw2Q7zjfRAAT1Y=,NoJ9Mk6aiMmJlDV15Z6luoazRXk=
-55,222,uj9YsKqPn5wZ6Kw2Q7zjfRAAT1Y=,NoJ9Mk6aiMmJlDV15Z6luoazRXk=
-52,222,uj9YsKqPn5wZ6Kw2Q7zjfRAAT1Y=,NoJ9Mk6aiMmJlDV15Z6luoazRXk=
-56,222,uj9YsKqPn5wZ6Kw2Q7zjfRAAT1Y=,NoJ9Mk6aiMmJlDV15Z6luoazRXk=
-50,221,uj9YsKqPn5wZ6Kw2Q7zjfRAAT1Y=,NoJ9Mk6aiMmJlDV15Z6luoazRXk=
-54,222,uj9YsKqPn5wZ6Kw2Q7zjfRAAT1Y=,NoJ9Mk6aiMmJlDV15Z6luoazRXk=
-50,216,uj9YsKqPn5wZ6Kw2Q7zjfRAAT1Y=,NoJ9Mk6aiMmJlDV15Z6luoazRXk=
-56,217,uj9YsKqPn5wZ6Kw2Q7zjfRAAT1Y=,NoJ9Mk6aiMmJlDV15Z6luoazRXk=
-49,219,uj9YsKqPn5wZ6Kw2Q7zjfRAAT1Y=,NoJ9Mk6aiMmJlDV15Z6luoazRXk=
-54,221,uj9YsKqPn5wZ6Kw2Q7zjfRAAT1Y=,NoJ9Mk6aiMmJlDV15Z6luoazRXk=
-51,221,uj9YsKqPn5wZ6Kw2Q7zjfRAAT1Y=,NoJ9Mk6aiMmJlDV15Z6luoazRXk=
-49,218,uj9YsKqPn5wZ6Kw2Q7zjfRAAT1Y=,NoJ9Mk6aiMmJlDV15Z6luoazRXk=
-55,217,uj9YsKqPn5wZ6Kw2Q7zjfRAAT1Y=,NoJ9Mk6aiMmJlDV15Z6luoazRXk=
-54,217,uj9YsKqPn5wZ6Kw2Q7zjfRAAT1Y=,NoJ9Mk6aiMmJlDV15Z6luoazRXk=
-53,221,uj9YsKqPn5wZ6Kw2Q7zjfRAAT1Y=,NoJ9Mk6aiMmJlDV15Z6luoazRXk=
-53,217,uj9YsKqPn5wZ6Kw2Q7zjfRAAT1Y=,NoJ9Mk6aiMmJlDV15Z6luoazRXk=
-53,222,uj9YsKqPn5wZ6Kw2Q7zjfRAAT1Y=,NoJ9Mk6aiMmJlDV15Z6luoazRXk=
-52,217,uj9YsKqPn5wZ6Kw2Q7zjfRAAT1Y=,NoJ9Mk6aiMmJlDV15Z6luoazRXk=
-56,218,uj9YsKqPn5wZ6Kw2Q7zjfRAAT1Y=,NoJ9Mk6aiMmJlDV15Z6luoazRXk=
-51,217,uj9YsKqPn5wZ6Kw2Q7zjfRAAT1Y=,NoJ9Mk6aiMmJlDV15Z6luoazRXk=
-55,218,uj9YsKqPn5wZ6Kw2Q7zjfRAAT1Y=,NoJ9Mk6aiMmJlDV15Z6luoazRXk=
-52,221,uj9YsKqPn5wZ6Kw2Q7zjfRAAT1Y=,NoJ9Mk6aiMmJlDV15Z6luoazRXk=
-54,218,uj9YsKqPn5wZ6Kw2Q7zjfRAAT1Y=,NoJ9Mk6aiMmJlDV15Z6luoazRXk=
-53,218,uj9YsKqPn5wZ6Kw2Q7zjfRAAT1Y=,NoJ9Mk6aiMmJlDV15Z6luoazRXk=
-50,217,uj9YsKqPn5wZ6Kw2Q7zjfRAAT1Y=,NoJ9Mk6aiMmJlDV15Z6luoazRXk=
-56,219,uj9YsKqPn5wZ6Kw2Q7zjfRAAT1Y=,NoJ9Mk6aiMmJlDV15Z6luoazRXk=
-55,219,uj9YsKqPn5wZ6Kw2Q7zjfRAAT1Y=,NoJ9Mk6aiMmJlDV15Z6luoazRXk=
-52,218,uj9YsKqPn5wZ6Kw2Q7zjfRAAT1Y=,NoJ9Mk6aiMmJlDV15Z6luoazRXk=
-51,218,uj9YsKqPn5wZ6Kw2Q7zjfRAAT1Y=,NoJ9Mk6aiMmJlDV15Z6luoazRXk=
-54,219,uj9YsKqPn5wZ6Kw2Q7zjfRAAT1Y=,NoJ9Mk6aiMmJlDV15Z6luoazRXk=
-53,219,uj9YsKqPn5wZ6Kw2Q7zjfRAAT1Y=,NoJ9Mk6aiMmJlDV15Z6luoazRXk=
-52,219,uj9YsKqPn5wZ6Kw2Q7zjfRAAT1Y=,NoJ9Mk6aiMmJlDV15Z6luoazRXk=
-56,220,uj9YsKqPn5wZ6Kw2Q7zjfRAAT1Y=,NoJ9Mk6aiMmJlDV15Z6luoazRXk=
-50,218,uj9YsKqPn5wZ6Kw2Q7zjfRAAT1Y=,NoJ9Mk6aiMmJlDV15Z6luoazRXk=
-55,220,uj9YsKqPn5wZ6Kw2Q7zjfRAAT1Y=,NoJ9Mk6aiMmJlDV15Z6luoazRXk=
-54,220,uj9YsKqPn5wZ6Kw2Q7zjfRAAT1Y=,NoJ9Mk6aiMmJlDV15Z6luoazRXk=
-53,220,uj9YsKqPn5wZ6Kw2Q7zjfRAAT1Y=,NoJ9Mk6aiMmJlDV15Z6luoazRXk=
-51,219,uj9YsKqPn5wZ6Kw2Q7zjfRAAT1Y=,NoJ9Mk6aiMmJlDV15Z6luoazRXk=
-50,220,uj9YsKqPn5wZ6Kw2Q7zjfRAAT1Y=,NoJ9Mk6aiMmJlDV15Z6luoazRXk=
-56,221,uj9YsKqPn5wZ6Kw2Q7zjfRAAT1Y=,NoJ9Mk6aiMmJlDV15Z6luoazRXk=
-50,219,uj9YsKqPn5wZ6Kw2Q7zjfRAAT1Y=,NoJ9Mk6aiMmJlDV15Z6luoazRXk=
-55,221,uj9YsKqPn5wZ6Kw2Q7zjfRAAT1Y=,NoJ9Mk6aiMmJlDV15Z6luoazRXk=
-52,220,uj9YsKqPn5wZ6Kw2Q7zjfRAAT1Y=,NoJ9Mk6aiMmJlDV15Z6luoazRXk=
-51,220,uj9YsKqPn5wZ6Kw2Q7zjfRAAT1Y=,NoJ9Mk6aiMmJlDV15Z6luoazRXk=
-43,208,ttQRKSOumpDnxa2a40ouPpIYIrc=,uFALwDLokiJcUJxr26nOrcSOabo=
-45,208,ttQRKSOumpDnxa2a40ouPpIYIrc=,uFALwDLokiJcUJxr26nOrcSOabo=
-45,211,ttQRKSOumpDnxa2a40ouPpIYIrc=,uFALwDLokiJcUJxr26nOrcSOabo=
-39,211,ttQRKSOumpDnxa2a40ouPpIYIrc=,uFALwDLokiJcUJxr26nOrcSOabo=
-42,211,ttQRKSOumpDnxa2a40ouPpIYIrc=,uFALwDLokiJcUJxr26nOrcSOabo=
-42,210,ttQRKSOumpDnxa2a40ouPpIYIrc=,uFALwDLokiJcUJxr26nOrcSOabo=
-43,209,ttQRKSOumpDnxa2a40ouPpIYIrc=,uFALwDLokiJcUJxr26nOrcSOabo=
-43,210,/bVnxAt0UJx9cUZLDzbXSPxO1VI=,uFALwDLokiJcUJxr26nOrcSOabo=
-38,211,/bVnxAt0UJx9cUZLDzbXSPxO1VI=,uFALwDLokiJcUJxr26nOrcSOabo=
-43,211,QZ2Oh+tChv/Pz2TsY+5fDNan0Jg=,uFALwDLokiJcUJxr26nOrcSOabo=
-44,209,QZ2Oh+tChv/Pz2TsY+5fDNan0Jg=,uFALwDLokiJcUJxr26nOrcSOabo=
-44,211,QZ2Oh+tChv/Pz2TsY+5fDNan0Jg=,uFALwDLokiJcUJxr26nOrcSOabo=
-41,211,QZ2Oh+tChv/Pz2TsY+5fDNan0Jg=,uFALwDLokiJcUJxr26nOrcSOabo=
-47,208,QZ2Oh+tChv/Pz2TsY+5fDNan0Jg=,uFALwDLokiJcUJxr26nOrcSOabo=
-37,211,QZ2Oh+tChv/Pz2TsY+5fDNan0Jg=,uFALwDLokiJcUJxr26nOrcSOabo=
-46,211,QZ2Oh+tChv/Pz2TsY+5fDNan0Jg=,uFALwDLokiJcUJxr26nOrcSOabo=
-44,210,QZ2Oh+tChv/Pz2TsY+5fDNan0Jg=,uFALwDLokiJcUJxr26nOrcSOabo=
-40,211,QZ2Oh+tChv/Pz2TsY+5fDNan0Jg=,uFALwDLokiJcUJxr26nOrcSOabo=
-36,211,QZ2Oh+tChv/Pz2TsY+5fDNan0Jg=,uFALwDLokiJcUJxr26nOrcSOabo=
-33,223,F/hTXrqFqdZP46zUnOH7J4soD5g=,uFALwDLokiJcUJxr26nOrcSOabo=
-35,223,F/hTXrqFqdZP46zUnOH7J4soD5g=,uFALwDLokiJcUJxr26nOrcSOabo=
-35,211,F/hTXrqFqdZP46zUnOH7J4soD5g=,uFALwDLokiJcUJxr26nOrcSOabo=
-34,223,F/hTXrqFqdZP46zUnOH7J4soD5g=,uFALwDLokiJcUJxr26nOrcSOabo=
-42,209,F/hTXrqFqdZP46zUnOH7J4soD5g=,uFALwDLokiJcUJxr26nOrcSOabo=
-41,223,F/hTXrqFqdZP46zUnOH7J4soD5g=,uFALwDLokiJcUJxr26nOrcSOabo=
-40,223,F/hTXrqFqdZP46zUnOH7J4soD5g=,uFALwDLokiJcUJxr26nOrcSOabo=
-33,211,F/hTXrqFqdZP46zUnOH7J4soD5g=,uFALwDLokiJcUJxr26nOrcSOabo=
-36,223,F/hTXrqFqdZP46zUnOH7J4soD5g=,uFALwDLokiJcUJxr26nOrcSOabo=
-38,223,F/hTXrqFqdZP46zUnOH7J4soD5g=,uFALwDLokiJcUJxr26nOrcSOabo=
-37,223,F/hTXrqFqdZP46zUnOH7J4soD5g=,uFALwDLokiJcUJxr26nOrcSOabo=
-34,211,F/hTXrqFqdZP46zUnOH7J4soD5g=,uFALwDLokiJcUJxr26nOrcSOabo=
-41,210,F/hTXrqFqdZP46zUnOH7J4soD5g=,uFALwDLokiJcUJxr26nOrcSOabo=
-42,223,F/hTXrqFqdZP46zUnOH7J4soD5g=,uFALwDLokiJcUJxr26nOrcSOabo=
-44,223,F/hTXrqFqdZP46zUnOH7J4soD5g=,uFALwDLokiJcUJxr26nOrcSOabo=
-47,223,F/hTXrqFqdZP46zUnOH7J4soD5g=,uFALwDLokiJcUJxr26nOrcSOabo=
-43,223,F/hTXrqFqdZP46zUnOH7J4soD5g=,uFALwDLokiJcUJxr26nOrcSOabo=
-42,208,F/hTXrqFqdZP46zUnOH7J4soD5g=,uFALwDLokiJcUJxr26nOrcSOabo=
-48,212,F/hTXrqFqdZP46zUnOH7J4soD5g=,uFALwDLokiJcUJxr26nOrcSOabo=
-39,223,F/hTXrqFqdZP46zUnOH7J4soD5g=,uFALwDLokiJcUJxr26nOrcSOabo=
-47,212,F/hTXrqFqdZP46zUnOH7J4soD5g=,uFALwDLokiJcUJxr26nOrcSOabo=
-46,212,F/hTXrqFqdZP46zUnOH7J4soD5g=,uFALwDLokiJcUJxr26nOrcSOabo=
-45,223,F/hTXrqFqdZP46zUnOH7J4soD5g=,uFALwDLokiJcUJxr26nOrcSOabo=
-45,212,F/hTXrqFqdZP46zUnOH7J4soD5g=,uFALwDLokiJcUJxr26nOrcSOabo=
-44,212,F/hTXrqFqdZP46zUnOH7J4soD5g=,uFALwDLokiJcUJxr26nOrcSOabo=
-43,212,F/hTXrqFqdZP46zUnOH7J4soD5g=,uFALwDLokiJcUJxr26nOrcSOabo=
-42,212,F/hTXrqFqdZP46zUnOH7J4soD5g=,uFALwDLokiJcUJxr26nOrcSOabo=
-41,212,F/hTXrqFqdZP46zUnOH7J4soD5g=,uFALwDLokiJcUJxr26nOrcSOabo=
-46,223,F/hTXrqFqdZP46zUnOH7J4soD5g=,uFALwDLokiJcUJxr26nOrcSOabo=
-40,212,F/hTXrqFqdZP46zUnOH7J4soD5g=,uFALwDLokiJcUJxr26nOrcSOabo=
-41,209,F/hTXrqFqdZP46zUnOH7J4soD5g=,uFALwDLokiJcUJxr26nOrcSOabo=
-39,212,F/hTXrqFqdZP46zUnOH7J4soD5g=,uFALwDLokiJcUJxr26nOrcSOabo=
-41,208,F/hTXrqFqdZP46zUnOH7J4soD5g=,uFALwDLokiJcUJxr26nOrcSOabo=
-40,210,F/hTXrqFqdZP46zUnOH7J4soD5g=,uFALwDLokiJcUJxr26nOrcSOabo=
-48,213,F/hTXrqFqdZP46zUnOH7J4soD5g=,uFALwDLokiJcUJxr26nOrcSOabo=
-47,213,F/hTXrqFqdZP46zUnOH7J4soD5g=,uFALwDLokiJcUJxr26nOrcSOabo=
-45,213,F/hTXrqFqdZP46zUnOH7J4soD5g=,uFALwDLokiJcUJxr26nOrcSOabo=
-38,212,F/hTXrqFqdZP46zUnOH7J4soD5g=,uFALwDLokiJcUJxr26nOrcSOabo=
-46,213,F/hTXrqFqdZP46zUnOH7J4soD5g=,uFALwDLokiJcUJxr26nOrcSOabo=
-44,213,F/hTXrqFqdZP46zUnOH7J4soD5g=,uFALwDLokiJcUJxr26nOrcSOabo=
-37,212,F/hTXrqFqdZP46zUnOH7J4soD5g=,uFALwDLokiJcUJxr26nOrcSOabo=
-33,212,F/hTXrqFqdZP46zUnOH7J4soD5g=,uFALwDLokiJcUJxr26nOrcSOabo=
-34,212,F/hTXrqFqdZP46zUnOH7J4soD5g=,uFALwDLokiJcUJxr26nOrcSOabo=
-35,212,F/hTXrqFqdZP46zUnOH7J4soD5g=,uFALwDLokiJcUJxr26nOrcSOabo=
-36,212,F/hTXrqFqdZP46zUnOH7J4soD5g=,uFALwDLokiJcUJxr26nOrcSOabo=
-43,213,F/hTXrqFqdZP46zUnOH7J4soD5g=,uFALwDLokiJcUJxr26nOrcSOabo=
-37,213,F/hTXrqFqdZP46zUnOH7J4soD5g=,uFALwDLokiJcUJxr26nOrcSOabo=
-40,209,F/hTXrqFqdZP46zUnOH7J4soD5g=,uFALwDLokiJcUJxr26nOrcSOabo=
-42,213,F/hTXrqFqdZP46zUnOH7J4soD5g=,uFALwDLokiJcUJxr26nOrcSOabo=
-39,210,F/hTXrqFqdZP46zUnOH7J4soD5g=,uFALwDLokiJcUJxr26nOrcSOabo=
-41,213,F/hTXrqFqdZP46zUnOH7J4soD5g=,uFALwDLokiJcUJxr26nOrcSOabo=
-40,208,F/hTXrqFqdZP46zUnOH7J4soD5g=,uFALwDLokiJcUJxr26nOrcSOabo=
-48,214,F/hTXrqFqdZP46zUnOH7J4soD5g=,uFALwDLokiJcUJxr26nOrcSOabo=
-38,213,F/hTXrqFqdZP46zUnOH7J4soD5g=,uFALwDLokiJcUJxr26nOrcSOabo=
-36,213,F/hTXrqFqdZP46zUnOH7J4soD5g=,uFALwDLokiJcUJxr26nOrcSOabo=
-40,213,F/hTXrqFqdZP46zUnOH7J4soD5g=,uFALwDLokiJcUJxr26nOrcSOabo=
-35,213,F/hTXrqFqdZP46zUnOH7J4soD5g=,uFALwDLokiJcUJxr26nOrcSOabo=
-39,213,F/hTXrqFqdZP46zUnOH7J4soD5g=,uFALwDLokiJcUJxr26nOrcSOabo=
-47,214,F/hTXrqFqdZP46zUnOH7J4soD5g=,uFALwDLokiJcUJxr26nOrcSOabo=
-34,213,F/hTXrqFqdZP46zUnOH7J4soD5g=,uFALwDLokiJcUJxr26nOrcSOabo=
-46,214,F/hTXrqFqdZP46zUnOH7J4soD5g=,uFALwDLokiJcUJxr26nOrcSOabo=
-45,214,F/hTXrqFqdZP46zUnOH7J4soD5g=,uFALwDLokiJcUJxr26nOrcSOabo=
-44,214,F/hTXrqFqdZP46zUnOH7J4soD5g=,uFALwDLokiJcUJxr26nOrcSOabo=
-33,213,F/hTXrqFqdZP46zUnOH7J4soD5g=,uFALwDLokiJcUJxr26nOrcSOabo=
-40,214,F/hTXrqFqdZP46zUnOH7J4soD5g=,uFALwDLokiJcUJxr26nOrcSOabo=
-43,214,F/hTXrqFqdZP46zUnOH7J4soD5g=,uFALwDLokiJcUJxr26nOrcSOabo=
-41,214,F/hTXrqFqdZP46zUnOH7J4soD5g=,uFALwDLokiJcUJxr26nOrcSOabo=
-39,209,F/hTXrqFqdZP46zUnOH7J4soD5g=,uFALwDLokiJcUJxr26nOrcSOabo=
-38,214,F/hTXrqFqdZP46zUnOH7J4soD5g=,uFALwDLokiJcUJxr26nOrcSOabo=
-39,214,F/hTXrqFqdZP46zUnOH7J4soD5g=,uFALwDLokiJcUJxr26nOrcSOabo=
-39,208,F/hTXrqFqdZP46zUnOH7J4soD5g=,uFALwDLokiJcUJxr26nOrcSOabo=
-38,210,F/hTXrqFqdZP46zUnOH7J4soD5g=,uFALwDLokiJcUJxr26nOrcSOabo=
-42,214,F/hTXrqFqdZP46zUnOH7J4soD5g=,uFALwDLokiJcUJxr26nOrcSOabo=
-35,214,F/hTXrqFqdZP46zUnOH7J4soD5g=,uFALwDLokiJcUJxr26nOrcSOabo=
-34,214,F/hTXrqFqdZP46zUnOH7J4soD5g=,uFALwDLokiJcUJxr26nOrcSOabo=
-33,214,F/hTXrqFqdZP46zUnOH7J4soD5g=,uFALwDLokiJcUJxr26nOrcSOabo=
-48,215,F/hTXrqFqdZP46zUnOH7J4soD5g=,uFALwDLokiJcUJxr26nOrcSOabo=
-37,214,F/hTXrqFqdZP46zUnOH7J4soD5g=,uFALwDLokiJcUJxr26nOrcSOabo=
-41,215,F/hTXrqFqdZP46zUnOH7J4soD5g=,uFALwDLokiJcUJxr26nOrcSOabo=
-40,215,F/hTXrqFqdZP46zUnOH7J4soD5g=,uFALwDLokiJcUJxr26nOrcSOabo=
-39,215,F/hTXrqFqdZP46zUnOH7J4soD5g=,uFALwDLokiJcUJxr26nOrcSOabo=
-38,215,F/hTXrqFqdZP46zUnOH7J4soD5g=,uFALwDLokiJcUJxr26nOrcSOabo=
-42,215,F/hTXrqFqdZP46zUnOH7J4soD5g=,uFALwDLokiJcUJxr26nOrcSOabo=
-47,215,F/hTXrqFqdZP46zUnOH7J4soD5g=,uFALwDLokiJcUJxr26nOrcSOabo=
-34,215,F/hTXrqFqdZP46zUnOH7J4soD5g=,uFALwDLokiJcUJxr26nOrcSOabo=
-38,209,F/hTXrqFqdZP46zUnOH7J4soD5g=,uFALwDLokiJcUJxr26nOrcSOabo=
-35,215,F/hTXrqFqdZP46zUnOH7J4soD5g=,uFALwDLokiJcUJxr26nOrcSOabo=
-37,210,F/hTXrqFqdZP46zUnOH7J4soD5g=,uFALwDLokiJcUJxr26nOrcSOabo=
-33,215,F/hTXrqFqdZP46zUnOH7J4soD5g=,uFALwDLokiJcUJxr26nOrcSOabo=
-38,208,F/hTXrqFqdZP46zUnOH7J4soD5g=,uFALwDLokiJcUJxr26nOrcSOabo=
-36,214,F/hTXrqFqdZP46zUnOH7J4soD5g=,uFALwDLokiJcUJxr26nOrcSOabo=
-37,215,F/hTXrqFqdZP46zUnOH7J4soD5g=,uFALwDLokiJcUJxr26nOrcSOabo=
-45,215,F/hTXrqFqdZP46zUnOH7J4soD5g=,uFALwDLokiJcUJxr26nOrcSOabo=
-46,215,F/hTXrqFqdZP46zUnOH7J4soD5g=,uFALwDLokiJcUJxr26nOrcSOabo=
-44,215,F/hTXrqFqdZP46zUnOH7J4soD5g=,uFALwDLokiJcUJxr26nOrcSOabo=
-43,215,F/hTXrqFqdZP46zUnOH7J4soD5g=,uFALwDLokiJcUJxr26nOrcSOabo=
-36,215,F/hTXrqFqdZP46zUnOH7J4soD5g=,uFALwDLokiJcUJxr26nOrcSOabo=
-46,216,F/hTXrqFqdZP46zUnOH7J4soD5g=,uFALwDLokiJcUJxr26nOrcSOabo=
-48,216,F/hTXrqFqdZP46zUnOH7J4soD5g=,uFALwDLokiJcUJxr26nOrcSOabo=
-45,216,F/hTXrqFqdZP46zUnOH7J4soD5g=,uFALwDLokiJcUJxr26nOrcSOabo=
-47,216,F/hTXrqFqdZP46zUnOH7J4soD5g=,uFALwDLokiJcUJxr26nOrcSOabo=
-41,216,F/hTXrqFqdZP46zUnOH7J4soD5g=,uFALwDLokiJcUJxr26nOrcSOabo=
-42,216,F/hTXrqFqdZP46zUnOH7J4soD5g=,uFALwDLokiJcUJxr26nOrcSOabo=
-44,216,F/hTXrqFqdZP46zUnOH7J4soD5g=,uFALwDLokiJcUJxr26nOrcSOabo=
-43,216,F/hTXrqFqdZP46zUnOH7J4soD5g=,uFALwDLokiJcUJxr26nOrcSOabo=
-40,216,F/hTXrqFqdZP46zUnOH7J4soD5g=,uFALwDLokiJcUJxr26nOrcSOabo=
-38,216,F/hTXrqFqdZP46zUnOH7J4soD5g=,uFALwDLokiJcUJxr26nOrcSOabo=
-39,216,F/hTXrqFqdZP46zUnOH7J4soD5g=,uFALwDLokiJcUJxr26nOrcSOabo=
-35,216,F/hTXrqFqdZP46zUnOH7J4soD5g=,uFALwDLokiJcUJxr26nOrcSOabo=
-37,209,F/hTXrqFqdZP46zUnOH7J4soD5g=,uFALwDLokiJcUJxr26nOrcSOabo=
-36,216,F/hTXrqFqdZP46zUnOH7J4soD5g=,uFALwDLokiJcUJxr26nOrcSOabo=
-34,216,F/hTXrqFqdZP46zUnOH7J4soD5g=,uFALwDLokiJcUJxr26nOrcSOabo=
-37,208,F/hTXrqFqdZP46zUnOH7J4soD5g=,uFALwDLokiJcUJxr26nOrcSOabo=
-33,216,F/hTXrqFqdZP46zUnOH7J4soD5g=,uFALwDLokiJcUJxr26nOrcSOabo=
-36,210,F/hTXrqFqdZP46zUnOH7J4soD5g=,uFALwDLokiJcUJxr26nOrcSOabo=
-37,216,F/hTXrqFqdZP46zUnOH7J4soD5g=,uFALwDLokiJcUJxr26nOrcSOabo=
-45,217,F/hTXrqFqdZP46zUnOH7J4soD5g=,uFALwDLokiJcUJxr26nOrcSOabo=
-46,217,F/hTXrqFqdZP46zUnOH7J4soD5g=,uFALwDLokiJcUJxr26nOrcSOabo=
-44,217,F/hTXrqFqdZP46zUnOH7J4soD5g=,uFALwDLokiJcUJxr26nOrcSOabo=
-41,217,F/hTXrqFqdZP46zUnOH7J4soD5g=,uFALwDLokiJcUJxr26nOrcSOabo=
-47,217,F/hTXrqFqdZP46zUnOH7J4soD5g=,uFALwDLokiJcUJxr26nOrcSOabo=
-40,217,F/hTXrqFqdZP46zUnOH7J4soD5g=,uFALwDLokiJcUJxr26nOrcSOabo=
-43,217,F/hTXrqFqdZP46zUnOH7J4soD5g=,uFALwDLokiJcUJxr26nOrcSOabo=
-36,209,F/hTXrqFqdZP46zUnOH7J4soD5g=,uFALwDLokiJcUJxr26nOrcSOabo=
-42,217,F/hTXrqFqdZP46zUnOH7J4soD5g=,uFALwDLokiJcUJxr26nOrcSOabo=
-35,210,F/hTXrqFqdZP46zUnOH7J4soD5g=,uFALwDLokiJcUJxr26nOrcSOabo=
-36,208,F/hTXrqFqdZP46zUnOH7J4soD5g=,uFALwDLokiJcUJxr26nOrcSOabo=
-38,217,F/hTXrqFqdZP46zUnOH7J4soD5g=,uFALwDLokiJcUJxr26nOrcSOabo=
-33,217,F/hTXrqFqdZP46zUnOH7J4soD5g=,uFALwDLokiJcUJxr26nOrcSOabo=
-37,217,F/hTXrqFqdZP46zUnOH7J4soD5g=,uFALwDLokiJcUJxr26nOrcSOabo=
-47,218,F/hTXrqFqdZP46zUnOH7J4soD5g=,uFALwDLokiJcUJxr26nOrcSOabo=
-35,217,F/hTXrqFqdZP46zUnOH7J4soD5g=,uFALwDLokiJcUJxr26nOrcSOabo=
-46,218,F/hTXrqFqdZP46zUnOH7J4soD5g=,uFALwDLokiJcUJxr26nOrcSOabo=
-48,218,F/hTXrqFqdZP46zUnOH7J4soD5g=,uFALwDLokiJcUJxr26nOrcSOabo=
-39,217,F/hTXrqFqdZP46zUnOH7J4soD5g=,uFALwDLokiJcUJxr26nOrcSOabo=
-45,218,F/hTXrqFqdZP46zUnOH7J4soD5g=,uFALwDLokiJcUJxr26nOrcSOabo=
-34,217,F/hTXrqFqdZP46zUnOH7J4soD5g=,uFALwDLokiJcUJxr26nOrcSOabo=
-44,218,F/hTXrqFqdZP46zUnOH7J4soD5g=,uFALwDLokiJcUJxr26nOrcSOabo=
-40,218,F/hTXrqFqdZP46zUnOH7J4soD5g=,uFALwDLokiJcUJxr26nOrcSOabo=
-39,218,F/hTXrqFqdZP46zUnOH7J4soD5g=,uFALwDLokiJcUJxr26nOrcSOabo=
-38,218,F/hTXrqFqdZP46zUnOH7J4soD5g=,uFALwDLokiJcUJxr26nOrcSOabo=
-36,217,F/hTXrqFqdZP46zUnOH7J4soD5g=,uFALwDLokiJcUJxr26nOrcSOabo=
-48,217,F/hTXrqFqdZP46zUnOH7J4soD5g=,uFALwDLokiJcUJxr26nOrcSOabo=
-41,218,F/hTXrqFqdZP46zUnOH7J4soD5g=,uFALwDLokiJcUJxr26nOrcSOabo=
-43,218,F/hTXrqFqdZP46zUnOH7J4soD5g=,uFALwDLokiJcUJxr26nOrcSOabo=
-42,218,F/hTXrqFqdZP46zUnOH7J4soD5g=,uFALwDLokiJcUJxr26nOrcSOabo=
-37,218,F/hTXrqFqdZP46zUnOH7J4soD5g=,uFALwDLokiJcUJxr26nOrcSOabo=
-35,209,F/hTXrqFqdZP46zUnOH7J4soD5g=,uFALwDLokiJcUJxr26nOrcSOabo=
-34,218,F/hTXrqFqdZP46zUnOH7J4soD5g=,uFALwDLokiJcUJxr26nOrcSOabo=
-35,218,F/hTXrqFqdZP46zUnOH7J4soD5g=,uFALwDLokiJcUJxr26nOrcSOabo=
-35,208,F/hTXrqFqdZP46zUnOH7J4soD5g=,uFALwDLokiJcUJxr26nOrcSOabo=
-34,210,F/hTXrqFqdZP46zUnOH7J4soD5g=,uFALwDLokiJcUJxr26nOrcSOabo=
-33,218,F/hTXrqFqdZP46zUnOH7J4soD5g=,uFALwDLokiJcUJxr26nOrcSOabo=
-47,219,F/hTXrqFqdZP46zUnOH7J4soD5g=,uFALwDLokiJcUJxr26nOrcSOabo=
-46,219,F/hTXrqFqdZP46zUnOH7J4soD5g=,uFALwDLokiJcUJxr26nOrcSOabo=
-48,219,F/hTXrqFqdZP46zUnOH7J4soD5g=,uFALwDLokiJcUJxr26nOrcSOabo=
-45,219,F/hTXrqFqdZP46zUnOH7J4soD5g=,uFALwDLokiJcUJxr26nOrcSOabo=
-44,219,F/hTXrqFqdZP46zUnOH7J4soD5g=,uFALwDLokiJcUJxr26nOrcSOabo=
-43,219,F/hTXrqFqdZP46zUnOH7J4soD5g=,uFALwDLokiJcUJxr26nOrcSOabo=
-40,219,F/hTXrqFqdZP46zUnOH7J4soD5g=,uFALwDLokiJcUJxr26nOrcSOabo=
-36,218,F/hTXrqFqdZP46zUnOH7J4soD5g=,uFALwDLokiJcUJxr26nOrcSOabo=
-39,219,F/hTXrqFqdZP46zUnOH7J4soD5g=,uFALwDLokiJcUJxr26nOrcSOabo=
-38,219,F/hTXrqFqdZP46zUnOH7J4soD5g=,uFALwDLokiJcUJxr26nOrcSOabo=
-42,219,F/hTXrqFqdZP46zUnOH7J4soD5g=,uFALwDLokiJcUJxr26nOrcSOabo=
-37,219,F/hTXrqFqdZP46zUnOH7J4soD5g=,uFALwDLokiJcUJxr26nOrcSOabo=
-34,209,F/hTXrqFqdZP46zUnOH7J4soD5g=,uFALwDLokiJcUJxr26nOrcSOabo=
-33,209,F/hTXrqFqdZP46zUnOH7J4soD5g=,uFALwDLokiJcUJxr26nOrcSOabo=
-48,210,F/hTXrqFqdZP46zUnOH7J4soD5g=,uFALwDLokiJcUJxr26nOrcSOabo=
-34,208,F/hTXrqFqdZP46zUnOH7J4soD5g=,uFALwDLokiJcUJxr26nOrcSOabo=
-33,208,F/hTXrqFqdZP46zUnOH7J4soD5g=,uFALwDLokiJcUJxr26nOrcSOabo=
-46,208,F/hTXrqFqdZP46zUnOH7J4soD5g=,uFALwDLokiJcUJxr26nOrcSOabo=
-48,211,F/hTXrqFqdZP46zUnOH7J4soD5g=,uFALwDLokiJcUJxr26nOrcSOabo=
-48,209,F/hTXrqFqdZP46zUnOH7J4soD5g=,uFALwDLokiJcUJxr26nOrcSOabo=
-47,209,F/hTXrqFqdZP46zUnOH7J4soD5g=,uFALwDLokiJcUJxr26nOrcSOabo=
-33,210,F/hTXrqFqdZP46zUnOH7J4soD5g=,uFALwDLokiJcUJxr26nOrcSOabo=
-33,219,F/hTXrqFqdZP46zUnOH7J4soD5g=,uFALwDLokiJcUJxr26nOrcSOabo=
-34,219,F/hTXrqFqdZP46zUnOH7J4soD5g=,uFALwDLokiJcUJxr26nOrcSOabo=
-35,219,F/hTXrqFqdZP46zUnOH7J4soD5g=,uFALwDLokiJcUJxr26nOrcSOabo=
-44,220,F/hTXrqFqdZP46zUnOH7J4soD5g=,uFALwDLokiJcUJxr26nOrcSOabo=
-46,220,F/hTXrqFqdZP46zUnOH7J4soD5g=,uFALwDLokiJcUJxr26nOrcSOabo=
-43,220,F/hTXrqFqdZP46zUnOH7J4soD5g=,uFALwDLokiJcUJxr26nOrcSOabo=
-47,220,F/hTXrqFqdZP46zUnOH7J4soD5g=,uFALwDLokiJcUJxr26nOrcSOabo=
-42,220,F/hTXrqFqdZP46zUnOH7J4soD5g=,uFALwDLokiJcUJxr26nOrcSOabo=
-40,220,F/hTXrqFqdZP46zUnOH7J4soD5g=,uFALwDLokiJcUJxr26nOrcSOabo=
-39,220,F/hTXrqFqdZP46zUnOH7J4soD5g=,uFALwDLokiJcUJxr26nOrcSOabo=
-45,220,F/hTXrqFqdZP46zUnOH7J4soD5g=,uFALwDLokiJcUJxr26nOrcSOabo=
-38,220,F/hTXrqFqdZP46zUnOH7J4soD5g=,uFALwDLokiJcUJxr26nOrcSOabo=
-37,220,F/hTXrqFqdZP46zUnOH7J4soD5g=,uFALwDLokiJcUJxr26nOrcSOabo=
-48,220,F/hTXrqFqdZP46zUnOH7J4soD5g=,uFALwDLokiJcUJxr26nOrcSOabo=
-41,219,F/hTXrqFqdZP46zUnOH7J4soD5g=,uFALwDLokiJcUJxr26nOrcSOabo=
-36,220,F/hTXrqFqdZP46zUnOH7J4soD5g=,uFALwDLokiJcUJxr26nOrcSOabo=
-35,220,F/hTXrqFqdZP46zUnOH7J4soD5g=,uFALwDLokiJcUJxr26nOrcSOabo=
-36,219,F/hTXrqFqdZP46zUnOH7J4soD5g=,uFALwDLokiJcUJxr26nOrcSOabo=
-34,220,F/hTXrqFqdZP46zUnOH7J4soD5g=,uFALwDLokiJcUJxr26nOrcSOabo=
-47,210,F/hTXrqFqdZP46zUnOH7J4soD5g=,uFALwDLokiJcUJxr26nOrcSOabo=
-46,209,F/hTXrqFqdZP46zUnOH7J4soD5g=,uFALwDLokiJcUJxr26nOrcSOabo=
-33,220,F/hTXrqFqdZP46zUnOH7J4soD5g=,uFALwDLokiJcUJxr26nOrcSOabo=
-48,221,F/hTXrqFqdZP46zUnOH7J4soD5g=,uFALwDLokiJcUJxr26nOrcSOabo=
-46,221,F/hTXrqFqdZP46zUnOH7J4soD5g=,uFALwDLokiJcUJxr26nOrcSOabo=
-45,221,F/hTXrqFqdZP46zUnOH7J4soD5g=,uFALwDLokiJcUJxr26nOrcSOabo=
-47,221,F/hTXrqFqdZP46zUnOH7J4soD5g=,uFALwDLokiJcUJxr26nOrcSOabo=
-41,220,F/hTXrqFqdZP46zUnOH7J4soD5g=,uFALwDLokiJcUJxr26nOrcSOabo=
-44,221,F/hTXrqFqdZP46zUnOH7J4soD5g=,uFALwDLokiJcUJxr26nOrcSOabo=
-43,221,F/hTXrqFqdZP46zUnOH7J4soD5g=,uFALwDLokiJcUJxr26nOrcSOabo=
-42,221,F/hTXrqFqdZP46zUnOH7J4soD5g=,uFALwDLokiJcUJxr26nOrcSOabo=
-41,221,F/hTXrqFqdZP46zUnOH7J4soD5g=,uFALwDLokiJcUJxr26nOrcSOabo=
-40,221,F/hTXrqFqdZP46zUnOH7J4soD5g=,uFALwDLokiJcUJxr26nOrcSOabo=
-33,221,F/hTXrqFqdZP46zUnOH7J4soD5g=,uFALwDLokiJcUJxr26nOrcSOabo=
-46,210,F/hTXrqFqdZP46zUnOH7J4soD5g=,uFALwDLokiJcUJxr26nOrcSOabo=
-39,221,F/hTXrqFqdZP46zUnOH7J4soD5g=,uFALwDLokiJcUJxr26nOrcSOabo=
-45,209,F/hTXrqFqdZP46zUnOH7J4soD5g=,uFALwDLokiJcUJxr26nOrcSOabo=
-38,221,F/hTXrqFqdZP46zUnOH7J4soD5g=,uFALwDLokiJcUJxr26nOrcSOabo=
-34,221,F/hTXrqFqdZP46zUnOH7J4soD5g=,uFALwDLokiJcUJxr26nOrcSOabo=
-37,221,F/hTXrqFqdZP46zUnOH7J4soD5g=,uFALwDLokiJcUJxr26nOrcSOabo=
-35,221,F/hTXrqFqdZP46zUnOH7J4soD5g=,uFALwDLokiJcUJxr26nOrcSOabo=
-36,221,F/hTXrqFqdZP46zUnOH7J4soD5g=,uFALwDLokiJcUJxr26nOrcSOabo=
-44,222,F/hTXrqFqdZP46zUnOH7J4soD5g=,uFALwDLokiJcUJxr26nOrcSOabo=
-48,222,F/hTXrqFqdZP46zUnOH7J4soD5g=,uFALwDLokiJcUJxr26nOrcSOabo=
-43,222,F/hTXrqFqdZP46zUnOH7J4soD5g=,uFALwDLokiJcUJxr26nOrcSOabo=
-42,222,F/hTXrqFqdZP46zUnOH7J4soD5g=,uFALwDLokiJcUJxr26nOrcSOabo=
-45,222,F/hTXrqFqdZP46zUnOH7J4soD5g=,uFALwDLokiJcUJxr26nOrcSOabo=
-47,222,F/hTXrqFqdZP46zUnOH7J4soD5g=,uFALwDLokiJcUJxr26nOrcSOabo=
-41,222,F/hTXrqFqdZP46zUnOH7J4soD5g=,uFALwDLokiJcUJxr26nOrcSOabo=
-40,222,F/hTXrqFqdZP46zUnOH7J4soD5g=,uFALwDLokiJcUJxr26nOrcSOabo=
-46,222,F/hTXrqFqdZP46zUnOH7J4soD5g=,uFALwDLokiJcUJxr26nOrcSOabo=
-45,210,F/hTXrqFqdZP46zUnOH7J4soD5g=,uFALwDLokiJcUJxr26nOrcSOabo=
-35,222,F/hTXrqFqdZP46zUnOH7J4soD5g=,uFALwDLokiJcUJxr26nOrcSOabo=
-39,222,F/hTXrqFqdZP46zUnOH7J4soD5g=,uFALwDLokiJcUJxr26nOrcSOabo=
-38,222,F/hTXrqFqdZP46zUnOH7J4soD5g=,uFALwDLokiJcUJxr26nOrcSOabo=
-37,222,F/hTXrqFqdZP46zUnOH7J4soD5g=,uFALwDLokiJcUJxr26nOrcSOabo=
-36,222,F/hTXrqFqdZP46zUnOH7J4soD5g=,uFALwDLokiJcUJxr26nOrcSOabo=
-48,208,F/hTXrqFqdZP46zUnOH7J4soD5g=,uFALwDLokiJcUJxr26nOrcSOabo=
-47,211,F/hTXrqFqdZP46zUnOH7J4soD5g=,uFALwDLokiJcUJxr26nOrcSOabo=
-44,208,F/hTXrqFqdZP46zUnOH7J4soD5g=,uFALwDLokiJcUJxr26nOrcSOabo=
-34,222,F/hTXrqFqdZP46zUnOH7J4soD5g=,uFALwDLokiJcUJxr26nOrcSOabo=
-33,222,F/hTXrqFqdZP46zUnOH7J4soD5g=,uFALwDLokiJcUJxr26nOrcSOabo=
-48,223,F/hTXrqFqdZP46zUnOH7J4soD5g=,uFALwDLokiJcUJxr26nOrcSOabo=
-41,195,F/hTXrqFqdZP46zUnOH7J4soD5g=,8RfJanu3V1O9OPYEfgOboUDkSX4=
-40,195,F/hTXrqFqdZP46zUnOH7J4soD5g=,8RfJanu3V1O9OPYEfgOboUDkSX4=
-48,196,SOiszjWR68rNDGVuBuIf1gZ2Of8=,8RfJanu3V1O9OPYEfgOboUDkSX4=
-39,195,SOiszjWR68rNDGVuBuIf1gZ2Of8=,8RfJanu3V1O9OPYEfgOboUDkSX4=
-48,197,SOiszjWR68rNDGVuBuIf1gZ2Of8=,8RfJanu3V1O9OPYEfgOboUDkSX4=
-48,198,SOiszjWR68rNDGVuBuIf1gZ2Of8=,8RfJanu3V1O9OPYEfgOboUDkSX4=
-48,199,bp1J2DTVu0bIycHGZfdbKLXO/ug=,8RfJanu3V1O9OPYEfgOboUDkSX4=
-48,200,bp1J2DTVu0bIycHGZfdbKLXO/ug=,8RfJanu3V1O9OPYEfgOboUDkSX4=
-48,201,bp1J2DTVu0bIycHGZfdbKLXO/ug=,8RfJanu3V1O9OPYEfgOboUDkSX4=
-48,202,bp1J2DTVu0bIycHGZfdbKLXO/ug=,8RfJanu3V1O9OPYEfgOboUDkSX4=
-48,203,bp1J2DTVu0bIycHGZfdbKLXO/ug=,8RfJanu3V1O9OPYEfgOboUDkSX4=
-48,194,bp1J2DTVu0bIycHGZfdbKLXO/ug=,8RfJanu3V1O9OPYEfgOboUDkSX4=
-48,195,bp1J2DTVu0bIycHGZfdbKLXO/ug=,8RfJanu3V1O9OPYEfgOboUDkSX4=
-48,193,bp1J2DTVu0bIycHGZfdbKLXO/ug=,8RfJanu3V1O9OPYEfgOboUDkSX4=
-48,204,bp1J2DTVu0bIycHGZfdbKLXO/ug=,8RfJanu3V1O9OPYEfgOboUDkSX4=
-48,205,bp1J2DTVu0bIycHGZfdbKLXO/ug=,8RfJanu3V1O9OPYEfgOboUDkSX4=
-48,206,bp1J2DTVu0bIycHGZfdbKLXO/ug=,8RfJanu3V1O9OPYEfgOboUDkSX4=
-33,195,bp1J2DTVu0bIycHGZfdbKLXO/ug=,8RfJanu3V1O9OPYEfgOboUDkSX4=
-33,196,bp1J2DTVu0bIycHGZfdbKLXO/ug=,8RfJanu3V1O9OPYEfgOboUDkSX4=
-33,197,bp1J2DTVu0bIycHGZfdbKLXO/ug=,8RfJanu3V1O9OPYEfgOboUDkSX4=
-33,198,bp1J2DTVu0bIycHGZfdbKLXO/ug=,8RfJanu3V1O9OPYEfgOboUDkSX4=
-33,199,bp1J2DTVu0bIycHGZfdbKLXO/ug=,8RfJanu3V1O9OPYEfgOboUDkSX4=
-33,200,bp1J2DTVu0bIycHGZfdbKLXO/ug=,8RfJanu3V1O9OPYEfgOboUDkSX4=
-33,201,bp1J2DTVu0bIycHGZfdbKLXO/ug=,8RfJanu3V1O9OPYEfgOboUDkSX4=
-33,193,bp1J2DTVu0bIycHGZfdbKLXO/ug=,8RfJanu3V1O9OPYEfgOboUDkSX4=
-33,194,bp1J2DTVu0bIycHGZfdbKLXO/ug=,8RfJanu3V1O9OPYEfgOboUDkSX4=
-33,192,bp1J2DTVu0bIycHGZfdbKLXO/ug=,8RfJanu3V1O9OPYEfgOboUDkSX4=
-48,192,bp1J2DTVu0bIycHGZfdbKLXO/ug=,8RfJanu3V1O9OPYEfgOboUDkSX4=
-42,195,bp1J2DTVu0bIycHGZfdbKLXO/ug=,8RfJanu3V1O9OPYEfgOboUDkSX4=
-43,192,bp1J2DTVu0bIycHGZfdbKLXO/ug=,8RfJanu3V1O9OPYEfgOboUDkSX4=
-42,194,bp1J2DTVu0bIycHGZfdbKLXO/ug=,8RfJanu3V1O9OPYEfgOboUDkSX4=
-43,194,bp1J2DTVu0bIycHGZfdbKLXO/ug=,8RfJanu3V1O9OPYEfgOboUDkSX4=
-45,192,bp1J2DTVu0bIycHGZfdbKLXO/ug=,8RfJanu3V1O9OPYEfgOboUDkSX4=
-43,195,bp1J2DTVu0bIycHGZfdbKLXO/ug=,8RfJanu3V1O9OPYEfgOboUDkSX4=
-44,195,bp1J2DTVu0bIycHGZfdbKLXO/ug=,8RfJanu3V1O9OPYEfgOboUDkSX4=
-45,195,bp1J2DTVu0bIycHGZfdbKLXO/ug=,8RfJanu3V1O9OPYEfgOboUDkSX4=
-43,193,bp1J2DTVu0bIycHGZfdbKLXO/ug=,8RfJanu3V1O9OPYEfgOboUDkSX4=
-44,193,bp1J2DTVu0bIycHGZfdbKLXO/ug=,8RfJanu3V1O9OPYEfgOboUDkSX4=
-46,195,bp1J2DTVu0bIycHGZfdbKLXO/ug=,8RfJanu3V1O9OPYEfgOboUDkSX4=
-47,192,bp1J2DTVu0bIycHGZfdbKLXO/ug=,8RfJanu3V1O9OPYEfgOboUDkSX4=
-44,194,bp1J2DTVu0bIycHGZfdbKLXO/ug=,8RfJanu3V1O9OPYEfgOboUDkSX4=
-47,195,bp1J2DTVu0bIycHGZfdbKLXO/ug=,8RfJanu3V1O9OPYEfgOboUDkSX4=
-44,192,bp1J2DTVu0bIycHGZfdbKLXO/ug=,8RfJanu3V1O9OPYEfgOboUDkSX4=
-45,194,bp1J2DTVu0bIycHGZfdbKLXO/ug=,8RfJanu3V1O9OPYEfgOboUDkSX4=
-39,206,bp1J2DTVu0bIycHGZfdbKLXO/ug=,8RfJanu3V1O9OPYEfgOboUDkSX4=
-40,206,bp1J2DTVu0bIycHGZfdbKLXO/ug=,8RfJanu3V1O9OPYEfgOboUDkSX4=
-41,206,bp1J2DTVu0bIycHGZfdbKLXO/ug=,8RfJanu3V1O9OPYEfgOboUDkSX4=
-42,206,bp1J2DTVu0bIycHGZfdbKLXO/ug=,8RfJanu3V1O9OPYEfgOboUDkSX4=
-43,206,bp1J2DTVu0bIycHGZfdbKLXO/ug=,8RfJanu3V1O9OPYEfgOboUDkSX4=
-44,206,bp1J2DTVu0bIycHGZfdbKLXO/ug=,8RfJanu3V1O9OPYEfgOboUDkSX4=
-45,206,bp1J2DTVu0bIycHGZfdbKLXO/ug=,8RfJanu3V1O9OPYEfgOboUDkSX4=
-46,206,bp1J2DTVu0bIycHGZfdbKLXO/ug=,8RfJanu3V1O9OPYEfgOboUDkSX4=
-47,206,bp1J2DTVu0bIycHGZfdbKLXO/ug=,8RfJanu3V1O9OPYEfgOboUDkSX4=
-45,193,bp1J2DTVu0bIycHGZfdbKLXO/ug=,8RfJanu3V1O9OPYEfgOboUDkSX4=
-46,194,bp1J2DTVu0bIycHGZfdbKLXO/ug=,8RfJanu3V1O9OPYEfgOboUDkSX4=
-39,205,bp1J2DTVu0bIycHGZfdbKLXO/ug=,8RfJanu3V1O9OPYEfgOboUDkSX4=
-40,205,bp1J2DTVu0bIycHGZfdbKLXO/ug=,8RfJanu3V1O9OPYEfgOboUDkSX4=
-41,205,bp1J2DTVu0bIycHGZfdbKLXO/ug=,8RfJanu3V1O9OPYEfgOboUDkSX4=
-42,205,bp1J2DTVu0bIycHGZfdbKLXO/ug=,8RfJanu3V1O9OPYEfgOboUDkSX4=
-43,205,bp1J2DTVu0bIycHGZfdbKLXO/ug=,8RfJanu3V1O9OPYEfgOboUDkSX4=
-44,205,bp1J2DTVu0bIycHGZfdbKLXO/ug=,8RfJanu3V1O9OPYEfgOboUDkSX4=
-45,205,bp1J2DTVu0bIycHGZfdbKLXO/ug=,8RfJanu3V1O9OPYEfgOboUDkSX4=
-46,205,bp1J2DTVu0bIycHGZfdbKLXO/ug=,8RfJanu3V1O9OPYEfgOboUDkSX4=
-47,205,bp1J2DTVu0bIycHGZfdbKLXO/ug=,8RfJanu3V1O9OPYEfgOboUDkSX4=
-46,193,bp1J2DTVu0bIycHGZfdbKLXO/ug=,8RfJanu3V1O9OPYEfgOboUDkSX4=
-47,194,bp1J2DTVu0bIycHGZfdbKLXO/ug=,8RfJanu3V1O9OPYEfgOboUDkSX4=
-39,204,bp1J2DTVu0bIycHGZfdbKLXO/ug=,8RfJanu3V1O9OPYEfgOboUDkSX4=
-40,204,bp1J2DTVu0bIycHGZfdbKLXO/ug=,8RfJanu3V1O9OPYEfgOboUDkSX4=
-41,204,bp1J2DTVu0bIycHGZfdbKLXO/ug=,8RfJanu3V1O9OPYEfgOboUDkSX4=
-42,204,bp1J2DTVu0bIycHGZfdbKLXO/ug=,8RfJanu3V1O9OPYEfgOboUDkSX4=
-43,204,bp1J2DTVu0bIycHGZfdbKLXO/ug=,8RfJanu3V1O9OPYEfgOboUDkSX4=
-44,204,bp1J2DTVu0bIycHGZfdbKLXO/ug=,8RfJanu3V1O9OPYEfgOboUDkSX4=
-45,204,bp1J2DTVu0bIycHGZfdbKLXO/ug=,8RfJanu3V1O9OPYEfgOboUDkSX4=
-46,204,bp1J2DTVu0bIycHGZfdbKLXO/ug=,8RfJanu3V1O9OPYEfgOboUDkSX4=
-47,204,bp1J2DTVu0bIycHGZfdbKLXO/ug=,8RfJanu3V1O9OPYEfgOboUDkSX4=
-47,193,bp1J2DTVu0bIycHGZfdbKLXO/ug=,8RfJanu3V1O9OPYEfgOboUDkSX4=
-46,192,bp1J2DTVu0bIycHGZfdbKLXO/ug=,8RfJanu3V1O9OPYEfgOboUDkSX4=
-34,192,bp1J2DTVu0bIycHGZfdbKLXO/ug=,8RfJanu3V1O9OPYEfgOboUDkSX4=
-34,193,bp1J2DTVu0bIycHGZfdbKLXO/ug=,8RfJanu3V1O9OPYEfgOboUDkSX4=
-39,203,bp1J2DTVu0bIycHGZfdbKLXO/ug=,8RfJanu3V1O9OPYEfgOboUDkSX4=
-40,203,bp1J2DTVu0bIycHGZfdbKLXO/ug=,8RfJanu3V1O9OPYEfgOboUDkSX4=
-41,203,bp1J2DTVu0bIycHGZfdbKLXO/ug=,8RfJanu3V1O9OPYEfgOboUDkSX4=
-42,203,bp1J2DTVu0bIycHGZfdbKLXO/ug=,8RfJanu3V1O9OPYEfgOboUDkSX4=
-43,203,bp1J2DTVu0bIycHGZfdbKLXO/ug=,8RfJanu3V1O9OPYEfgOboUDkSX4=
-44,203,bp1J2DTVu0bIycHGZfdbKLXO/ug=,8RfJanu3V1O9OPYEfgOboUDkSX4=
-45,203,bp1J2DTVu0bIycHGZfdbKLXO/ug=,8RfJanu3V1O9OPYEfgOboUDkSX4=
-46,203,bp1J2DTVu0bIycHGZfdbKLXO/ug=,8RfJanu3V1O9OPYEfgOboUDkSX4=
-47,203,bp1J2DTVu0bIycHGZfdbKLXO/ug=,8RfJanu3V1O9OPYEfgOboUDkSX4=
-35,192,bp1J2DTVu0bIycHGZfdbKLXO/ug=,8RfJanu3V1O9OPYEfgOboUDkSX4=
-34,194,bp1J2DTVu0bIycHGZfdbKLXO/ug=,8RfJanu3V1O9OPYEfgOboUDkSX4=
-35,193,bp1J2DTVu0bIycHGZfdbKLXO/ug=,8RfJanu3V1O9OPYEfgOboUDkSX4=
-39,202,bp1J2DTVu0bIycHGZfdbKLXO/ug=,8RfJanu3V1O9OPYEfgOboUDkSX4=
-40,202,bp1J2DTVu0bIycHGZfdbKLXO/ug=,8RfJanu3V1O9OPYEfgOboUDkSX4=
-41,202,bp1J2DTVu0bIycHGZfdbKLXO/ug=,8RfJanu3V1O9OPYEfgOboUDkSX4=
-42,202,bp1J2DTVu0bIycHGZfdbKLXO/ug=,8RfJanu3V1O9OPYEfgOboUDkSX4=
-43,202,bp1J2DTVu0bIycHGZfdbKLXO/ug=,8RfJanu3V1O9OPYEfgOboUDkSX4=
-44,202,bp1J2DTVu0bIycHGZfdbKLXO/ug=,8RfJanu3V1O9OPYEfgOboUDkSX4=
-45,202,bp1J2DTVu0bIycHGZfdbKLXO/ug=,8RfJanu3V1O9OPYEfgOboUDkSX4=
-46,202,bp1J2DTVu0bIycHGZfdbKLXO/ug=,8RfJanu3V1O9OPYEfgOboUDkSX4=
-47,202,bp1J2DTVu0bIycHGZfdbKLXO/ug=,8RfJanu3V1O9OPYEfgOboUDkSX4=
-36,192,bp1J2DTVu0bIycHGZfdbKLXO/ug=,8RfJanu3V1O9OPYEfgOboUDkSX4=
-35,194,bp1J2DTVu0bIycHGZfdbKLXO/ug=,8RfJanu3V1O9OPYEfgOboUDkSX4=
-36,193,bp1J2DTVu0bIycHGZfdbKLXO/ug=,8RfJanu3V1O9OPYEfgOboUDkSX4=
-34,201,bp1J2DTVu0bIycHGZfdbKLXO/ug=,8RfJanu3V1O9OPYEfgOboUDkSX4=
-35,201,bp1J2DTVu0bIycHGZfdbKLXO/ug=,8RfJanu3V1O9OPYEfgOboUDkSX4=
-36,201,bp1J2DTVu0bIycHGZfdbKLXO/ug=,8RfJanu3V1O9OPYEfgOboUDkSX4=
-37,201,bp1J2DTVu0bIycHGZfdbKLXO/ug=,8RfJanu3V1O9OPYEfgOboUDkSX4=
-38,201,bp1J2DTVu0bIycHGZfdbKLXO/ug=,8RfJanu3V1O9OPYEfgOboUDkSX4=
-39,201,bp1J2DTVu0bIycHGZfdbKLXO/ug=,8RfJanu3V1O9OPYEfgOboUDkSX4=
-40,201,bp1J2DTVu0bIycHGZfdbKLXO/ug=,8RfJanu3V1O9OPYEfgOboUDkSX4=
-41,201,bp1J2DTVu0bIycHGZfdbKLXO/ug=,8RfJanu3V1O9OPYEfgOboUDkSX4=
-42,201,bp1J2DTVu0bIycHGZfdbKLXO/ug=,8RfJanu3V1O9OPYEfgOboUDkSX4=
-43,201,bp1J2DTVu0bIycHGZfdbKLXO/ug=,8RfJanu3V1O9OPYEfgOboUDkSX4=
-44,201,bp1J2DTVu0bIycHGZfdbKLXO/ug=,8RfJanu3V1O9OPYEfgOboUDkSX4=
-45,201,bp1J2DTVu0bIycHGZfdbKLXO/ug=,8RfJanu3V1O9OPYEfgOboUDkSX4=
-46,201,bp1J2DTVu0bIycHGZfdbKLXO/ug=,8RfJanu3V1O9OPYEfgOboUDkSX4=
-47,201,bp1J2DTVu0bIycHGZfdbKLXO/ug=,8RfJanu3V1O9OPYEfgOboUDkSX4=
-37,192,bp1J2DTVu0bIycHGZfdbKLXO/ug=,8RfJanu3V1O9OPYEfgOboUDkSX4=
-36,194,bp1J2DTVu0bIycHGZfdbKLXO/ug=,8RfJanu3V1O9OPYEfgOboUDkSX4=
-37,193,bp1J2DTVu0bIycHGZfdbKLXO/ug=,8RfJanu3V1O9OPYEfgOboUDkSX4=
-34,200,bp1J2DTVu0bIycHGZfdbKLXO/ug=,8RfJanu3V1O9OPYEfgOboUDkSX4=
-35,200,bp1J2DTVu0bIycHGZfdbKLXO/ug=,8RfJanu3V1O9OPYEfgOboUDkSX4=
-37,200,bp1J2DTVu0bIycHGZfdbKLXO/ug=,8RfJanu3V1O9OPYEfgOboUDkSX4=
-36,200,bp1J2DTVu0bIycHGZfdbKLXO/ug=,8RfJanu3V1O9OPYEfgOboUDkSX4=
-38,200,bp1J2DTVu0bIycHGZfdbKLXO/ug=,8RfJanu3V1O9OPYEfgOboUDkSX4=
-39,200,bp1J2DTVu0bIycHGZfdbKLXO/ug=,8RfJanu3V1O9OPYEfgOboUDkSX4=
-40,200,bp1J2DTVu0bIycHGZfdbKLXO/ug=,8RfJanu3V1O9OPYEfgOboUDkSX4=
-41,200,bp1J2DTVu0bIycHGZfdbKLXO/ug=,8RfJanu3V1O9OPYEfgOboUDkSX4=
-42,200,bp1J2DTVu0bIycHGZfdbKLXO/ug=,8RfJanu3V1O9OPYEfgOboUDkSX4=
-43,200,bp1J2DTVu0bIycHGZfdbKLXO/ug=,8RfJanu3V1O9OPYEfgOboUDkSX4=
-44,200,bp1J2DTVu0bIycHGZfdbKLXO/ug=,8RfJanu3V1O9OPYEfgOboUDkSX4=
-45,200,bp1J2DTVu0bIycHGZfdbKLXO/ug=,8RfJanu3V1O9OPYEfgOboUDkSX4=
-46,200,bp1J2DTVu0bIycHGZfdbKLXO/ug=,8RfJanu3V1O9OPYEfgOboUDkSX4=
-37,194,bp1J2DTVu0bIycHGZfdbKLXO/ug=,8RfJanu3V1O9OPYEfgOboUDkSX4=
-47,200,bp1J2DTVu0bIycHGZfdbKLXO/ug=,8RfJanu3V1O9OPYEfgOboUDkSX4=
-38,192,bp1J2DTVu0bIycHGZfdbKLXO/ug=,8RfJanu3V1O9OPYEfgOboUDkSX4=
-38,193,bp1J2DTVu0bIycHGZfdbKLXO/ug=,8RfJanu3V1O9OPYEfgOboUDkSX4=
-34,199,bp1J2DTVu0bIycHGZfdbKLXO/ug=,8RfJanu3V1O9OPYEfgOboUDkSX4=
-35,199,bp1J2DTVu0bIycHGZfdbKLXO/ug=,8RfJanu3V1O9OPYEfgOboUDkSX4=
-36,199,bp1J2DTVu0bIycHGZfdbKLXO/ug=,8RfJanu3V1O9OPYEfgOboUDkSX4=
-37,199,bp1J2DTVu0bIycHGZfdbKLXO/ug=,8RfJanu3V1O9OPYEfgOboUDkSX4=
-38,199,bp1J2DTVu0bIycHGZfdbKLXO/ug=,8RfJanu3V1O9OPYEfgOboUDkSX4=
-39,199,bp1J2DTVu0bIycHGZfdbKLXO/ug=,8RfJanu3V1O9OPYEfgOboUDkSX4=
-40,199,bp1J2DTVu0bIycHGZfdbKLXO/ug=,8RfJanu3V1O9OPYEfgOboUDkSX4=
-41,199,bp1J2DTVu0bIycHGZfdbKLXO/ug=,8RfJanu3V1O9OPYEfgOboUDkSX4=
-42,199,bp1J2DTVu0bIycHGZfdbKLXO/ug=,8RfJanu3V1O9OPYEfgOboUDkSX4=
-43,199,bp1J2DTVu0bIycHGZfdbKLXO/ug=,8RfJanu3V1O9OPYEfgOboUDkSX4=
-44,199,bp1J2DTVu0bIycHGZfdbKLXO/ug=,8RfJanu3V1O9OPYEfgOboUDkSX4=
-45,199,bp1J2DTVu0bIycHGZfdbKLXO/ug=,8RfJanu3V1O9OPYEfgOboUDkSX4=
-46,199,bp1J2DTVu0bIycHGZfdbKLXO/ug=,8RfJanu3V1O9OPYEfgOboUDkSX4=
-38,194,bp1J2DTVu0bIycHGZfdbKLXO/ug=,8RfJanu3V1O9OPYEfgOboUDkSX4=
-47,199,bp1J2DTVu0bIycHGZfdbKLXO/ug=,8RfJanu3V1O9OPYEfgOboUDkSX4=
-39,192,bp1J2DTVu0bIycHGZfdbKLXO/ug=,8RfJanu3V1O9OPYEfgOboUDkSX4=
-39,193,bp1J2DTVu0bIycHGZfdbKLXO/ug=,8RfJanu3V1O9OPYEfgOboUDkSX4=
-34,198,bp1J2DTVu0bIycHGZfdbKLXO/ug=,8RfJanu3V1O9OPYEfgOboUDkSX4=
-35,198,bp1J2DTVu0bIycHGZfdbKLXO/ug=,8RfJanu3V1O9OPYEfgOboUDkSX4=
-36,198,bp1J2DTVu0bIycHGZfdbKLXO/ug=,8RfJanu3V1O9OPYEfgOboUDkSX4=
-37,198,bp1J2DTVu0bIycHGZfdbKLXO/ug=,8RfJanu3V1O9OPYEfgOboUDkSX4=
-38,198,bp1J2DTVu0bIycHGZfdbKLXO/ug=,8RfJanu3V1O9OPYEfgOboUDkSX4=
-39,198,bp1J2DTVu0bIycHGZfdbKLXO/ug=,8RfJanu3V1O9OPYEfgOboUDkSX4=
-40,198,bp1J2DTVu0bIycHGZfdbKLXO/ug=,8RfJanu3V1O9OPYEfgOboUDkSX4=
-41,198,bp1J2DTVu0bIycHGZfdbKLXO/ug=,8RfJanu3V1O9OPYEfgOboUDkSX4=
-42,198,bp1J2DTVu0bIycHGZfdbKLXO/ug=,8RfJanu3V1O9OPYEfgOboUDkSX4=
-43,198,bp1J2DTVu0bIycHGZfdbKLXO/ug=,8RfJanu3V1O9OPYEfgOboUDkSX4=
-44,198,bp1J2DTVu0bIycHGZfdbKLXO/ug=,8RfJanu3V1O9OPYEfgOboUDkSX4=
-45,198,bp1J2DTVu0bIycHGZfdbKLXO/ug=,8RfJanu3V1O9OPYEfgOboUDkSX4=
-46,198,bp1J2DTVu0bIycHGZfdbKLXO/ug=,8RfJanu3V1O9OPYEfgOboUDkSX4=
-47,198,bp1J2DTVu0bIycHGZfdbKLXO/ug=,8RfJanu3V1O9OPYEfgOboUDkSX4=
-39,194,bp1J2DTVu0bIycHGZfdbKLXO/ug=,8RfJanu3V1O9OPYEfgOboUDkSX4=
-40,192,bp1J2DTVu0bIycHGZfdbKLXO/ug=,8RfJanu3V1O9OPYEfgOboUDkSX4=
-40,193,bp1J2DTVu0bIycHGZfdbKLXO/ug=,8RfJanu3V1O9OPYEfgOboUDkSX4=
-34,197,bp1J2DTVu0bIycHGZfdbKLXO/ug=,8RfJanu3V1O9OPYEfgOboUDkSX4=
-35,197,bp1J2DTVu0bIycHGZfdbKLXO/ug=,8RfJanu3V1O9OPYEfgOboUDkSX4=
-36,197,bp1J2DTVu0bIycHGZfdbKLXO/ug=,8RfJanu3V1O9OPYEfgOboUDkSX4=
-37,197,bp1J2DTVu0bIycHGZfdbKLXO/ug=,8RfJanu3V1O9OPYEfgOboUDkSX4=
-38,197,bp1J2DTVu0bIycHGZfdbKLXO/ug=,8RfJanu3V1O9OPYEfgOboUDkSX4=
-39,197,bp1J2DTVu0bIycHGZfdbKLXO/ug=,8RfJanu3V1O9OPYEfgOboUDkSX4=
-40,197,bp1J2DTVu0bIycHGZfdbKLXO/ug=,8RfJanu3V1O9OPYEfgOboUDkSX4=
-41,197,bp1J2DTVu0bIycHGZfdbKLXO/ug=,8RfJanu3V1O9OPYEfgOboUDkSX4=
-42,197,bp1J2DTVu0bIycHGZfdbKLXO/ug=,8RfJanu3V1O9OPYEfgOboUDkSX4=
-43,197,bp1J2DTVu0bIycHGZfdbKLXO/ug=,8RfJanu3V1O9OPYEfgOboUDkSX4=
-44,197,bp1J2DTVu0bIycHGZfdbKLXO/ug=,8RfJanu3V1O9OPYEfgOboUDkSX4=
-46,197,bp1J2DTVu0bIycHGZfdbKLXO/ug=,8RfJanu3V1O9OPYEfgOboUDkSX4=
-45,197,bp1J2DTVu0bIycHGZfdbKLXO/ug=,8RfJanu3V1O9OPYEfgOboUDkSX4=
-47,197,bp1J2DTVu0bIycHGZfdbKLXO/ug=,8RfJanu3V1O9OPYEfgOboUDkSX4=
-41,192,bp1J2DTVu0bIycHGZfdbKLXO/ug=,8RfJanu3V1O9OPYEfgOboUDkSX4=
-40,194,bp1J2DTVu0bIycHGZfdbKLXO/ug=,8RfJanu3V1O9OPYEfgOboUDkSX4=
-41,193,bp1J2DTVu0bIycHGZfdbKLXO/ug=,8RfJanu3V1O9OPYEfgOboUDkSX4=
-34,196,bp1J2DTVu0bIycHGZfdbKLXO/ug=,8RfJanu3V1O9OPYEfgOboUDkSX4=
-35,196,bp1J2DTVu0bIycHGZfdbKLXO/ug=,8RfJanu3V1O9OPYEfgOboUDkSX4=
-36,196,bp1J2DTVu0bIycHGZfdbKLXO/ug=,8RfJanu3V1O9OPYEfgOboUDkSX4=
-37,196,bp1J2DTVu0bIycHGZfdbKLXO/ug=,8RfJanu3V1O9OPYEfgOboUDkSX4=
-38,196,bp1J2DTVu0bIycHGZfdbKLXO/ug=,8RfJanu3V1O9OPYEfgOboUDkSX4=
-39,196,bp1J2DTVu0bIycHGZfdbKLXO/ug=,8RfJanu3V1O9OPYEfgOboUDkSX4=
-40,196,bp1J2DTVu0bIycHGZfdbKLXO/ug=,8RfJanu3V1O9OPYEfgOboUDkSX4=
-41,196,bp1J2DTVu0bIycHGZfdbKLXO/ug=,8RfJanu3V1O9OPYEfgOboUDkSX4=
-42,196,bp1J2DTVu0bIycHGZfdbKLXO/ug=,8RfJanu3V1O9OPYEfgOboUDkSX4=
-43,196,bp1J2DTVu0bIycHGZfdbKLXO/ug=,8RfJanu3V1O9OPYEfgOboUDkSX4=
-44,196,bp1J2DTVu0bIycHGZfdbKLXO/ug=,8RfJanu3V1O9OPYEfgOboUDkSX4=
-45,196,bp1J2DTVu0bIycHGZfdbKLXO/ug=,8RfJanu3V1O9OPYEfgOboUDkSX4=
-46,196,bp1J2DTVu0bIycHGZfdbKLXO/ug=,8RfJanu3V1O9OPYEfgOboUDkSX4=
-47,196,bp1J2DTVu0bIycHGZfdbKLXO/ug=,8RfJanu3V1O9OPYEfgOboUDkSX4=
-42,192,bp1J2DTVu0bIycHGZfdbKLXO/ug=,8RfJanu3V1O9OPYEfgOboUDkSX4=
-41,194,bp1J2DTVu0bIycHGZfdbKLXO/ug=,8RfJanu3V1O9OPYEfgOboUDkSX4=
-42,193,bp1J2DTVu0bIycHGZfdbKLXO/ug=,8RfJanu3V1O9OPYEfgOboUDkSX4=
-34,195,bp1J2DTVu0bIycHGZfdbKLXO/ug=,8RfJanu3V1O9OPYEfgOboUDkSX4=
-35,195,bp1J2DTVu0bIycHGZfdbKLXO/ug=,8RfJanu3V1O9OPYEfgOboUDkSX4=
-36,195,bp1J2DTVu0bIycHGZfdbKLXO/ug=,8RfJanu3V1O9OPYEfgOboUDkSX4=
-37,195,bp1J2DTVu0bIycHGZfdbKLXO/ug=,8RfJanu3V1O9OPYEfgOboUDkSX4=
-38,195,bp1J2DTVu0bIycHGZfdbKLXO/ug=,8RfJanu3V1O9OPYEfgOboUDkSX4=
-48,207,bp1J2DTVu0bIycHGZfdbKLXO/ug=,8RfJanu3V1O9OPYEfgOboUDkSX4=
-47,207,bp1J2DTVu0bIycHGZfdbKLXO/ug=,8RfJanu3V1O9OPYEfgOboUDkSX4=
-46,207,bp1J2DTVu0bIycHGZfdbKLXO/ug=,8RfJanu3V1O9OPYEfgOboUDkSX4=
-45,207,bp1J2DTVu0bIycHGZfdbKLXO/ug=,8RfJanu3V1O9OPYEfgOboUDkSX4=
-44,207,bp1J2DTVu0bIycHGZfdbKLXO/ug=,8RfJanu3V1O9OPYEfgOboUDkSX4=
-43,207,bp1J2DTVu0bIycHGZfdbKLXO/ug=,8RfJanu3V1O9OPYEfgOboUDkSX4=
-42,207,bp1J2DTVu0bIycHGZfdbKLXO/ug=,8RfJanu3V1O9OPYEfgOboUDkSX4=
-41,207,bp1J2DTVu0bIycHGZfdbKLXO/ug=,8RfJanu3V1O9OPYEfgOboUDkSX4=
-40,207,bp1J2DTVu0bIycHGZfdbKLXO/ug=,8RfJanu3V1O9OPYEfgOboUDkSX4=
-39,207,bp1J2DTVu0bIycHGZfdbKLXO/ug=,8RfJanu3V1O9OPYEfgOboUDkSX4=
-38,207,bp1J2DTVu0bIycHGZfdbKLXO/ug=,8RfJanu3V1O9OPYEfgOboUDkSX4=
-37,207,bp1J2DTVu0bIycHGZfdbKLXO/ug=,8RfJanu3V1O9OPYEfgOboUDkSX4=
-38,202,bp1J2DTVu0bIycHGZfdbKLXO/ug=,8RfJanu3V1O9OPYEfgOboUDkSX4=
-33,207,bp1J2DTVu0bIycHGZfdbKLXO/ug=,8RfJanu3V1O9OPYEfgOboUDkSX4=
-36,207,bp1J2DTVu0bIycHGZfdbKLXO/ug=,8RfJanu3V1O9OPYEfgOboUDkSX4=
-35,207,bp1J2DTVu0bIycHGZfdbKLXO/ug=,8RfJanu3V1O9OPYEfgOboUDkSX4=
-34,207,bp1J2DTVu0bIycHGZfdbKLXO/ug=,8RfJanu3V1O9OPYEfgOboUDkSX4=
-33,202,bp1J2DTVu0bIycHGZfdbKLXO/ug=,8RfJanu3V1O9OPYEfgOboUDkSX4=
-37,202,bp1J2DTVu0bIycHGZfdbKLXO/ug=,8RfJanu3V1O9OPYEfgOboUDkSX4=
-33,203,bp1J2DTVu0bIycHGZfdbKLXO/ug=,8RfJanu3V1O9OPYEfgOboUDkSX4=
-33,204,bp1J2DTVu0bIycHGZfdbKLXO/ug=,8RfJanu3V1O9OPYEfgOboUDkSX4=
-33,205,bp1J2DTVu0bIycHGZfdbKLXO/ug=,8RfJanu3V1O9OPYEfgOboUDkSX4=
-33,206,bp1J2DTVu0bIycHGZfdbKLXO/ug=,8RfJanu3V1O9OPYEfgOboUDkSX4=
-36,202,bp1J2DTVu0bIycHGZfdbKLXO/ug=,8RfJanu3V1O9OPYEfgOboUDkSX4=
-34,206,bp1J2DTVu0bIycHGZfdbKLXO/ug=,8RfJanu3V1O9OPYEfgOboUDkSX4=
-35,206,bp1J2DTVu0bIycHGZfdbKLXO/ug=,8RfJanu3V1O9OPYEfgOboUDkSX4=
-34,205,bp1J2DTVu0bIycHGZfdbKLXO/ug=,8RfJanu3V1O9OPYEfgOboUDkSX4=
-35,202,bp1J2DTVu0bIycHGZfdbKLXO/ug=,8RfJanu3V1O9OPYEfgOboUDkSX4=
-38,206,bp1J2DTVu0bIycHGZfdbKLXO/ug=,8RfJanu3V1O9OPYEfgOboUDkSX4=
-34,202,bp1J2DTVu0bIycHGZfdbKLXO/ug=,8RfJanu3V1O9OPYEfgOboUDkSX4=
-36,206,bp1J2DTVu0bIycHGZfdbKLXO/ug=,8RfJanu3V1O9OPYEfgOboUDkSX4=
-34,204,bp1J2DTVu0bIycHGZfdbKLXO/ug=,8RfJanu3V1O9OPYEfgOboUDkSX4=
-38,205,bp1J2DTVu0bIycHGZfdbKLXO/ug=,8RfJanu3V1O9OPYEfgOboUDkSX4=
-38,203,bp1J2DTVu0bIycHGZfdbKLXO/ug=,8RfJanu3V1O9OPYEfgOboUDkSX4=
-35,205,bp1J2DTVu0bIycHGZfdbKLXO/ug=,8RfJanu3V1O9OPYEfgOboUDkSX4=
-37,205,bp1J2DTVu0bIycHGZfdbKLXO/ug=,8RfJanu3V1O9OPYEfgOboUDkSX4=
-37,206,bp1J2DTVu0bIycHGZfdbKLXO/ug=,8RfJanu3V1O9OPYEfgOboUDkSX4=
-35,204,bp1J2DTVu0bIycHGZfdbKLXO/ug=,8RfJanu3V1O9OPYEfgOboUDkSX4=
-36,205,bp1J2DTVu0bIycHGZfdbKLXO/ug=,8RfJanu3V1O9OPYEfgOboUDkSX4=
-38,204,bp1J2DTVu0bIycHGZfdbKLXO/ug=,8RfJanu3V1O9OPYEfgOboUDkSX4=
-34,203,bp1J2DTVu0bIycHGZfdbKLXO/ug=,8RfJanu3V1O9OPYEfgOboUDkSX4=
-37,204,bp1J2DTVu0bIycHGZfdbKLXO/ug=,8RfJanu3V1O9OPYEfgOboUDkSX4=
-35,203,bp1J2DTVu0bIycHGZfdbKLXO/ug=,8RfJanu3V1O9OPYEfgOboUDkSX4=
-37,203,bp1J2DTVu0bIycHGZfdbKLXO/ug=,8RfJanu3V1O9OPYEfgOboUDkSX4=
-36,204,bp1J2DTVu0bIycHGZfdbKLXO/ug=,8RfJanu3V1O9OPYEfgOboUDkSX4=
-36,203,bp1J2DTVu0bIycHGZfdbKLXO/ug=,8RfJanu3V1O9OPYEfgOboUDkSX4=
