-107,-16,afCEQOVLKFShg5gPjqrfeiLwgyw=,Cpj+IoQJcdeNwBJ/rdtInfZLuqQ=
-106,-13,afCEQOVLKFShg5gPjqrfeiLwgyw=,Cpj+IoQJcdeNwBJ/rdtInfZLuqQ=
-106,-14,afCEQOVLKFShg5gPjqrfeiLwgyw=,Cpj+IoQJcdeNwBJ/rdtInfZLuqQ=
-107,-14,afCEQOVLKFShg5gPjqrfeiLwgyw=,Cpj+IoQJcdeNwBJ/rdtInfZLuqQ=
-109,-16,afCEQOVLKFShg5gPjqrfeiLwgyw=,Cpj+IoQJcdeNwBJ/rdtInfZLuqQ=
-107,-13,afCEQOVLKFShg5gPjqrfeiLwgyw=,Cpj+IoQJcdeNwBJ/rdtInfZLuqQ=
-105,-13,afCEQOVLKFShg5gPjqrfeiLwgyw=,Cpj+IoQJcdeNwBJ/rdtInfZLuqQ=
-108,-13,afCEQOVLKFShg5gPjqrfeiLwgyw=,Cpj+IoQJcdeNwBJ/rdtInfZLuqQ=
-104,-13,afCEQOVLKFShg5gPjqrfeiLwgyw=,Cpj+IoQJcdeNwBJ/rdtInfZLuqQ=
-109,-13,afCEQOVLKFShg5gPjqrfeiLwgyw=,Cpj+IoQJcdeNwBJ/rdtInfZLuqQ=
-108,-15,afCEQOVLKFShg5gPjqrfeiLwgyw=,Cpj+IoQJcdeNwBJ/rdtInfZLuqQ=
-107,-15,afCEQOVLKFShg5gPjqrfeiLwgyw=,Cpj+IoQJcdeNwBJ/rdtInfZLuqQ=
-111,-16,afCEQOVLKFShg5gPjqrfeiLwgyw=,Cpj+IoQJcdeNwBJ/rdtInfZLuqQ=
-110,-13,afCEQOVLKFShg5gPjqrfeiLwgyw=,Cpj+IoQJcdeNwBJ/rdtInfZLuqQ=
-108,-14,afCEQOVLKFShg5gPjqrfeiLwgyw=,Cpj+IoQJcdeNwBJ/rdtInfZLuqQ=
-97,-1,afCEQOVLKFShg5gPjqrfeiLwgyw=,Cpj+IoQJcdeNwBJ/rdtInfZLuqQ=
-98,-1,afCEQOVLKFShg5gPjqrfeiLwgyw=,Cpj+IoQJcdeNwBJ/rdtInfZLuqQ=
-100,-1,afCEQOVLKFShg5gPjqrfeiLwgyw=,Cpj+IoQJcdeNwBJ/rdtInfZLuqQ=
-99,-1,afCEQOVLKFShg5gPjqrfeiLwgyw=,Cpj+IoQJcdeNwBJ/rdtInfZLuqQ=
-101,-1,afCEQOVLKFShg5gPjqrfeiLwgyw=,Cpj+IoQJcdeNwBJ/rdtInfZLuqQ=
-102,-1,afCEQOVLKFShg5gPjqrfeiLwgyw=,Cpj+IoQJcdeNwBJ/rdtInfZLuqQ=
-103,-1,afCEQOVLKFShg5gPjqrfeiLwgyw=,Cpj+IoQJcdeNwBJ/rdtInfZLuqQ=
-104,-1,afCEQOVLKFShg5gPjqrfeiLwgyw=,Cpj+IoQJcdeNwBJ/rdtInfZLuqQ=
-111,-1,afCEQOVLKFShg5gPjqrfeiLwgyw=,Cpj+IoQJcdeNwBJ/rdtInfZLuqQ=
-108,-16,afCEQOVLKFShg5gPjqrfeiLwgyw=,Cpj+IoQJcdeNwBJ/rdtInfZLuqQ=
-111,-13,afCEQOVLKFShg5gPjqrfeiLwgyw=,Cpj+IoQJcdeNwBJ/rdtInfZLuqQ=
-103,-13,afCEQOVLKFShg5gPjqrfeiLwgyw=,Cpj+IoQJcdeNwBJ/rdtInfZLuqQ=
-105,-1,afCEQOVLKFShg5gPjqrfeiLwgyw=,Cpj+IoQJcdeNwBJ/rdtInfZLuqQ=
-109,-14,afCEQOVLKFShg5gPjqrfeiLwgyw=,Cpj+IoQJcdeNwBJ/rdtInfZLuqQ=
-97,-2,afCEQOVLKFShg5gPjqrfeiLwgyw=,Cpj+IoQJcdeNwBJ/rdtInfZLuqQ=
-98,-2,afCEQOVLKFShg5gPjqrfeiLwgyw=,Cpj+IoQJcdeNwBJ/rdtInfZLuqQ=
-99,-2,afCEQOVLKFShg5gPjqrfeiLwgyw=,Cpj+IoQJcdeNwBJ/rdtInfZLuqQ=
-100,-2,afCEQOVLKFShg5gPjqrfeiLwgyw=,Cpj+IoQJcdeNwBJ/rdtInfZLuqQ=
-101,-2,afCEQOVLKFShg5gPjqrfeiLwgyw=,Cpj+IoQJcdeNwBJ/rdtInfZLuqQ=
-102,-2,afCEQOVLKFShg5gPjqrfeiLwgyw=,Cpj+IoQJcdeNwBJ/rdtInfZLuqQ=
-103,-2,afCEQOVLKFShg5gPjqrfeiLwgyw=,Cpj+IoQJcdeNwBJ/rdtInfZLuqQ=
-106,-1,afCEQOVLKFShg5gPjqrfeiLwgyw=,Cpj+IoQJcdeNwBJ/rdtInfZLuqQ=
-108,-1,afCEQOVLKFShg5gPjqrfeiLwgyw=,Cpj+IoQJcdeNwBJ/rdtInfZLuqQ=
-107,-1,afCEQOVLKFShg5gPjqrfeiLwgyw=,Cpj+IoQJcdeNwBJ/rdtInfZLuqQ=
-109,-1,afCEQOVLKFShg5gPjqrfeiLwgyw=,Cpj+IoQJcdeNwBJ/rdtInfZLuqQ=
-112,-1,afCEQOVLKFShg5gPjqrfeiLwgyw=,Cpj+IoQJcdeNwBJ/rdtInfZLuqQ=
-105,-2,afCEQOVLKFShg5gPjqrfeiLwgyw=,Cpj+IoQJcdeNwBJ/rdtInfZLuqQ=
-104,-2,afCEQOVLKFShg5gPjqrfeiLwgyw=,Cpj+IoQJcdeNwBJ/rdtInfZLuqQ=
-110,-1,afCEQOVLKFShg5gPjqrfeiLwgyw=,Cpj+IoQJcdeNwBJ/rdtInfZLuqQ=
-107,-2,afCEQOVLKFShg5gPjqrfeiLwgyw=,Cpj+IoQJcdeNwBJ/rdtInfZLuqQ=
-106,-2,afCEQOVLKFShg5gPjqrfeiLwgyw=,Cpj+IoQJcdeNwBJ/rdtInfZLuqQ=
-108,-2,afCEQOVLKFShg5gPjqrfeiLwgyw=,Cpj+IoQJcdeNwBJ/rdtInfZLuqQ=
-102,-13,afCEQOVLKFShg5gPjqrfeiLwgyw=,Cpj+IoQJcdeNwBJ/rdtInfZLuqQ=
-109,-2,afCEQOVLKFShg5gPjqrfeiLwgyw=,Cpj+IoQJcdeNwBJ/rdtInfZLuqQ=
-110,-2,afCEQOVLKFShg5gPjqrfeiLwgyw=,Cpj+IoQJcdeNwBJ/rdtInfZLuqQ=
-109,-15,afCEQOVLKFShg5gPjqrfeiLwgyw=,Cpj+IoQJcdeNwBJ/rdtInfZLuqQ=
-110,-14,afCEQOVLKFShg5gPjqrfeiLwgyw=,Cpj+IoQJcdeNwBJ/rdtInfZLuqQ=
-111,-2,afCEQOVLKFShg5gPjqrfeiLwgyw=,Cpj+IoQJcdeNwBJ/rdtInfZLuqQ=
-97,-3,afCEQOVLKFShg5gPjqrfeiLwgyw=,Cpj+IoQJcdeNwBJ/rdtInfZLuqQ=
-98,-3,afCEQOVLKFShg5gPjqrfeiLwgyw=,Cpj+IoQJcdeNwBJ/rdtInfZLuqQ=
-99,-3,afCEQOVLKFShg5gPjqrfeiLwgyw=,Cpj+IoQJcdeNwBJ/rdtInfZLuqQ=
-100,-3,afCEQOVLKFShg5gPjqrfeiLwgyw=,Cpj+IoQJcdeNwBJ/rdtInfZLuqQ=
-101,-3,afCEQOVLKFShg5gPjqrfeiLwgyw=,Cpj+IoQJcdeNwBJ/rdtInfZLuqQ=
-102,-3,afCEQOVLKFShg5gPjqrfeiLwgyw=,Cpj+IoQJcdeNwBJ/rdtInfZLuqQ=
-112,-2,afCEQOVLKFShg5gPjqrfeiLwgyw=,Cpj+IoQJcdeNwBJ/rdtInfZLuqQ=
-103,-3,afCEQOVLKFShg5gPjqrfeiLwgyw=,Cpj+IoQJcdeNwBJ/rdtInfZLuqQ=
-105,-3,afCEQOVLKFShg5gPjqrfeiLwgyw=,Cpj+IoQJcdeNwBJ/rdtInfZLuqQ=
-104,-3,afCEQOVLKFShg5gPjqrfeiLwgyw=,Cpj+IoQJcdeNwBJ/rdtInfZLuqQ=
-107,-3,afCEQOVLKFShg5gPjqrfeiLwgyw=,Cpj+IoQJcdeNwBJ/rdtInfZLuqQ=
-106,-3,afCEQOVLKFShg5gPjqrfeiLwgyw=,Cpj+IoQJcdeNwBJ/rdtInfZLuqQ=
-108,-3,afCEQOVLKFShg5gPjqrfeiLwgyw=,Cpj+IoQJcdeNwBJ/rdtInfZLuqQ=
-109,-3,afCEQOVLKFShg5gPjqrfeiLwgyw=,Cpj+IoQJcdeNwBJ/rdtInfZLuqQ=
-111,-3,afCEQOVLKFShg5gPjqrfeiLwgyw=,Cpj+IoQJcdeNwBJ/rdtInfZLuqQ=
-110,-15,afCEQOVLKFShg5gPjqrfeiLwgyw=,Cpj+IoQJcdeNwBJ/rdtInfZLuqQ=
-111,-14,afCEQOVLKFShg5gPjqrfeiLwgyw=,Cpj+IoQJcdeNwBJ/rdtInfZLuqQ=
-101,-13,afCEQOVLKFShg5gPjqrfeiLwgyw=,Cpj+IoQJcdeNwBJ/rdtInfZLuqQ=
-112,-3,afCEQOVLKFShg5gPjqrfeiLwgyw=,Cpj+IoQJcdeNwBJ/rdtInfZLuqQ=
-97,-4,afCEQOVLKFShg5gPjqrfeiLwgyw=,Cpj+IoQJcdeNwBJ/rdtInfZLuqQ=
-98,-4,afCEQOVLKFShg5gPjqrfeiLwgyw=,Cpj+IoQJcdeNwBJ/rdtInfZLuqQ=
-99,-4,afCEQOVLKFShg5gPjqrfeiLwgyw=,Cpj+IoQJcdeNwBJ/rdtInfZLuqQ=
-100,-4,afCEQOVLKFShg5gPjqrfeiLwgyw=,Cpj+IoQJcdeNwBJ/rdtInfZLuqQ=
-101,-4,afCEQOVLKFShg5gPjqrfeiLwgyw=,Cpj+IoQJcdeNwBJ/rdtInfZLuqQ=
-102,-4,afCEQOVLKFShg5gPjqrfeiLwgyw=,Cpj+IoQJcdeNwBJ/rdtInfZLuqQ=
-110,-3,afCEQOVLKFShg5gPjqrfeiLwgyw=,Cpj+IoQJcdeNwBJ/rdtInfZLuqQ=
-103,-4,afCEQOVLKFShg5gPjqrfeiLwgyw=,Cpj+IoQJcdeNwBJ/rdtInfZLuqQ=
-105,-4,afCEQOVLKFShg5gPjqrfeiLwgyw=,Cpj+IoQJcdeNwBJ/rdtInfZLuqQ=
-104,-4,afCEQOVLKFShg5gPjqrfeiLwgyw=,Cpj+IoQJcdeNwBJ/rdtInfZLuqQ=
-106,-4,afCEQOVLKFShg5gPjqrfeiLwgyw=,Cpj+IoQJcdeNwBJ/rdtInfZLuqQ=
-107,-4,afCEQOVLKFShg5gPjqrfeiLwgyw=,Cpj+IoQJcdeNwBJ/rdtInfZLuqQ=
-100,-13,afCEQOVLKFShg5gPjqrfeiLwgyw=,Cpj+IoQJcdeNwBJ/rdtInfZLuqQ=
-108,-4,afCEQOVLKFShg5gPjqrfeiLwgyw=,Cpj+IoQJcdeNwBJ/rdtInfZLuqQ=
-109,-4,afCEQOVLKFShg5gPjqrfeiLwgyw=,Cpj+IoQJcdeNwBJ/rdtInfZLuqQ=
-111,-4,afCEQOVLKFShg5gPjqrfeiLwgyw=,Cpj+IoQJcdeNwBJ/rdtInfZLuqQ=
-111,-15,afCEQOVLKFShg5gPjqrfeiLwgyw=,Cpj+IoQJcdeNwBJ/rdtInfZLuqQ=
-110,-4,afCEQOVLKFShg5gPjqrfeiLwgyw=,Cpj+IoQJcdeNwBJ/rdtInfZLuqQ=
-112,-15,afCEQOVLKFShg5gPjqrfeiLwgyw=,Cpj+IoQJcdeNwBJ/rdtInfZLuqQ=
-112,-13,afCEQOVLKFShg5gPjqrfeiLwgyw=,Cpj+IoQJcdeNwBJ/rdtInfZLuqQ=
-97,-16,afCEQOVLKFShg5gPjqrfeiLwgyw=,Cpj+IoQJcdeNwBJ/rdtInfZLuqQ=
-110,-16,afCEQOVLKFShg5gPjqrfeiLwgyw=,Cpj+IoQJcdeNwBJ/rdtInfZLuqQ=
-98,-16,afCEQOVLKFShg5gPjqrfeiLwgyw=,Cpj+IoQJcdeNwBJ/rdtInfZLuqQ=
-112,-16,afCEQOVLKFShg5gPjqrfeiLwgyw=,Cpj+IoQJcdeNwBJ/rdtInfZLuqQ=
-112,-14,afCEQOVLKFShg5gPjqrfeiLwgyw=,Cpj+IoQJcdeNwBJ/rdtInfZLuqQ=
-97,-14,afCEQOVLKFShg5gPjqrfeiLwgyw=,Cpj+IoQJcdeNwBJ/rdtInfZLuqQ=
-97,-15,afCEQOVLKFShg5gPjqrfeiLwgyw=,Cpj+IoQJcdeNwBJ/rdtInfZLuqQ=
-98,-15,afCEQOVLKFShg5gPjqrfeiLwgyw=,Cpj+IoQJcdeNwBJ/rdtInfZLuqQ=
-97,-5,afCEQOVLKFShg5gPjqrfeiLwgyw=,Cpj+IoQJcdeNwBJ/rdtInfZLuqQ=
-98,-5,afCEQOVLKFShg5gPjqrfeiLwgyw=,Cpj+IoQJcdeNwBJ/rdtInfZLuqQ=
-99,-5,afCEQOVLKFShg5gPjqrfeiLwgyw=,Cpj+IoQJcdeNwBJ/rdtInfZLuqQ=
-100,-5,afCEQOVLKFShg5gPjqrfeiLwgyw=,Cpj+IoQJcdeNwBJ/rdtInfZLuqQ=
-101,-5,afCEQOVLKFShg5gPjqrfeiLwgyw=,Cpj+IoQJcdeNwBJ/rdtInfZLuqQ=
-102,-5,afCEQOVLKFShg5gPjqrfeiLwgyw=,Cpj+IoQJcdeNwBJ/rdtInfZLuqQ=
-103,-5,afCEQOVLKFShg5gPjqrfeiLwgyw=,Cpj+IoQJcdeNwBJ/rdtInfZLuqQ=
-99,-13,afCEQOVLKFShg5gPjqrfeiLwgyw=,Cpj+IoQJcdeNwBJ/rdtInfZLuqQ=
-112,-4,afCEQOVLKFShg5gPjqrfeiLwgyw=,Cpj+IoQJcdeNwBJ/rdtInfZLuqQ=
-104,-5,afCEQOVLKFShg5gPjqrfeiLwgyw=,Cpj+IoQJcdeNwBJ/rdtInfZLuqQ=
-105,-5,afCEQOVLKFShg5gPjqrfeiLwgyw=,Cpj+IoQJcdeNwBJ/rdtInfZLuqQ=
-98,-13,afCEQOVLKFShg5gPjqrfeiLwgyw=,Cpj+IoQJcdeNwBJ/rdtInfZLuqQ=
-106,-15,afCEQOVLKFShg5gPjqrfeiLwgyw=,Cpj+IoQJcdeNwBJ/rdtInfZLuqQ=
-106,-5,afCEQOVLKFShg5gPjqrfeiLwgyw=,Cpj+IoQJcdeNwBJ/rdtInfZLuqQ=
-97,-13,afCEQOVLKFShg5gPjqrfeiLwgyw=,Cpj+IoQJcdeNwBJ/rdtInfZLuqQ=
-105,-14,afCEQOVLKFShg5gPjqrfeiLwgyw=,Cpj+IoQJcdeNwBJ/rdtInfZLuqQ=
-106,-16,afCEQOVLKFShg5gPjqrfeiLwgyw=,Cpj+IoQJcdeNwBJ/rdtInfZLuqQ=
-112,-12,afCEQOVLKFShg5gPjqrfeiLwgyw=,Cpj+IoQJcdeNwBJ/rdtInfZLuqQ=
-111,-12,afCEQOVLKFShg5gPjqrfeiLwgyw=,Cpj+IoQJcdeNwBJ/rdtInfZLuqQ=
-110,-12,afCEQOVLKFShg5gPjqrfeiLwgyw=,Cpj+IoQJcdeNwBJ/rdtInfZLuqQ=
-109,-12,afCEQOVLKFShg5gPjqrfeiLwgyw=,Cpj+IoQJcdeNwBJ/rdtInfZLuqQ=
-108,-12,afCEQOVLKFShg5gPjqrfeiLwgyw=,Cpj+IoQJcdeNwBJ/rdtInfZLuqQ=
-107,-12,afCEQOVLKFShg5gPjqrfeiLwgyw=,Cpj+IoQJcdeNwBJ/rdtInfZLuqQ=
-106,-12,afCEQOVLKFShg5gPjqrfeiLwgyw=,Cpj+IoQJcdeNwBJ/rdtInfZLuqQ=
-105,-12,afCEQOVLKFShg5gPjqrfeiLwgyw=,Cpj+IoQJcdeNwBJ/rdtInfZLuqQ=
-108,-5,afCEQOVLKFShg5gPjqrfeiLwgyw=,Cpj+IoQJcdeNwBJ/rdtInfZLuqQ=
-107,-5,afCEQOVLKFShg5gPjqrfeiLwgyw=,Cpj+IoQJcdeNwBJ/rdtInfZLuqQ=
-104,-12,afCEQOVLKFShg5gPjqrfeiLwgyw=,Cpj+IoQJcdeNwBJ/rdtInfZLuqQ=
-110,-5,afCEQOVLKFShg5gPjqrfeiLwgyw=,Cpj+IoQJcdeNwBJ/rdtInfZLuqQ=
-109,-5,afCEQOVLKFShg5gPjqrfeiLwgyw=,Cpj+IoQJcdeNwBJ/rdtInfZLuqQ=
-112,-5,afCEQOVLKFShg5gPjqrfeiLwgyw=,Cpj+IoQJcdeNwBJ/rdtInfZLuqQ=
-99,-16,afCEQOVLKFShg5gPjqrfeiLwgyw=,Cpj+IoQJcdeNwBJ/rdtInfZLuqQ=
-111,-5,afCEQOVLKFShg5gPjqrfeiLwgyw=,Cpj+IoQJcdeNwBJ/rdtInfZLuqQ=
-97,-6,afCEQOVLKFShg5gPjqrfeiLwgyw=,Cpj+IoQJcdeNwBJ/rdtInfZLuqQ=
-99,-15,afCEQOVLKFShg5gPjqrfeiLwgyw=,Cpj+IoQJcdeNwBJ/rdtInfZLuqQ=
-98,-6,afCEQOVLKFShg5gPjqrfeiLwgyw=,Cpj+IoQJcdeNwBJ/rdtInfZLuqQ=
-99,-6,afCEQOVLKFShg5gPjqrfeiLwgyw=,Cpj+IoQJcdeNwBJ/rdtInfZLuqQ=
-100,-6,afCEQOVLKFShg5gPjqrfeiLwgyw=,Cpj+IoQJcdeNwBJ/rdtInfZLuqQ=
-101,-6,afCEQOVLKFShg5gPjqrfeiLwgyw=,Cpj+IoQJcdeNwBJ/rdtInfZLuqQ=
-102,-6,afCEQOVLKFShg5gPjqrfeiLwgyw=,Cpj+IoQJcdeNwBJ/rdtInfZLuqQ=
-103,-6,afCEQOVLKFShg5gPjqrfeiLwgyw=,Cpj+IoQJcdeNwBJ/rdtInfZLuqQ=
-98,-14,afCEQOVLKFShg5gPjqrfeiLwgyw=,Cpj+IoQJcdeNwBJ/rdtInfZLuqQ=
-104,-6,afCEQOVLKFShg5gPjqrfeiLwgyw=,Cpj+IoQJcdeNwBJ/rdtInfZLuqQ=
-103,-12,afCEQOVLKFShg5gPjqrfeiLwgyw=,Cpj+IoQJcdeNwBJ/rdtInfZLuqQ=
-105,-6,afCEQOVLKFShg5gPjqrfeiLwgyw=,Cpj+IoQJcdeNwBJ/rdtInfZLuqQ=
-102,-12,afCEQOVLKFShg5gPjqrfeiLwgyw=,Cpj+IoQJcdeNwBJ/rdtInfZLuqQ=
-106,-6,afCEQOVLKFShg5gPjqrfeiLwgyw=,Cpj+IoQJcdeNwBJ/rdtInfZLuqQ=
-107,-6,afCEQOVLKFShg5gPjqrfeiLwgyw=,Cpj+IoQJcdeNwBJ/rdtInfZLuqQ=
-101,-12,afCEQOVLKFShg5gPjqrfeiLwgyw=,Cpj+IoQJcdeNwBJ/rdtInfZLuqQ=
-108,-6,afCEQOVLKFShg5gPjqrfeiLwgyw=,Cpj+IoQJcdeNwBJ/rdtInfZLuqQ=
-110,-6,afCEQOVLKFShg5gPjqrfeiLwgyw=,Cpj+IoQJcdeNwBJ/rdtInfZLuqQ=
-111,-6,afCEQOVLKFShg5gPjqrfeiLwgyw=,Cpj+IoQJcdeNwBJ/rdtInfZLuqQ=
-112,-6,afCEQOVLKFShg5gPjqrfeiLwgyw=,Cpj+IoQJcdeNwBJ/rdtInfZLuqQ=
-100,-16,afCEQOVLKFShg5gPjqrfeiLwgyw=,Cpj+IoQJcdeNwBJ/rdtInfZLuqQ=
-99,-14,afCEQOVLKFShg5gPjqrfeiLwgyw=,Cpj+IoQJcdeNwBJ/rdtInfZLuqQ=
-97,-7,afCEQOVLKFShg5gPjqrfeiLwgyw=,Cpj+IoQJcdeNwBJ/rdtInfZLuqQ=
-100,-15,afCEQOVLKFShg5gPjqrfeiLwgyw=,Cpj+IoQJcdeNwBJ/rdtInfZLuqQ=
-98,-7,klA+9ZvcKmsNBVfdJh1LnGh/VIA=,Cpj+IoQJcdeNwBJ/rdtInfZLuqQ=
-99,-7,klA+9ZvcKmsNBVfdJh1LnGh/VIA=,Cpj+IoQJcdeNwBJ/rdtInfZLuqQ=
-100,-7,klA+9ZvcKmsNBVfdJh1LnGh/VIA=,Cpj+IoQJcdeNwBJ/rdtInfZLuqQ=
-101,-7,klA+9ZvcKmsNBVfdJh1LnGh/VIA=,Cpj+IoQJcdeNwBJ/rdtInfZLuqQ=
-102,-7,klA+9ZvcKmsNBVfdJh1LnGh/VIA=,Cpj+IoQJcdeNwBJ/rdtInfZLuqQ=
-103,-7,klA+9ZvcKmsNBVfdJh1LnGh/VIA=,Cpj+IoQJcdeNwBJ/rdtInfZLuqQ=
-104,-7,klA+9ZvcKmsNBVfdJh1LnGh/VIA=,Cpj+IoQJcdeNwBJ/rdtInfZLuqQ=
-109,-6,klA+9ZvcKmsNBVfdJh1LnGh/VIA=,Cpj+IoQJcdeNwBJ/rdtInfZLuqQ=
-100,-12,klA+9ZvcKmsNBVfdJh1LnGh/VIA=,Cpj+IoQJcdeNwBJ/rdtInfZLuqQ=
-105,-7,klA+9ZvcKmsNBVfdJh1LnGh/VIA=,Cpj+IoQJcdeNwBJ/rdtInfZLuqQ=
-106,-7,klA+9ZvcKmsNBVfdJh1LnGh/VIA=,Cpj+IoQJcdeNwBJ/rdtInfZLuqQ=
-107,-7,klA+9ZvcKmsNBVfdJh1LnGh/VIA=,Cpj+IoQJcdeNwBJ/rdtInfZLuqQ=
-99,-12,klA+9ZvcKmsNBVfdJh1LnGh/VIA=,Cpj+IoQJcdeNwBJ/rdtInfZLuqQ=
-108,-7,klA+9ZvcKmsNBVfdJh1LnGh/VIA=,Cpj+IoQJcdeNwBJ/rdtInfZLuqQ=
-110,-7,klA+9ZvcKmsNBVfdJh1LnGh/VIA=,Cpj+IoQJcdeNwBJ/rdtInfZLuqQ=
-111,-7,klA+9ZvcKmsNBVfdJh1LnGh/VIA=,Cpj+IoQJcdeNwBJ/rdtInfZLuqQ=
-112,-7,klA+9ZvcKmsNBVfdJh1LnGh/VIA=,Cpj+IoQJcdeNwBJ/rdtInfZLuqQ=
-101,-16,klA+9ZvcKmsNBVfdJh1LnGh/VIA=,Cpj+IoQJcdeNwBJ/rdtInfZLuqQ=
-100,-14,klA+9ZvcKmsNBVfdJh1LnGh/VIA=,Cpj+IoQJcdeNwBJ/rdtInfZLuqQ=
-97,-8,klA+9ZvcKmsNBVfdJh1LnGh/VIA=,Cpj+IoQJcdeNwBJ/rdtInfZLuqQ=
-101,-15,klA+9ZvcKmsNBVfdJh1LnGh/VIA=,Cpj+IoQJcdeNwBJ/rdtInfZLuqQ=
-98,-8,klA+9ZvcKmsNBVfdJh1LnGh/VIA=,Cpj+IoQJcdeNwBJ/rdtInfZLuqQ=
-99,-8,klA+9ZvcKmsNBVfdJh1LnGh/VIA=,Cpj+IoQJcdeNwBJ/rdtInfZLuqQ=
-100,-8,klA+9ZvcKmsNBVfdJh1LnGh/VIA=,Cpj+IoQJcdeNwBJ/rdtInfZLuqQ=
-101,-8,klA+9ZvcKmsNBVfdJh1LnGh/VIA=,Cpj+IoQJcdeNwBJ/rdtInfZLuqQ=
-102,-8,klA+9ZvcKmsNBVfdJh1LnGh/VIA=,Cpj+IoQJcdeNwBJ/rdtInfZLuqQ=
-103,-8,klA+9ZvcKmsNBVfdJh1LnGh/VIA=,Cpj+IoQJcdeNwBJ/rdtInfZLuqQ=
-104,-8,klA+9ZvcKmsNBVfdJh1LnGh/VIA=,Cpj+IoQJcdeNwBJ/rdtInfZLuqQ=
-109,-7,klA+9ZvcKmsNBVfdJh1LnGh/VIA=,Cpj+IoQJcdeNwBJ/rdtInfZLuqQ=
-105,-8,klA+9ZvcKmsNBVfdJh1LnGh/VIA=,Cpj+IoQJcdeNwBJ/rdtInfZLuqQ=
-98,-12,klA+9ZvcKmsNBVfdJh1LnGh/VIA=,Cpj+IoQJcdeNwBJ/rdtInfZLuqQ=
-105,-15,klA+9ZvcKmsNBVfdJh1LnGh/VIA=,Cpj+IoQJcdeNwBJ/rdtInfZLuqQ=
-106,-8,klA+9ZvcKmsNBVfdJh1LnGh/VIA=,Cpj+IoQJcdeNwBJ/rdtInfZLuqQ=
-107,-8,klA+9ZvcKmsNBVfdJh1LnGh/VIA=,Cpj+IoQJcdeNwBJ/rdtInfZLuqQ=
-97,-12,klA+9ZvcKmsNBVfdJh1LnGh/VIA=,Cpj+IoQJcdeNwBJ/rdtInfZLuqQ=
-104,-14,klA+9ZvcKmsNBVfdJh1LnGh/VIA=,Cpj+IoQJcdeNwBJ/rdtInfZLuqQ=
-105,-16,klA+9ZvcKmsNBVfdJh1LnGh/VIA=,Cpj+IoQJcdeNwBJ/rdtInfZLuqQ=
-112,-11,klA+9ZvcKmsNBVfdJh1LnGh/VIA=,Cpj+IoQJcdeNwBJ/rdtInfZLuqQ=
-111,-11,klA+9ZvcKmsNBVfdJh1LnGh/VIA=,Cpj+IoQJcdeNwBJ/rdtInfZLuqQ=
-110,-11,klA+9ZvcKmsNBVfdJh1LnGh/VIA=,Cpj+IoQJcdeNwBJ/rdtInfZLuqQ=
-109,-11,klA+9ZvcKmsNBVfdJh1LnGh/VIA=,Cpj+IoQJcdeNwBJ/rdtInfZLuqQ=
-108,-11,klA+9ZvcKmsNBVfdJh1LnGh/VIA=,Cpj+IoQJcdeNwBJ/rdtInfZLuqQ=
-107,-11,klA+9ZvcKmsNBVfdJh1LnGh/VIA=,Cpj+IoQJcdeNwBJ/rdtInfZLuqQ=
-109,-8,klA+9ZvcKmsNBVfdJh1LnGh/VIA=,Cpj+IoQJcdeNwBJ/rdtInfZLuqQ=
-108,-8,klA+9ZvcKmsNBVfdJh1LnGh/VIA=,Cpj+IoQJcdeNwBJ/rdtInfZLuqQ=
-110,-8,klA+9ZvcKmsNBVfdJh1LnGh/VIA=,Cpj+IoQJcdeNwBJ/rdtInfZLuqQ=
-102,-16,klA+9ZvcKmsNBVfdJh1LnGh/VIA=,Cpj+IoQJcdeNwBJ/rdtInfZLuqQ=
-111,-8,klA+9ZvcKmsNBVfdJh1LnGh/VIA=,Cpj+IoQJcdeNwBJ/rdtInfZLuqQ=
-112,-8,klA+9ZvcKmsNBVfdJh1LnGh/VIA=,Cpj+IoQJcdeNwBJ/rdtInfZLuqQ=
-97,-9,klA+9ZvcKmsNBVfdJh1LnGh/VIA=,Cpj+IoQJcdeNwBJ/rdtInfZLuqQ=
-102,-15,klA+9ZvcKmsNBVfdJh1LnGh/VIA=,Cpj+IoQJcdeNwBJ/rdtInfZLuqQ=
-98,-9,klA+9ZvcKmsNBVfdJh1LnGh/VIA=,Cpj+IoQJcdeNwBJ/rdtInfZLuqQ=
-99,-9,klA+9ZvcKmsNBVfdJh1LnGh/VIA=,Cpj+IoQJcdeNwBJ/rdtInfZLuqQ=
-100,-9,klA+9ZvcKmsNBVfdJh1LnGh/VIA=,Cpj+IoQJcdeNwBJ/rdtInfZLuqQ=
-101,-9,klA+9ZvcKmsNBVfdJh1LnGh/VIA=,Cpj+IoQJcdeNwBJ/rdtInfZLuqQ=
-106,-11,klA+9ZvcKmsNBVfdJh1LnGh/VIA=,Cpj+IoQJcdeNwBJ/rdtInfZLuqQ=
-101,-14,klA+9ZvcKmsNBVfdJh1LnGh/VIA=,Cpj+IoQJcdeNwBJ/rdtInfZLuqQ=
-102,-9,klA+9ZvcKmsNBVfdJh1LnGh/VIA=,Cpj+IoQJcdeNwBJ/rdtInfZLuqQ=
-104,-9,klA+9ZvcKmsNBVfdJh1LnGh/VIA=,Cpj+IoQJcdeNwBJ/rdtInfZLuqQ=
-103,-9,klA+9ZvcKmsNBVfdJh1LnGh/VIA=,Cpj+IoQJcdeNwBJ/rdtInfZLuqQ=
-105,-11,klA+9ZvcKmsNBVfdJh1LnGh/VIA=,Cpj+IoQJcdeNwBJ/rdtInfZLuqQ=
-104,-11,klA+9ZvcKmsNBVfdJh1LnGh/VIA=,Cpj+IoQJcdeNwBJ/rdtInfZLuqQ=
-105,-9,klA+9ZvcKmsNBVfdJh1LnGh/VIA=,Cpj+IoQJcdeNwBJ/rdtInfZLuqQ=
-103,-11,klA+9ZvcKmsNBVfdJh1LnGh/VIA=,Cpj+IoQJcdeNwBJ/rdtInfZLuqQ=
-102,-11,klA+9ZvcKmsNBVfdJh1LnGh/VIA=,Cpj+IoQJcdeNwBJ/rdtInfZLuqQ=
-101,-11,klA+9ZvcKmsNBVfdJh1LnGh/VIA=,Cpj+IoQJcdeNwBJ/rdtInfZLuqQ=
-106,-9,klA+9ZvcKmsNBVfdJh1LnGh/VIA=,Cpj+IoQJcdeNwBJ/rdtInfZLuqQ=
-100,-11,klA+9ZvcKmsNBVfdJh1LnGh/VIA=,Cpj+IoQJcdeNwBJ/rdtInfZLuqQ=
-107,-9,klA+9ZvcKmsNBVfdJh1LnGh/VIA=,Cpj+IoQJcdeNwBJ/rdtInfZLuqQ=
-110,-9,klA+9ZvcKmsNBVfdJh1LnGh/VIA=,Cpj+IoQJcdeNwBJ/rdtInfZLuqQ=
-111,-9,klA+9ZvcKmsNBVfdJh1LnGh/VIA=,Cpj+IoQJcdeNwBJ/rdtInfZLuqQ=
-103,-16,klA+9ZvcKmsNBVfdJh1LnGh/VIA=,Cpj+IoQJcdeNwBJ/rdtInfZLuqQ=
-99,-11,klA+9ZvcKmsNBVfdJh1LnGh/VIA=,Cpj+IoQJcdeNwBJ/rdtInfZLuqQ=
-109,-9,klA+9ZvcKmsNBVfdJh1LnGh/VIA=,Cpj+IoQJcdeNwBJ/rdtInfZLuqQ=
-112,-9,klA+9ZvcKmsNBVfdJh1LnGh/VIA=,Cpj+IoQJcdeNwBJ/rdtInfZLuqQ=
-102,-14,klA+9ZvcKmsNBVfdJh1LnGh/VIA=,Cpj+IoQJcdeNwBJ/rdtInfZLuqQ=
-97,-10,klA+9ZvcKmsNBVfdJh1LnGh/VIA=,Cpj+IoQJcdeNwBJ/rdtInfZLuqQ=
-103,-15,klA+9ZvcKmsNBVfdJh1LnGh/VIA=,Cpj+IoQJcdeNwBJ/rdtInfZLuqQ=
-98,-10,klA+9ZvcKmsNBVfdJh1LnGh/VIA=,Cpj+IoQJcdeNwBJ/rdtInfZLuqQ=
-99,-10,klA+9ZvcKmsNBVfdJh1LnGh/VIA=,Cpj+IoQJcdeNwBJ/rdtInfZLuqQ=
-98,-11,klA+9ZvcKmsNBVfdJh1LnGh/VIA=,Cpj+IoQJcdeNwBJ/rdtInfZLuqQ=
-104,-15,klA+9ZvcKmsNBVfdJh1LnGh/VIA=,Cpj+IoQJcdeNwBJ/rdtInfZLuqQ=
-100,-10,klA+9ZvcKmsNBVfdJh1LnGh/VIA=,Cpj+IoQJcdeNwBJ/rdtInfZLuqQ=
-97,-11,klA+9ZvcKmsNBVfdJh1LnGh/VIA=,Cpj+IoQJcdeNwBJ/rdtInfZLuqQ=
-112,-10,klA+9ZvcKmsNBVfdJh1LnGh/VIA=,Cpj+IoQJcdeNwBJ/rdtInfZLuqQ=
-103,-14,klA+9ZvcKmsNBVfdJh1LnGh/VIA=,Cpj+IoQJcdeNwBJ/rdtInfZLuqQ=
-104,-16,klA+9ZvcKmsNBVfdJh1LnGh/VIA=,Cpj+IoQJcdeNwBJ/rdtInfZLuqQ=
-111,-10,klA+9ZvcKmsNBVfdJh1LnGh/VIA=,Cpj+IoQJcdeNwBJ/rdtInfZLuqQ=
-110,-10,klA+9ZvcKmsNBVfdJh1LnGh/VIA=,Cpj+IoQJcdeNwBJ/rdtInfZLuqQ=
-109,-10,klA+9ZvcKmsNBVfdJh1LnGh/VIA=,Cpj+IoQJcdeNwBJ/rdtInfZLuqQ=
-101,-10,klA+9ZvcKmsNBVfdJh1LnGh/VIA=,Cpj+IoQJcdeNwBJ/rdtInfZLuqQ=
-108,-10,klA+9ZvcKmsNBVfdJh1LnGh/VIA=,Cpj+IoQJcdeNwBJ/rdtInfZLuqQ=
-108,-9,klA+9ZvcKmsNBVfdJh1LnGh/VIA=,Cpj+IoQJcdeNwBJ/rdtInfZLuqQ=
-102,-10,klA+9ZvcKmsNBVfdJh1LnGh/VIA=,Cpj+IoQJcdeNwBJ/rdtInfZLuqQ=
-103,-10,klA+9ZvcKmsNBVfdJh1LnGh/VIA=,Cpj+IoQJcdeNwBJ/rdtInfZLuqQ=
-104,-10,klA+9ZvcKmsNBVfdJh1LnGh/VIA=,Cpj+IoQJcdeNwBJ/rdtInfZLuqQ=
-105,-10,klA+9ZvcKmsNBVfdJh1LnGh/VIA=,Cpj+IoQJcdeNwBJ/rdtInfZLuqQ=
-107,-10,klA+9ZvcKmsNBVfdJh1LnGh/VIA=,Cpj+IoQJcdeNwBJ/rdtInfZLuqQ=
-106,-10,klA+9ZvcKmsNBVfdJh1LnGh/VIA=,Cpj+IoQJcdeNwBJ/rdtInfZLuqQ=
-123,-16,kNeWx2hTzzScJtGs4o2M1I+ZVg0=,Cpj+IoQJcdeNwBJ/rdtInfZLuqQ=
-122,-13,kNeWx2hTzzScJtGs4o2M1I+ZVg0=,Cpj+IoQJcdeNwBJ/rdtInfZLuqQ=
-122,-14,kNeWx2hTzzScJtGs4o2M1I+ZVg0=,Cpj+IoQJcdeNwBJ/rdtInfZLuqQ=
-123,-14,kNeWx2hTzzScJtGs4o2M1I+ZVg0=,Cpj+IoQJcdeNwBJ/rdtInfZLuqQ=
-125,-16,kNeWx2hTzzScJtGs4o2M1I+ZVg0=,Cpj+IoQJcdeNwBJ/rdtInfZLuqQ=
-121,-13,kNeWx2hTzzScJtGs4o2M1I+ZVg0=,Cpj+IoQJcdeNwBJ/rdtInfZLuqQ=
-123,-13,kNeWx2hTzzScJtGs4o2M1I+ZVg0=,Cpj+IoQJcdeNwBJ/rdtInfZLuqQ=
-124,-13,kNeWx2hTzzScJtGs4o2M1I+ZVg0=,Cpj+IoQJcdeNwBJ/rdtInfZLuqQ=
-120,-13,kNeWx2hTzzScJtGs4o2M1I+ZVg0=,Cpj+IoQJcdeNwBJ/rdtInfZLuqQ=
-125,-13,kNeWx2hTzzScJtGs4o2M1I+ZVg0=,Cpj+IoQJcdeNwBJ/rdtInfZLuqQ=
-123,-15,kNeWx2hTzzScJtGs4o2M1I+ZVg0=,Cpj+IoQJcdeNwBJ/rdtInfZLuqQ=
-119,-13,kNeWx2hTzzScJtGs4o2M1I+ZVg0=,Cpj+IoQJcdeNwBJ/rdtInfZLuqQ=
-118,-13,kNeWx2hTzzScJtGs4o2M1I+ZVg0=,Cpj+IoQJcdeNwBJ/rdtInfZLuqQ=
-126,-13,kNeWx2hTzzScJtGs4o2M1I+ZVg0=,Cpj+IoQJcdeNwBJ/rdtInfZLuqQ=
-124,-15,kNeWx2hTzzScJtGs4o2M1I+ZVg0=,Cpj+IoQJcdeNwBJ/rdtInfZLuqQ=
-117,-13,kNeWx2hTzzScJtGs4o2M1I+ZVg0=,Cpj+IoQJcdeNwBJ/rdtInfZLuqQ=
-127,-16,kNeWx2hTzzScJtGs4o2M1I+ZVg0=,Cpj+IoQJcdeNwBJ/rdtInfZLuqQ=
-124,-14,kNeWx2hTzzScJtGs4o2M1I+ZVg0=,Cpj+IoQJcdeNwBJ/rdtInfZLuqQ=
-116,-13,kNeWx2hTzzScJtGs4o2M1I+ZVg0=,Cpj+IoQJcdeNwBJ/rdtInfZLuqQ=
-115,-13,kNeWx2hTzzScJtGs4o2M1I+ZVg0=,Cpj+IoQJcdeNwBJ/rdtInfZLuqQ=
-114,-13,kNeWx2hTzzScJtGs4o2M1I+ZVg0=,Cpj+IoQJcdeNwBJ/rdtInfZLuqQ=
-122,-15,kNeWx2hTzzScJtGs4o2M1I+ZVg0=,Cpj+IoQJcdeNwBJ/rdtInfZLuqQ=
-113,-13,kNeWx2hTzzScJtGs4o2M1I+ZVg0=,Cpj+IoQJcdeNwBJ/rdtInfZLuqQ=
-114,-1,kNeWx2hTzzScJtGs4o2M1I+ZVg0=,Cpj+IoQJcdeNwBJ/rdtInfZLuqQ=
-115,-1,kNeWx2hTzzScJtGs4o2M1I+ZVg0=,Cpj+IoQJcdeNwBJ/rdtInfZLuqQ=
-116,-1,Anju5dT3gFz+w99QZ27TIjH0Ong=,Cpj+IoQJcdeNwBJ/rdtInfZLuqQ=
-117,-1,Anju5dT3gFz+w99QZ27TIjH0Ong=,Cpj+IoQJcdeNwBJ/rdtInfZLuqQ=
-113,-1,Anju5dT3gFz+w99QZ27TIjH0Ong=,Cpj+IoQJcdeNwBJ/rdtInfZLuqQ=
-118,-1,Anju5dT3gFz+w99QZ27TIjH0Ong=,Cpj+IoQJcdeNwBJ/rdtInfZLuqQ=
-128,-12,Anju5dT3gFz+w99QZ27TIjH0Ong=,Cpj+IoQJcdeNwBJ/rdtInfZLuqQ=
-121,-14,Anju5dT3gFz+w99QZ27TIjH0Ong=,Cpj+IoQJcdeNwBJ/rdtInfZLuqQ=
-122,-16,Anju5dT3gFz+w99QZ27TIjH0Ong=,Cpj+IoQJcdeNwBJ/rdtInfZLuqQ=
-127,-12,Anju5dT3gFz+w99QZ27TIjH0Ong=,Cpj+IoQJcdeNwBJ/rdtInfZLuqQ=
-126,-12,Anju5dT3gFz+w99QZ27TIjH0Ong=,Cpj+IoQJcdeNwBJ/rdtInfZLuqQ=
-125,-12,Anju5dT3gFz+w99QZ27TIjH0Ong=,Cpj+IoQJcdeNwBJ/rdtInfZLuqQ=
-124,-12,Anju5dT3gFz+w99QZ27TIjH0Ong=,Cpj+IoQJcdeNwBJ/rdtInfZLuqQ=
-122,-12,Anju5dT3gFz+w99QZ27TIjH0Ong=,Cpj+IoQJcdeNwBJ/rdtInfZLuqQ=
-123,-12,Anju5dT3gFz+w99QZ27TIjH0Ong=,Cpj+IoQJcdeNwBJ/rdtInfZLuqQ=
-121,-12,Anju5dT3gFz+w99QZ27TIjH0Ong=,Cpj+IoQJcdeNwBJ/rdtInfZLuqQ=
-120,-12,Anju5dT3gFz+w99QZ27TIjH0Ong=,Cpj+IoQJcdeNwBJ/rdtInfZLuqQ=
-119,-12,Anju5dT3gFz+w99QZ27TIjH0Ong=,Cpj+IoQJcdeNwBJ/rdtInfZLuqQ=
-117,-12,Anju5dT3gFz+w99QZ27TIjH0Ong=,Cpj+IoQJcdeNwBJ/rdtInfZLuqQ=
-118,-12,Anju5dT3gFz+w99QZ27TIjH0Ong=,Cpj+IoQJcdeNwBJ/rdtInfZLuqQ=
-116,-12,Anju5dT3gFz+w99QZ27TIjH0Ong=,Cpj+IoQJcdeNwBJ/rdtInfZLuqQ=
-115,-12,CChVARpqMq816SkB0QfH1/gqIBo=,Cpj+IoQJcdeNwBJ/rdtInfZLuqQ=
-114,-12,CChVARpqMq816SkB0QfH1/gqIBo=,Cpj+IoQJcdeNwBJ/rdtInfZLuqQ=
-121,-15,CChVARpqMq816SkB0QfH1/gqIBo=,Cpj+IoQJcdeNwBJ/rdtInfZLuqQ=
-113,-12,CChVARpqMq816SkB0QfH1/gqIBo=,Cpj+IoQJcdeNwBJ/rdtInfZLuqQ=
-119,-1,CChVARpqMq816SkB0QfH1/gqIBo=,Cpj+IoQJcdeNwBJ/rdtInfZLuqQ=
-124,-1,CChVARpqMq816SkB0QfH1/gqIBo=,Cpj+IoQJcdeNwBJ/rdtInfZLuqQ=
-126,-1,CChVARpqMq816SkB0QfH1/gqIBo=,Cpj+IoQJcdeNwBJ/rdtInfZLuqQ=
-125,-1,CChVARpqMq816SkB0QfH1/gqIBo=,Cpj+IoQJcdeNwBJ/rdtInfZLuqQ=
-127,-1,CChVARpqMq816SkB0QfH1/gqIBo=,Cpj+IoQJcdeNwBJ/rdtInfZLuqQ=
-128,-1,CChVARpqMq816SkB0QfH1/gqIBo=,Cpj+IoQJcdeNwBJ/rdtInfZLuqQ=
-124,-16,CChVARpqMq816SkB0QfH1/gqIBo=,Cpj+IoQJcdeNwBJ/rdtInfZLuqQ=
-125,-14,CChVARpqMq816SkB0QfH1/gqIBo=,Cpj+IoQJcdeNwBJ/rdtInfZLuqQ=
-113,-2,CChVARpqMq816SkB0QfH1/gqIBo=,Cpj+IoQJcdeNwBJ/rdtInfZLuqQ=
-114,-2,CChVARpqMq816SkB0QfH1/gqIBo=,Cpj+IoQJcdeNwBJ/rdtInfZLuqQ=
-120,-1,CChVARpqMq816SkB0QfH1/gqIBo=,Cpj+IoQJcdeNwBJ/rdtInfZLuqQ=
-115,-2,CChVARpqMq816SkB0QfH1/gqIBo=,Cpj+IoQJcdeNwBJ/rdtInfZLuqQ=
-116,-2,CChVARpqMq816SkB0QfH1/gqIBo=,Cpj+IoQJcdeNwBJ/rdtInfZLuqQ=
-122,-1,CChVARpqMq816SkB0QfH1/gqIBo=,Cpj+IoQJcdeNwBJ/rdtInfZLuqQ=
-127,-13,CChVARpqMq816SkB0QfH1/gqIBo=,Cpj+IoQJcdeNwBJ/rdtInfZLuqQ=
-121,-1,CChVARpqMq816SkB0QfH1/gqIBo=,Cpj+IoQJcdeNwBJ/rdtInfZLuqQ=
-117,-2,CChVARpqMq816SkB0QfH1/gqIBo=,Cpj+IoQJcdeNwBJ/rdtInfZLuqQ=
-128,-11,CChVARpqMq816SkB0QfH1/gqIBo=,Cpj+IoQJcdeNwBJ/rdtInfZLuqQ=
-120,-14,CChVARpqMq816SkB0QfH1/gqIBo=,Cpj+IoQJcdeNwBJ/rdtInfZLuqQ=
-121,-16,CChVARpqMq816SkB0QfH1/gqIBo=,Cpj+IoQJcdeNwBJ/rdtInfZLuqQ=
-123,-1,CChVARpqMq816SkB0QfH1/gqIBo=,Cpj+IoQJcdeNwBJ/rdtInfZLuqQ=
-127,-11,CChVARpqMq816SkB0QfH1/gqIBo=,Cpj+IoQJcdeNwBJ/rdtInfZLuqQ=
-118,-2,CChVARpqMq816SkB0QfH1/gqIBo=,Cpj+IoQJcdeNwBJ/rdtInfZLuqQ=
-119,-2,CChVARpqMq816SkB0QfH1/gqIBo=,Cpj+IoQJcdeNwBJ/rdtInfZLuqQ=
-126,-11,CChVARpqMq816SkB0QfH1/gqIBo=,Cpj+IoQJcdeNwBJ/rdtInfZLuqQ=
-121,-2,CChVARpqMq816SkB0QfH1/gqIBo=,Cpj+IoQJcdeNwBJ/rdtInfZLuqQ=
-125,-11,CChVARpqMq816SkB0QfH1/gqIBo=,Cpj+IoQJcdeNwBJ/rdtInfZLuqQ=
-124,-11,CChVARpqMq816SkB0QfH1/gqIBo=,Cpj+IoQJcdeNwBJ/rdtInfZLuqQ=
-123,-11,CChVARpqMq816SkB0QfH1/gqIBo=,Cpj+IoQJcdeNwBJ/rdtInfZLuqQ=
-122,-11,CChVARpqMq816SkB0QfH1/gqIBo=,Cpj+IoQJcdeNwBJ/rdtInfZLuqQ=
-121,-11,CChVARpqMq816SkB0QfH1/gqIBo=,Cpj+IoQJcdeNwBJ/rdtInfZLuqQ=
-120,-11,CChVARpqMq816SkB0QfH1/gqIBo=,Cpj+IoQJcdeNwBJ/rdtInfZLuqQ=
-119,-11,CChVARpqMq816SkB0QfH1/gqIBo=,Cpj+IoQJcdeNwBJ/rdtInfZLuqQ=
-118,-11,CChVARpqMq816SkB0QfH1/gqIBo=,Cpj+IoQJcdeNwBJ/rdtInfZLuqQ=
-117,-11,CChVARpqMq816SkB0QfH1/gqIBo=,Cpj+IoQJcdeNwBJ/rdtInfZLuqQ=
-116,-11,CChVARpqMq816SkB0QfH1/gqIBo=,Cpj+IoQJcdeNwBJ/rdtInfZLuqQ=
-115,-11,CChVARpqMq816SkB0QfH1/gqIBo=,Cpj+IoQJcdeNwBJ/rdtInfZLuqQ=
-114,-11,CChVARpqMq816SkB0QfH1/gqIBo=,Cpj+IoQJcdeNwBJ/rdtInfZLuqQ=
-120,-15,CChVARpqMq816SkB0QfH1/gqIBo=,Cpj+IoQJcdeNwBJ/rdtInfZLuqQ=
-113,-11,CChVARpqMq816SkB0QfH1/gqIBo=,Cpj+IoQJcdeNwBJ/rdtInfZLuqQ=
-120,-2,CChVARpqMq816SkB0QfH1/gqIBo=,Cpj+IoQJcdeNwBJ/rdtInfZLuqQ=
-120,-16,CChVARpqMq816SkB0QfH1/gqIBo=,Cpj+IoQJcdeNwBJ/rdtInfZLuqQ=
-119,-14,CChVARpqMq816SkB0QfH1/gqIBo=,Cpj+IoQJcdeNwBJ/rdtInfZLuqQ=
-122,-2,CChVARpqMq816SkB0QfH1/gqIBo=,Cpj+IoQJcdeNwBJ/rdtInfZLuqQ=
-126,-10,CChVARpqMq816SkB0QfH1/gqIBo=,Cpj+IoQJcdeNwBJ/rdtInfZLuqQ=
-125,-10,CChVARpqMq816SkB0QfH1/gqIBo=,Cpj+IoQJcdeNwBJ/rdtInfZLuqQ=
-124,-10,CChVARpqMq816SkB0QfH1/gqIBo=,Cpj+IoQJcdeNwBJ/rdtInfZLuqQ=
-123,-10,CChVARpqMq816SkB0QfH1/gqIBo=,Cpj+IoQJcdeNwBJ/rdtInfZLuqQ=
-122,-10,CChVARpqMq816SkB0QfH1/gqIBo=,Cpj+IoQJcdeNwBJ/rdtInfZLuqQ=
-121,-10,CChVARpqMq816SkB0QfH1/gqIBo=,Cpj+IoQJcdeNwBJ/rdtInfZLuqQ=
-120,-10,CChVARpqMq816SkB0QfH1/gqIBo=,Cpj+IoQJcdeNwBJ/rdtInfZLuqQ=
-119,-10,CChVARpqMq816SkB0QfH1/gqIBo=,Cpj+IoQJcdeNwBJ/rdtInfZLuqQ=
-118,-10,CChVARpqMq816SkB0QfH1/gqIBo=,Cpj+IoQJcdeNwBJ/rdtInfZLuqQ=
-117,-10,CChVARpqMq816SkB0QfH1/gqIBo=,Cpj+IoQJcdeNwBJ/rdtInfZLuqQ=
-116,-10,CChVARpqMq816SkB0QfH1/gqIBo=,Cpj+IoQJcdeNwBJ/rdtInfZLuqQ=
-115,-10,CChVARpqMq816SkB0QfH1/gqIBo=,Cpj+IoQJcdeNwBJ/rdtInfZLuqQ=
-119,-15,CChVARpqMq816SkB0QfH1/gqIBo=,Cpj+IoQJcdeNwBJ/rdtInfZLuqQ=
-113,-10,CChVARpqMq816SkB0QfH1/gqIBo=,Cpj+IoQJcdeNwBJ/rdtInfZLuqQ=
-114,-10,CChVARpqMq816SkB0QfH1/gqIBo=,Cpj+IoQJcdeNwBJ/rdtInfZLuqQ=
-123,-2,CChVARpqMq816SkB0QfH1/gqIBo=,Cpj+IoQJcdeNwBJ/rdtInfZLuqQ=
-119,-16,CChVARpqMq816SkB0QfH1/gqIBo=,Cpj+IoQJcdeNwBJ/rdtInfZLuqQ=
-118,-14,CChVARpqMq816SkB0QfH1/gqIBo=,Cpj+IoQJcdeNwBJ/rdtInfZLuqQ=
-126,-9,CChVARpqMq816SkB0QfH1/gqIBo=,Cpj+IoQJcdeNwBJ/rdtInfZLuqQ=
-125,-9,CChVARpqMq816SkB0QfH1/gqIBo=,Cpj+IoQJcdeNwBJ/rdtInfZLuqQ=
-124,-9,CChVARpqMq816SkB0QfH1/gqIBo=,Cpj+IoQJcdeNwBJ/rdtInfZLuqQ=
-122,-9,CChVARpqMq816SkB0QfH1/gqIBo=,Cpj+IoQJcdeNwBJ/rdtInfZLuqQ=
-123,-9,CChVARpqMq816SkB0QfH1/gqIBo=,Cpj+IoQJcdeNwBJ/rdtInfZLuqQ=
-121,-9,CChVARpqMq816SkB0QfH1/gqIBo=,Cpj+IoQJcdeNwBJ/rdtInfZLuqQ=
-120,-9,CChVARpqMq816SkB0QfH1/gqIBo=,Cpj+IoQJcdeNwBJ/rdtInfZLuqQ=
-119,-9,CChVARpqMq816SkB0QfH1/gqIBo=,Cpj+IoQJcdeNwBJ/rdtInfZLuqQ=
-118,-9,CChVARpqMq816SkB0QfH1/gqIBo=,Cpj+IoQJcdeNwBJ/rdtInfZLuqQ=
-117,-9,CChVARpqMq816SkB0QfH1/gqIBo=,Cpj+IoQJcdeNwBJ/rdtInfZLuqQ=
-116,-9,CChVARpqMq816SkB0QfH1/gqIBo=,Cpj+IoQJcdeNwBJ/rdtInfZLuqQ=
-115,-9,CChVARpqMq816SkB0QfH1/gqIBo=,Cpj+IoQJcdeNwBJ/rdtInfZLuqQ=
-114,-9,CChVARpqMq816SkB0QfH1/gqIBo=,Cpj+IoQJcdeNwBJ/rdtInfZLuqQ=
-118,-15,CChVARpqMq816SkB0QfH1/gqIBo=,Cpj+IoQJcdeNwBJ/rdtInfZLuqQ=
-113,-9,CChVARpqMq816SkB0QfH1/gqIBo=,Cpj+IoQJcdeNwBJ/rdtInfZLuqQ=
-118,-16,CChVARpqMq816SkB0QfH1/gqIBo=,Cpj+IoQJcdeNwBJ/rdtInfZLuqQ=
-117,-14,CChVARpqMq816SkB0QfH1/gqIBo=,Cpj+IoQJcdeNwBJ/rdtInfZLuqQ=
-125,-8,CChVARpqMq816SkB0QfH1/gqIBo=,Cpj+IoQJcdeNwBJ/rdtInfZLuqQ=
-124,-8,CChVARpqMq816SkB0QfH1/gqIBo=,Cpj+IoQJcdeNwBJ/rdtInfZLuqQ=
-123,-8,CChVARpqMq816SkB0QfH1/gqIBo=,Cpj+IoQJcdeNwBJ/rdtInfZLuqQ=
-122,-8,CChVARpqMq816SkB0QfH1/gqIBo=,Cpj+IoQJcdeNwBJ/rdtInfZLuqQ=
-121,-8,CChVARpqMq816SkB0QfH1/gqIBo=,Cpj+IoQJcdeNwBJ/rdtInfZLuqQ=
-120,-8,CChVARpqMq816SkB0QfH1/gqIBo=,Cpj+IoQJcdeNwBJ/rdtInfZLuqQ=
-119,-8,CChVARpqMq816SkB0QfH1/gqIBo=,Cpj+IoQJcdeNwBJ/rdtInfZLuqQ=
-118,-8,CChVARpqMq816SkB0QfH1/gqIBo=,Cpj+IoQJcdeNwBJ/rdtInfZLuqQ=
-117,-8,CChVARpqMq816SkB0QfH1/gqIBo=,Cpj+IoQJcdeNwBJ/rdtInfZLuqQ=
-116,-8,CChVARpqMq816SkB0QfH1/gqIBo=,Cpj+IoQJcdeNwBJ/rdtInfZLuqQ=
-115,-8,CChVARpqMq816SkB0QfH1/gqIBo=,Cpj+IoQJcdeNwBJ/rdtInfZLuqQ=
-114,-8,CChVARpqMq816SkB0QfH1/gqIBo=,Cpj+IoQJcdeNwBJ/rdtInfZLuqQ=
-117,-15,CChVARpqMq816SkB0QfH1/gqIBo=,Cpj+IoQJcdeNwBJ/rdtInfZLuqQ=
-113,-8,CChVARpqMq816SkB0QfH1/gqIBo=,Cpj+IoQJcdeNwBJ/rdtInfZLuqQ=
-127,-10,CChVARpqMq816SkB0QfH1/gqIBo=,Cpj+IoQJcdeNwBJ/rdtInfZLuqQ=
-116,-14,CChVARpqMq816SkB0QfH1/gqIBo=,Cpj+IoQJcdeNwBJ/rdtInfZLuqQ=
-117,-16,CChVARpqMq816SkB0QfH1/gqIBo=,Cpj+IoQJcdeNwBJ/rdtInfZLuqQ=
-126,-8,CChVARpqMq816SkB0QfH1/gqIBo=,Cpj+IoQJcdeNwBJ/rdtInfZLuqQ=
-128,-7,CChVARpqMq816SkB0QfH1/gqIBo=,Cpj+IoQJcdeNwBJ/rdtInfZLuqQ=
-125,-7,CChVARpqMq816SkB0QfH1/gqIBo=,Cpj+IoQJcdeNwBJ/rdtInfZLuqQ=
-124,-7,CChVARpqMq816SkB0QfH1/gqIBo=,Cpj+IoQJcdeNwBJ/rdtInfZLuqQ=
-128,-10,CChVARpqMq816SkB0QfH1/gqIBo=,Cpj+IoQJcdeNwBJ/rdtInfZLuqQ=
-123,-7,CChVARpqMq816SkB0QfH1/gqIBo=,Cpj+IoQJcdeNwBJ/rdtInfZLuqQ=
-128,-9,CChVARpqMq816SkB0QfH1/gqIBo=,Cpj+IoQJcdeNwBJ/rdtInfZLuqQ=
-122,-7,CChVARpqMq816SkB0QfH1/gqIBo=,Cpj+IoQJcdeNwBJ/rdtInfZLuqQ=
-119,-7,CChVARpqMq816SkB0QfH1/gqIBo=,Cpj+IoQJcdeNwBJ/rdtInfZLuqQ=
-121,-7,CChVARpqMq816SkB0QfH1/gqIBo=,Cpj+IoQJcdeNwBJ/rdtInfZLuqQ=
-120,-7,CChVARpqMq816SkB0QfH1/gqIBo=,Cpj+IoQJcdeNwBJ/rdtInfZLuqQ=
-116,-7,CChVARpqMq816SkB0QfH1/gqIBo=,Cpj+IoQJcdeNwBJ/rdtInfZLuqQ=
-115,-7,CChVARpqMq816SkB0QfH1/gqIBo=,Cpj+IoQJcdeNwBJ/rdtInfZLuqQ=
-116,-15,CChVARpqMq816SkB0QfH1/gqIBo=,Cpj+IoQJcdeNwBJ/rdtInfZLuqQ=
-128,-8,CChVARpqMq816SkB0QfH1/gqIBo=,Cpj+IoQJcdeNwBJ/rdtInfZLuqQ=
-114,-7,CChVARpqMq816SkB0QfH1/gqIBo=,Cpj+IoQJcdeNwBJ/rdtInfZLuqQ=
-127,-9,CChVARpqMq816SkB0QfH1/gqIBo=,Cpj+IoQJcdeNwBJ/rdtInfZLuqQ=
-115,-14,CChVARpqMq816SkB0QfH1/gqIBo=,Cpj+IoQJcdeNwBJ/rdtInfZLuqQ=
-116,-16,CChVARpqMq816SkB0QfH1/gqIBo=,Cpj+IoQJcdeNwBJ/rdtInfZLuqQ=
-117,-7,CChVARpqMq816SkB0QfH1/gqIBo=,Cpj+IoQJcdeNwBJ/rdtInfZLuqQ=
-126,-7,CChVARpqMq816SkB0QfH1/gqIBo=,Cpj+IoQJcdeNwBJ/rdtInfZLuqQ=
-118,-7,CChVARpqMq816SkB0QfH1/gqIBo=,Cpj+IoQJcdeNwBJ/rdtInfZLuqQ=
-113,-7,CChVARpqMq816SkB0QfH1/gqIBo=,Cpj+IoQJcdeNwBJ/rdtInfZLuqQ=
-127,-8,CChVARpqMq816SkB0QfH1/gqIBo=,Cpj+IoQJcdeNwBJ/rdtInfZLuqQ=
-127,-7,CChVARpqMq816SkB0QfH1/gqIBo=,Cpj+IoQJcdeNwBJ/rdtInfZLuqQ=
-128,-6,CChVARpqMq816SkB0QfH1/gqIBo=,Cpj+IoQJcdeNwBJ/rdtInfZLuqQ=
-121,-6,CChVARpqMq816SkB0QfH1/gqIBo=,Cpj+IoQJcdeNwBJ/rdtInfZLuqQ=
-124,-6,CChVARpqMq816SkB0QfH1/gqIBo=,Cpj+IoQJcdeNwBJ/rdtInfZLuqQ=
-125,-6,CChVARpqMq816SkB0QfH1/gqIBo=,Cpj+IoQJcdeNwBJ/rdtInfZLuqQ=
-118,-6,CChVARpqMq816SkB0QfH1/gqIBo=,Cpj+IoQJcdeNwBJ/rdtInfZLuqQ=
-119,-6,CChVARpqMq816SkB0QfH1/gqIBo=,Cpj+IoQJcdeNwBJ/rdtInfZLuqQ=
-120,-6,CChVARpqMq816SkB0QfH1/gqIBo=,Cpj+IoQJcdeNwBJ/rdtInfZLuqQ=
-117,-6,CChVARpqMq816SkB0QfH1/gqIBo=,Cpj+IoQJcdeNwBJ/rdtInfZLuqQ=
-127,-6,CChVARpqMq816SkB0QfH1/gqIBo=,Cpj+IoQJcdeNwBJ/rdtInfZLuqQ=
-116,-6,CChVARpqMq816SkB0QfH1/gqIBo=,Cpj+IoQJcdeNwBJ/rdtInfZLuqQ=
-115,-6,CChVARpqMq816SkB0QfH1/gqIBo=,Cpj+IoQJcdeNwBJ/rdtInfZLuqQ=
-115,-15,CChVARpqMq816SkB0QfH1/gqIBo=,Cpj+IoQJcdeNwBJ/rdtInfZLuqQ=
-122,-6,CChVARpqMq816SkB0QfH1/gqIBo=,Cpj+IoQJcdeNwBJ/rdtInfZLuqQ=
-114,-6,CChVARpqMq816SkB0QfH1/gqIBo=,Cpj+IoQJcdeNwBJ/rdtInfZLuqQ=
-126,-6,CChVARpqMq816SkB0QfH1/gqIBo=,Cpj+IoQJcdeNwBJ/rdtInfZLuqQ=
-114,-14,CChVARpqMq816SkB0QfH1/gqIBo=,Cpj+IoQJcdeNwBJ/rdtInfZLuqQ=
-115,-16,CChVARpqMq816SkB0QfH1/gqIBo=,Cpj+IoQJcdeNwBJ/rdtInfZLuqQ=
-113,-6,CChVARpqMq816SkB0QfH1/gqIBo=,Cpj+IoQJcdeNwBJ/rdtInfZLuqQ=
-123,-6,CChVARpqMq816SkB0QfH1/gqIBo=,Cpj+IoQJcdeNwBJ/rdtInfZLuqQ=
-128,-5,CChVARpqMq816SkB0QfH1/gqIBo=,Cpj+IoQJcdeNwBJ/rdtInfZLuqQ=
-127,-5,CChVARpqMq816SkB0QfH1/gqIBo=,Cpj+IoQJcdeNwBJ/rdtInfZLuqQ=
-126,-5,CChVARpqMq816SkB0QfH1/gqIBo=,Cpj+IoQJcdeNwBJ/rdtInfZLuqQ=
-125,-5,CChVARpqMq816SkB0QfH1/gqIBo=,Cpj+IoQJcdeNwBJ/rdtInfZLuqQ=
-124,-5,CChVARpqMq816SkB0QfH1/gqIBo=,Cpj+IoQJcdeNwBJ/rdtInfZLuqQ=
-123,-5,CChVARpqMq816SkB0QfH1/gqIBo=,Cpj+IoQJcdeNwBJ/rdtInfZLuqQ=
-120,-5,CChVARpqMq816SkB0QfH1/gqIBo=,Cpj+IoQJcdeNwBJ/rdtInfZLuqQ=
-121,-5,CChVARpqMq816SkB0QfH1/gqIBo=,Cpj+IoQJcdeNwBJ/rdtInfZLuqQ=
-116,-5,CChVARpqMq816SkB0QfH1/gqIBo=,Cpj+IoQJcdeNwBJ/rdtInfZLuqQ=
-114,-15,CChVARpqMq816SkB0QfH1/gqIBo=,Cpj+IoQJcdeNwBJ/rdtInfZLuqQ=
-113,-15,CChVARpqMq816SkB0QfH1/gqIBo=,Cpj+IoQJcdeNwBJ/rdtInfZLuqQ=
-122,-5,CChVARpqMq816SkB0QfH1/gqIBo=,Cpj+IoQJcdeNwBJ/rdtInfZLuqQ=
-114,-16,CChVARpqMq816SkB0QfH1/gqIBo=,Cpj+IoQJcdeNwBJ/rdtInfZLuqQ=
-128,-16,CChVARpqMq816SkB0QfH1/gqIBo=,Cpj+IoQJcdeNwBJ/rdtInfZLuqQ=
-113,-14,CChVARpqMq816SkB0QfH1/gqIBo=,Cpj+IoQJcdeNwBJ/rdtInfZLuqQ=
-117,-5,CChVARpqMq816SkB0QfH1/gqIBo=,Cpj+IoQJcdeNwBJ/rdtInfZLuqQ=
-126,-16,CChVARpqMq816SkB0QfH1/gqIBo=,Cpj+IoQJcdeNwBJ/rdtInfZLuqQ=
-113,-16,CChVARpqMq816SkB0QfH1/gqIBo=,Cpj+IoQJcdeNwBJ/rdtInfZLuqQ=
-128,-15,CChVARpqMq816SkB0QfH1/gqIBo=,Cpj+IoQJcdeNwBJ/rdtInfZLuqQ=
-115,-5,CChVARpqMq816SkB0QfH1/gqIBo=,Cpj+IoQJcdeNwBJ/rdtInfZLuqQ=
-127,-15,CChVARpqMq816SkB0QfH1/gqIBo=,Cpj+IoQJcdeNwBJ/rdtInfZLuqQ=
-114,-5,CChVARpqMq816SkB0QfH1/gqIBo=,Cpj+IoQJcdeNwBJ/rdtInfZLuqQ=
-118,-5,CChVARpqMq816SkB0QfH1/gqIBo=,Cpj+IoQJcdeNwBJ/rdtInfZLuqQ=
-119,-5,CChVARpqMq816SkB0QfH1/gqIBo=,Cpj+IoQJcdeNwBJ/rdtInfZLuqQ=
-113,-5,CChVARpqMq816SkB0QfH1/gqIBo=,Cpj+IoQJcdeNwBJ/rdtInfZLuqQ=
-127,-4,CChVARpqMq816SkB0QfH1/gqIBo=,Cpj+IoQJcdeNwBJ/rdtInfZLuqQ=
-128,-4,CChVARpqMq816SkB0QfH1/gqIBo=,Cpj+IoQJcdeNwBJ/rdtInfZLuqQ=
-128,-14,CChVARpqMq816SkB0QfH1/gqIBo=,Cpj+IoQJcdeNwBJ/rdtInfZLuqQ=
-126,-4,CChVARpqMq816SkB0QfH1/gqIBo=,Cpj+IoQJcdeNwBJ/rdtInfZLuqQ=
-123,-4,CChVARpqMq816SkB0QfH1/gqIBo=,Cpj+IoQJcdeNwBJ/rdtInfZLuqQ=
-124,-4,CChVARpqMq816SkB0QfH1/gqIBo=,Cpj+IoQJcdeNwBJ/rdtInfZLuqQ=
-125,-4,CChVARpqMq816SkB0QfH1/gqIBo=,Cpj+IoQJcdeNwBJ/rdtInfZLuqQ=
-128,-13,CChVARpqMq816SkB0QfH1/gqIBo=,Cpj+IoQJcdeNwBJ/rdtInfZLuqQ=
-116,-4,CChVARpqMq816SkB0QfH1/gqIBo=,Cpj+IoQJcdeNwBJ/rdtInfZLuqQ=
-115,-4,CChVARpqMq816SkB0QfH1/gqIBo=,Cpj+IoQJcdeNwBJ/rdtInfZLuqQ=
-117,-4,CChVARpqMq816SkB0QfH1/gqIBo=,Cpj+IoQJcdeNwBJ/rdtInfZLuqQ=
-128,-3,CChVARpqMq816SkB0QfH1/gqIBo=,Cpj+IoQJcdeNwBJ/rdtInfZLuqQ=
-119,-4,CChVARpqMq816SkB0QfH1/gqIBo=,Cpj+IoQJcdeNwBJ/rdtInfZLuqQ=
-126,-15,CChVARpqMq816SkB0QfH1/gqIBo=,Cpj+IoQJcdeNwBJ/rdtInfZLuqQ=
-127,-3,CChVARpqMq816SkB0QfH1/gqIBo=,Cpj+IoQJcdeNwBJ/rdtInfZLuqQ=
-122,-4,CChVARpqMq816SkB0QfH1/gqIBo=,Cpj+IoQJcdeNwBJ/rdtInfZLuqQ=
-113,-4,CChVARpqMq816SkB0QfH1/gqIBo=,Cpj+IoQJcdeNwBJ/rdtInfZLuqQ=
-121,-4,CChVARpqMq816SkB0QfH1/gqIBo=,Cpj+IoQJcdeNwBJ/rdtInfZLuqQ=
-114,-4,CChVARpqMq816SkB0QfH1/gqIBo=,Cpj+IoQJcdeNwBJ/rdtInfZLuqQ=
-127,-14,CChVARpqMq816SkB0QfH1/gqIBo=,Cpj+IoQJcdeNwBJ/rdtInfZLuqQ=
-118,-4,CChVARpqMq816SkB0QfH1/gqIBo=,Cpj+IoQJcdeNwBJ/rdtInfZLuqQ=
-120,-4,CChVARpqMq816SkB0QfH1/gqIBo=,Cpj+IoQJcdeNwBJ/rdtInfZLuqQ=
-126,-3,CChVARpqMq816SkB0QfH1/gqIBo=,Cpj+IoQJcdeNwBJ/rdtInfZLuqQ=
-124,-3,CChVARpqMq816SkB0QfH1/gqIBo=,Cpj+IoQJcdeNwBJ/rdtInfZLuqQ=
-125,-3,CChVARpqMq816SkB0QfH1/gqIBo=,Cpj+IoQJcdeNwBJ/rdtInfZLuqQ=
-122,-3,CChVARpqMq816SkB0QfH1/gqIBo=,Cpj+IoQJcdeNwBJ/rdtInfZLuqQ=
-123,-3,CChVARpqMq816SkB0QfH1/gqIBo=,Cpj+IoQJcdeNwBJ/rdtInfZLuqQ=
-120,-3,CChVARpqMq816SkB0QfH1/gqIBo=,Cpj+IoQJcdeNwBJ/rdtInfZLuqQ=
-121,-3,CChVARpqMq816SkB0QfH1/gqIBo=,Cpj+IoQJcdeNwBJ/rdtInfZLuqQ=
-119,-3,CChVARpqMq816SkB0QfH1/gqIBo=,Cpj+IoQJcdeNwBJ/rdtInfZLuqQ=
-116,-3,CChVARpqMq816SkB0QfH1/gqIBo=,Cpj+IoQJcdeNwBJ/rdtInfZLuqQ=
-128,-2,CChVARpqMq816SkB0QfH1/gqIBo=,Cpj+IoQJcdeNwBJ/rdtInfZLuqQ=
-126,-14,CChVARpqMq816SkB0QfH1/gqIBo=,Cpj+IoQJcdeNwBJ/rdtInfZLuqQ=
-125,-15,CChVARpqMq816SkB0QfH1/gqIBo=,Cpj+IoQJcdeNwBJ/rdtInfZLuqQ=
-127,-2,CChVARpqMq816SkB0QfH1/gqIBo=,Cpj+IoQJcdeNwBJ/rdtInfZLuqQ=
-126,-2,CChVARpqMq816SkB0QfH1/gqIBo=,Cpj+IoQJcdeNwBJ/rdtInfZLuqQ=
-125,-2,CChVARpqMq816SkB0QfH1/gqIBo=,Cpj+IoQJcdeNwBJ/rdtInfZLuqQ=
-113,-3,CChVARpqMq816SkB0QfH1/gqIBo=,Cpj+IoQJcdeNwBJ/rdtInfZLuqQ=
-118,-3,CChVARpqMq816SkB0QfH1/gqIBo=,Cpj+IoQJcdeNwBJ/rdtInfZLuqQ=
-117,-3,CChVARpqMq816SkB0QfH1/gqIBo=,Cpj+IoQJcdeNwBJ/rdtInfZLuqQ=
-114,-3,CChVARpqMq816SkB0QfH1/gqIBo=,Cpj+IoQJcdeNwBJ/rdtInfZLuqQ=
-115,-3,CChVARpqMq816SkB0QfH1/gqIBo=,Cpj+IoQJcdeNwBJ/rdtInfZLuqQ=
-124,-2,CChVARpqMq816SkB0QfH1/gqIBo=,Cpj+IoQJcdeNwBJ/rdtInfZLuqQ=
