5,131,4QZZ3dRX/MlLsFJSkDHRF6LsH3U=,GsL1QeQiAvtFBNKHMLhfL21R99U=
4,131,LGbRNkCkuxALMM2QeLCmPI/W0ng=,GsL1QeQiAvtFBNKHMLhfL21R99U=
3,131,LGbRNkCkuxALMM2QeLCmPI/W0ng=,GsL1QeQiAvtFBNKHMLhfL21R99U=
5,128,LGbRNkCkuxALMM2QeLCmPI/W0ng=,GsL1QeQiAvtFBNKHMLhfL21R99U=
4,129,LGbRNkCkuxALMM2QeLCmPI/W0ng=,GsL1QeQiAvtFBNKHMLhfL21R99U=
5,130,LGbRNkCkuxALMM2QeLCmPI/W0ng=,GsL1QeQiAvtFBNKHMLhfL21R99U=
1,128,LGbRNkCkuxALMM2QeLCmPI/W0ng=,GsL1QeQiAvtFBNKHMLhfL21R99U=
2,131,LGbRNkCkuxALMM2QeLCmPI/W0ng=,GsL1QeQiAvtFBNKHMLhfL21R99U=
7,131,LGbRNkCkuxALMM2QeLCmPI/W0ng=,GsL1QeQiAvtFBNKHMLhfL21R99U=
5,129,LGbRNkCkuxALMM2QeLCmPI/W0ng=,GsL1QeQiAvtFBNKHMLhfL21R99U=
3,128,LGbRNkCkuxALMM2QeLCmPI/W0ng=,GsL1QeQiAvtFBNKHMLhfL21R99U=
4,130,LGbRNkCkuxALMM2QeLCmPI/W0ng=,GsL1QeQiAvtFBNKHMLhfL21R99U=
6,131,LGbRNkCkuxALMM2QeLCmPI/W0ng=,GsL1QeQiAvtFBNKHMLhfL21R99U=
8,131,LGbRNkCkuxALMM2QeLCmPI/W0ng=,GsL1QeQiAvtFBNKHMLhfL21R99U=
6,130,LGbRNkCkuxALMM2QeLCmPI/W0ng=,GsL1QeQiAvtFBNKHMLhfL21R99U=
14,143,LGbRNkCkuxALMM2QeLCmPI/W0ng=,GsL1QeQiAvtFBNKHMLhfL21R99U=
13,143,LGbRNkCkuxALMM2QeLCmPI/W0ng=,GsL1QeQiAvtFBNKHMLhfL21R99U=
15,143,LGbRNkCkuxALMM2QeLCmPI/W0ng=,GsL1QeQiAvtFBNKHMLhfL21R99U=
9,131,LGbRNkCkuxALMM2QeLCmPI/W0ng=,GsL1QeQiAvtFBNKHMLhfL21R99U=
10,131,LGbRNkCkuxALMM2QeLCmPI/W0ng=,GsL1QeQiAvtFBNKHMLhfL21R99U=
11,131,LGbRNkCkuxALMM2QeLCmPI/W0ng=,GsL1QeQiAvtFBNKHMLhfL21R99U=
12,131,LGbRNkCkuxALMM2QeLCmPI/W0ng=,GsL1QeQiAvtFBNKHMLhfL21R99U=
14,131,LGbRNkCkuxALMM2QeLCmPI/W0ng=,GsL1QeQiAvtFBNKHMLhfL21R99U=
13,131,LGbRNkCkuxALMM2QeLCmPI/W0ng=,GsL1QeQiAvtFBNKHMLhfL21R99U=
0,128,LGbRNkCkuxALMM2QeLCmPI/W0ng=,GsL1QeQiAvtFBNKHMLhfL21R99U=
0,132,LGbRNkCkuxALMM2QeLCmPI/W0ng=,GsL1QeQiAvtFBNKHMLhfL21R99U=
15,131,LGbRNkCkuxALMM2QeLCmPI/W0ng=,GsL1QeQiAvtFBNKHMLhfL21R99U=
1,132,LGbRNkCkuxALMM2QeLCmPI/W0ng=,GsL1QeQiAvtFBNKHMLhfL21R99U=
2,132,LGbRNkCkuxALMM2QeLCmPI/W0ng=,GsL1QeQiAvtFBNKHMLhfL21R99U=
3,132,LGbRNkCkuxALMM2QeLCmPI/W0ng=,GsL1QeQiAvtFBNKHMLhfL21R99U=
4,132,LGbRNkCkuxALMM2QeLCmPI/W0ng=,GsL1QeQiAvtFBNKHMLhfL21R99U=
5,132,LGbRNkCkuxALMM2QeLCmPI/W0ng=,GsL1QeQiAvtFBNKHMLhfL21R99U=
6,132,LGbRNkCkuxALMM2QeLCmPI/W0ng=,GsL1QeQiAvtFBNKHMLhfL21R99U=
7,132,LGbRNkCkuxALMM2QeLCmPI/W0ng=,GsL1QeQiAvtFBNKHMLhfL21R99U=
6,129,LGbRNkCkuxALMM2QeLCmPI/W0ng=,GsL1QeQiAvtFBNKHMLhfL21R99U=
6,128,LGbRNkCkuxALMM2QeLCmPI/W0ng=,GsL1QeQiAvtFBNKHMLhfL21R99U=
8,132,LGbRNkCkuxALMM2QeLCmPI/W0ng=,GsL1QeQiAvtFBNKHMLhfL21R99U=
7,130,LGbRNkCkuxALMM2QeLCmPI/W0ng=,GsL1QeQiAvtFBNKHMLhfL21R99U=
9,132,LGbRNkCkuxALMM2QeLCmPI/W0ng=,GsL1QeQiAvtFBNKHMLhfL21R99U=
11,132,LGbRNkCkuxALMM2QeLCmPI/W0ng=,GsL1QeQiAvtFBNKHMLhfL21R99U=
10,132,LGbRNkCkuxALMM2QeLCmPI/W0ng=,GsL1QeQiAvtFBNKHMLhfL21R99U=
12,132,LGbRNkCkuxALMM2QeLCmPI/W0ng=,GsL1QeQiAvtFBNKHMLhfL21R99U=
13,132,LGbRNkCkuxALMM2QeLCmPI/W0ng=,GsL1QeQiAvtFBNKHMLhfL21R99U=
0,133,LGbRNkCkuxALMM2QeLCmPI/W0ng=,GsL1QeQiAvtFBNKHMLhfL21R99U=
14,132,LGbRNkCkuxALMM2QeLCmPI/W0ng=,GsL1QeQiAvtFBNKHMLhfL21R99U=
15,132,LGbRNkCkuxALMM2QeLCmPI/W0ng=,GsL1QeQiAvtFBNKHMLhfL21R99U=
1,133,LGbRNkCkuxALMM2QeLCmPI/W0ng=,GsL1QeQiAvtFBNKHMLhfL21R99U=
2,133,LGbRNkCkuxALMM2QeLCmPI/W0ng=,GsL1QeQiAvtFBNKHMLhfL21R99U=
3,133,LGbRNkCkuxALMM2QeLCmPI/W0ng=,GsL1QeQiAvtFBNKHMLhfL21R99U=
4,133,LGbRNkCkuxALMM2QeLCmPI/W0ng=,GsL1QeQiAvtFBNKHMLhfL21R99U=
5,133,LGbRNkCkuxALMM2QeLCmPI/W0ng=,GsL1QeQiAvtFBNKHMLhfL21R99U=
6,133,LGbRNkCkuxALMM2QeLCmPI/W0ng=,GsL1QeQiAvtFBNKHMLhfL21R99U=
8,130,LGbRNkCkuxALMM2QeLCmPI/W0ng=,GsL1QeQiAvtFBNKHMLhfL21R99U=
7,133,LGbRNkCkuxALMM2QeLCmPI/W0ng=,GsL1QeQiAvtFBNKHMLhfL21R99U=
7,129,LGbRNkCkuxALMM2QeLCmPI/W0ng=,GsL1QeQiAvtFBNKHMLhfL21R99U=
7,128,LGbRNkCkuxALMM2QeLCmPI/W0ng=,GsL1QeQiAvtFBNKHMLhfL21R99U=
8,133,LGbRNkCkuxALMM2QeLCmPI/W0ng=,GsL1QeQiAvtFBNKHMLhfL21R99U=
9,133,LGbRNkCkuxALMM2QeLCmPI/W0ng=,GsL1QeQiAvtFBNKHMLhfL21R99U=
10,133,LGbRNkCkuxALMM2QeLCmPI/W0ng=,GsL1QeQiAvtFBNKHMLhfL21R99U=
11,133,LGbRNkCkuxALMM2QeLCmPI/W0ng=,GsL1QeQiAvtFBNKHMLhfL21R99U=
0,134,LGbRNkCkuxALMM2QeLCmPI/W0ng=,GsL1QeQiAvtFBNKHMLhfL21R99U=
14,133,LGbRNkCkuxALMM2QeLCmPI/W0ng=,GsL1QeQiAvtFBNKHMLhfL21R99U=
1,134,LGbRNkCkuxALMM2QeLCmPI/W0ng=,GsL1QeQiAvtFBNKHMLhfL21R99U=
2,134,LGbRNkCkuxALMM2QeLCmPI/W0ng=,GsL1QeQiAvtFBNKHMLhfL21R99U=
3,134,LGbRNkCkuxALMM2QeLCmPI/W0ng=,GsL1QeQiAvtFBNKHMLhfL21R99U=
4,134,LGbRNkCkuxALMM2QeLCmPI/W0ng=,GsL1QeQiAvtFBNKHMLhfL21R99U=
5,134,LGbRNkCkuxALMM2QeLCmPI/W0ng=,GsL1QeQiAvtFBNKHMLhfL21R99U=
6,134,LGbRNkCkuxALMM2QeLCmPI/W0ng=,GsL1QeQiAvtFBNKHMLhfL21R99U=
7,134,LGbRNkCkuxALMM2QeLCmPI/W0ng=,GsL1QeQiAvtFBNKHMLhfL21R99U=
13,133,LGbRNkCkuxALMM2QeLCmPI/W0ng=,GsL1QeQiAvtFBNKHMLhfL21R99U=
12,133,LGbRNkCkuxALMM2QeLCmPI/W0ng=,GsL1QeQiAvtFBNKHMLhfL21R99U=
8,129,LGbRNkCkuxALMM2QeLCmPI/W0ng=,GsL1QeQiAvtFBNKHMLhfL21R99U=
8,134,LGbRNkCkuxALMM2QeLCmPI/W0ng=,GsL1QeQiAvtFBNKHMLhfL21R99U=
9,130,LGbRNkCkuxALMM2QeLCmPI/W0ng=,GsL1QeQiAvtFBNKHMLhfL21R99U=
9,134,LGbRNkCkuxALMM2QeLCmPI/W0ng=,GsL1QeQiAvtFBNKHMLhfL21R99U=
10,134,LGbRNkCkuxALMM2QeLCmPI/W0ng=,GsL1QeQiAvtFBNKHMLhfL21R99U=
15,133,LGbRNkCkuxALMM2QeLCmPI/W0ng=,GsL1QeQiAvtFBNKHMLhfL21R99U=
11,134,LGbRNkCkuxALMM2QeLCmPI/W0ng=,GsL1QeQiAvtFBNKHMLhfL21R99U=
8,128,LGbRNkCkuxALMM2QeLCmPI/W0ng=,GsL1QeQiAvtFBNKHMLhfL21R99U=
0,135,LGbRNkCkuxALMM2QeLCmPI/W0ng=,GsL1QeQiAvtFBNKHMLhfL21R99U=
1,135,LGbRNkCkuxALMM2QeLCmPI/W0ng=,GsL1QeQiAvtFBNKHMLhfL21R99U=
2,135,LGbRNkCkuxALMM2QeLCmPI/W0ng=,GsL1QeQiAvtFBNKHMLhfL21R99U=
3,135,LGbRNkCkuxALMM2QeLCmPI/W0ng=,GsL1QeQiAvtFBNKHMLhfL21R99U=
4,135,LGbRNkCkuxALMM2QeLCmPI/W0ng=,GsL1QeQiAvtFBNKHMLhfL21R99U=
12,134,LGbRNkCkuxALMM2QeLCmPI/W0ng=,GsL1QeQiAvtFBNKHMLhfL21R99U=
5,135,LGbRNkCkuxALMM2QeLCmPI/W0ng=,GsL1QeQiAvtFBNKHMLhfL21R99U=
6,135,LGbRNkCkuxALMM2QeLCmPI/W0ng=,GsL1QeQiAvtFBNKHMLhfL21R99U=
7,135,LGbRNkCkuxALMM2QeLCmPI/W0ng=,GsL1QeQiAvtFBNKHMLhfL21R99U=
14,134,LGbRNkCkuxALMM2QeLCmPI/W0ng=,GsL1QeQiAvtFBNKHMLhfL21R99U=
13,134,LGbRNkCkuxALMM2QeLCmPI/W0ng=,GsL1QeQiAvtFBNKHMLhfL21R99U=
10,130,LGbRNkCkuxALMM2QeLCmPI/W0ng=,GsL1QeQiAvtFBNKHMLhfL21R99U=
15,134,LGbRNkCkuxALMM2QeLCmPI/W0ng=,GsL1QeQiAvtFBNKHMLhfL21R99U=
9,129,LGbRNkCkuxALMM2QeLCmPI/W0ng=,GsL1QeQiAvtFBNKHMLhfL21R99U=
8,135,LGbRNkCkuxALMM2QeLCmPI/W0ng=,GsL1QeQiAvtFBNKHMLhfL21R99U=
9,135,LGbRNkCkuxALMM2QeLCmPI/W0ng=,GsL1QeQiAvtFBNKHMLhfL21R99U=
9,128,LGbRNkCkuxALMM2QeLCmPI/W0ng=,GsL1QeQiAvtFBNKHMLhfL21R99U=
10,135,LGbRNkCkuxALMM2QeLCmPI/W0ng=,GsL1QeQiAvtFBNKHMLhfL21R99U=
11,135,LGbRNkCkuxALMM2QeLCmPI/W0ng=,GsL1QeQiAvtFBNKHMLhfL21R99U=
12,135,LGbRNkCkuxALMM2QeLCmPI/W0ng=,GsL1QeQiAvtFBNKHMLhfL21R99U=
0,136,LGbRNkCkuxALMM2QeLCmPI/W0ng=,GsL1QeQiAvtFBNKHMLhfL21R99U=
1,136,LGbRNkCkuxALMM2QeLCmPI/W0ng=,GsL1QeQiAvtFBNKHMLhfL21R99U=
2,136,LGbRNkCkuxALMM2QeLCmPI/W0ng=,GsL1QeQiAvtFBNKHMLhfL21R99U=
3,136,LGbRNkCkuxALMM2QeLCmPI/W0ng=,GsL1QeQiAvtFBNKHMLhfL21R99U=
4,136,LGbRNkCkuxALMM2QeLCmPI/W0ng=,GsL1QeQiAvtFBNKHMLhfL21R99U=
5,136,LGbRNkCkuxALMM2QeLCmPI/W0ng=,GsL1QeQiAvtFBNKHMLhfL21R99U=
6,136,LGbRNkCkuxALMM2QeLCmPI/W0ng=,GsL1QeQiAvtFBNKHMLhfL21R99U=
7,136,LGbRNkCkuxALMM2QeLCmPI/W0ng=,GsL1QeQiAvtFBNKHMLhfL21R99U=
13,135,LGbRNkCkuxALMM2QeLCmPI/W0ng=,GsL1QeQiAvtFBNKHMLhfL21R99U=
14,135,LGbRNkCkuxALMM2QeLCmPI/W0ng=,GsL1QeQiAvtFBNKHMLhfL21R99U=
11,130,LGbRNkCkuxALMM2QeLCmPI/W0ng=,GsL1QeQiAvtFBNKHMLhfL21R99U=
15,135,LGbRNkCkuxALMM2QeLCmPI/W0ng=,GsL1QeQiAvtFBNKHMLhfL21R99U=
8,136,LGbRNkCkuxALMM2QeLCmPI/W0ng=,GsL1QeQiAvtFBNKHMLhfL21R99U=
10,129,LGbRNkCkuxALMM2QeLCmPI/W0ng=,GsL1QeQiAvtFBNKHMLhfL21R99U=
9,136,LGbRNkCkuxALMM2QeLCmPI/W0ng=,GsL1QeQiAvtFBNKHMLhfL21R99U=
10,136,LGbRNkCkuxALMM2QeLCmPI/W0ng=,GsL1QeQiAvtFBNKHMLhfL21R99U=
14,136,LGbRNkCkuxALMM2QeLCmPI/W0ng=,GsL1QeQiAvtFBNKHMLhfL21R99U=
12,136,LGbRNkCkuxALMM2QeLCmPI/W0ng=,GsL1QeQiAvtFBNKHMLhfL21R99U=
0,137,LGbRNkCkuxALMM2QeLCmPI/W0ng=,GsL1QeQiAvtFBNKHMLhfL21R99U=
13,136,LGbRNkCkuxALMM2QeLCmPI/W0ng=,GsL1QeQiAvtFBNKHMLhfL21R99U=
1,137,LGbRNkCkuxALMM2QeLCmPI/W0ng=,GsL1QeQiAvtFBNKHMLhfL21R99U=
2,137,LGbRNkCkuxALMM2QeLCmPI/W0ng=,GsL1QeQiAvtFBNKHMLhfL21R99U=
3,137,LGbRNkCkuxALMM2QeLCmPI/W0ng=,GsL1QeQiAvtFBNKHMLhfL21R99U=
4,137,LGbRNkCkuxALMM2QeLCmPI/W0ng=,GsL1QeQiAvtFBNKHMLhfL21R99U=
5,137,LGbRNkCkuxALMM2QeLCmPI/W0ng=,GsL1QeQiAvtFBNKHMLhfL21R99U=
6,137,LGbRNkCkuxALMM2QeLCmPI/W0ng=,GsL1QeQiAvtFBNKHMLhfL21R99U=
7,137,LGbRNkCkuxALMM2QeLCmPI/W0ng=,GsL1QeQiAvtFBNKHMLhfL21R99U=
11,129,LGbRNkCkuxALMM2QeLCmPI/W0ng=,GsL1QeQiAvtFBNKHMLhfL21R99U=
11,136,LGbRNkCkuxALMM2QeLCmPI/W0ng=,GsL1QeQiAvtFBNKHMLhfL21R99U=
15,136,LGbRNkCkuxALMM2QeLCmPI/W0ng=,GsL1QeQiAvtFBNKHMLhfL21R99U=
10,128,LGbRNkCkuxALMM2QeLCmPI/W0ng=,GsL1QeQiAvtFBNKHMLhfL21R99U=
9,137,LGbRNkCkuxALMM2QeLCmPI/W0ng=,GsL1QeQiAvtFBNKHMLhfL21R99U=
8,137,LGbRNkCkuxALMM2QeLCmPI/W0ng=,GsL1QeQiAvtFBNKHMLhfL21R99U=
12,130,LGbRNkCkuxALMM2QeLCmPI/W0ng=,GsL1QeQiAvtFBNKHMLhfL21R99U=
10,137,LGbRNkCkuxALMM2QeLCmPI/W0ng=,GsL1QeQiAvtFBNKHMLhfL21R99U=
11,137,LGbRNkCkuxALMM2QeLCmPI/W0ng=,GsL1QeQiAvtFBNKHMLhfL21R99U=
0,138,LGbRNkCkuxALMM2QeLCmPI/W0ng=,GsL1QeQiAvtFBNKHMLhfL21R99U=
12,137,LGbRNkCkuxALMM2QeLCmPI/W0ng=,GsL1QeQiAvtFBNKHMLhfL21R99U=
11,128,LGbRNkCkuxALMM2QeLCmPI/W0ng=,GsL1QeQiAvtFBNKHMLhfL21R99U=
1,138,LGbRNkCkuxALMM2QeLCmPI/W0ng=,GsL1QeQiAvtFBNKHMLhfL21R99U=
2,138,LGbRNkCkuxALMM2QeLCmPI/W0ng=,GsL1QeQiAvtFBNKHMLhfL21R99U=
3,138,LGbRNkCkuxALMM2QeLCmPI/W0ng=,GsL1QeQiAvtFBNKHMLhfL21R99U=
4,138,LGbRNkCkuxALMM2QeLCmPI/W0ng=,GsL1QeQiAvtFBNKHMLhfL21R99U=
5,138,LGbRNkCkuxALMM2QeLCmPI/W0ng=,GsL1QeQiAvtFBNKHMLhfL21R99U=
6,138,LGbRNkCkuxALMM2QeLCmPI/W0ng=,GsL1QeQiAvtFBNKHMLhfL21R99U=
7,138,LGbRNkCkuxALMM2QeLCmPI/W0ng=,GsL1QeQiAvtFBNKHMLhfL21R99U=
13,137,LGbRNkCkuxALMM2QeLCmPI/W0ng=,GsL1QeQiAvtFBNKHMLhfL21R99U=
14,137,LGbRNkCkuxALMM2QeLCmPI/W0ng=,GsL1QeQiAvtFBNKHMLhfL21R99U=
8,138,LGbRNkCkuxALMM2QeLCmPI/W0ng=,GsL1QeQiAvtFBNKHMLhfL21R99U=
12,129,LGbRNkCkuxALMM2QeLCmPI/W0ng=,GsL1QeQiAvtFBNKHMLhfL21R99U=
9,138,LGbRNkCkuxALMM2QeLCmPI/W0ng=,GsL1QeQiAvtFBNKHMLhfL21R99U=
12,128,LGbRNkCkuxALMM2QeLCmPI/W0ng=,GsL1QeQiAvtFBNKHMLhfL21R99U=
13,130,LGbRNkCkuxALMM2QeLCmPI/W0ng=,GsL1QeQiAvtFBNKHMLhfL21R99U=
10,138,LGbRNkCkuxALMM2QeLCmPI/W0ng=,GsL1QeQiAvtFBNKHMLhfL21R99U=
12,138,LGbRNkCkuxALMM2QeLCmPI/W0ng=,GsL1QeQiAvtFBNKHMLhfL21R99U=
11,138,LGbRNkCkuxALMM2QeLCmPI/W0ng=,GsL1QeQiAvtFBNKHMLhfL21R99U=
13,138,LGbRNkCkuxALMM2QeLCmPI/W0ng=,GsL1QeQiAvtFBNKHMLhfL21R99U=
13,129,LGbRNkCkuxALMM2QeLCmPI/W0ng=,GsL1QeQiAvtFBNKHMLhfL21R99U=
15,137,LGbRNkCkuxALMM2QeLCmPI/W0ng=,GsL1QeQiAvtFBNKHMLhfL21R99U=
14,138,LGbRNkCkuxALMM2QeLCmPI/W0ng=,GsL1QeQiAvtFBNKHMLhfL21R99U=
0,139,LGbRNkCkuxALMM2QeLCmPI/W0ng=,GsL1QeQiAvtFBNKHMLhfL21R99U=
1,139,LGbRNkCkuxALMM2QeLCmPI/W0ng=,GsL1QeQiAvtFBNKHMLhfL21R99U=
2,139,LGbRNkCkuxALMM2QeLCmPI/W0ng=,GsL1QeQiAvtFBNKHMLhfL21R99U=
3,139,LGbRNkCkuxALMM2QeLCmPI/W0ng=,GsL1QeQiAvtFBNKHMLhfL21R99U=
4,139,LGbRNkCkuxALMM2QeLCmPI/W0ng=,GsL1QeQiAvtFBNKHMLhfL21R99U=
5,139,LGbRNkCkuxALMM2QeLCmPI/W0ng=,GsL1QeQiAvtFBNKHMLhfL21R99U=
6,139,LGbRNkCkuxALMM2QeLCmPI/W0ng=,GsL1QeQiAvtFBNKHMLhfL21R99U=
7,139,LGbRNkCkuxALMM2QeLCmPI/W0ng=,GsL1QeQiAvtFBNKHMLhfL21R99U=
13,128,LGbRNkCkuxALMM2QeLCmPI/W0ng=,GsL1QeQiAvtFBNKHMLhfL21R99U=
14,130,LGbRNkCkuxALMM2QeLCmPI/W0ng=,GsL1QeQiAvtFBNKHMLhfL21R99U=
10,139,LGbRNkCkuxALMM2QeLCmPI/W0ng=,GsL1QeQiAvtFBNKHMLhfL21R99U=
9,139,LGbRNkCkuxALMM2QeLCmPI/W0ng=,GsL1QeQiAvtFBNKHMLhfL21R99U=
11,139,LGbRNkCkuxALMM2QeLCmPI/W0ng=,GsL1QeQiAvtFBNKHMLhfL21R99U=
8,139,LGbRNkCkuxALMM2QeLCmPI/W0ng=,GsL1QeQiAvtFBNKHMLhfL21R99U=
12,139,LGbRNkCkuxALMM2QeLCmPI/W0ng=,GsL1QeQiAvtFBNKHMLhfL21R99U=
15,138,LGbRNkCkuxALMM2QeLCmPI/W0ng=,GsL1QeQiAvtFBNKHMLhfL21R99U=
13,139,LGbRNkCkuxALMM2QeLCmPI/W0ng=,GsL1QeQiAvtFBNKHMLhfL21R99U=
15,129,LGbRNkCkuxALMM2QeLCmPI/W0ng=,GsL1QeQiAvtFBNKHMLhfL21R99U=
14,129,LGbRNkCkuxALMM2QeLCmPI/W0ng=,GsL1QeQiAvtFBNKHMLhfL21R99U=
15,130,LGbRNkCkuxALMM2QeLCmPI/W0ng=,GsL1QeQiAvtFBNKHMLhfL21R99U=
2,128,LGbRNkCkuxALMM2QeLCmPI/W0ng=,GsL1QeQiAvtFBNKHMLhfL21R99U=
14,128,LGbRNkCkuxALMM2QeLCmPI/W0ng=,GsL1QeQiAvtFBNKHMLhfL21R99U=
0,130,LGbRNkCkuxALMM2QeLCmPI/W0ng=,GsL1QeQiAvtFBNKHMLhfL21R99U=
0,129,LGbRNkCkuxALMM2QeLCmPI/W0ng=,GsL1QeQiAvtFBNKHMLhfL21R99U=
0,131,LGbRNkCkuxALMM2QeLCmPI/W0ng=,GsL1QeQiAvtFBNKHMLhfL21R99U=
0,140,LGbRNkCkuxALMM2QeLCmPI/W0ng=,GsL1QeQiAvtFBNKHMLhfL21R99U=
1,129,LGbRNkCkuxALMM2QeLCmPI/W0ng=,GsL1QeQiAvtFBNKHMLhfL21R99U=
1,140,LGbRNkCkuxALMM2QeLCmPI/W0ng=,GsL1QeQiAvtFBNKHMLhfL21R99U=
2,140,LGbRNkCkuxALMM2QeLCmPI/W0ng=,GsL1QeQiAvtFBNKHMLhfL21R99U=
3,140,LGbRNkCkuxALMM2QeLCmPI/W0ng=,GsL1QeQiAvtFBNKHMLhfL21R99U=
4,140,LGbRNkCkuxALMM2QeLCmPI/W0ng=,GsL1QeQiAvtFBNKHMLhfL21R99U=
5,140,LGbRNkCkuxALMM2QeLCmPI/W0ng=,GsL1QeQiAvtFBNKHMLhfL21R99U=
7,140,LGbRNkCkuxALMM2QeLCmPI/W0ng=,GsL1QeQiAvtFBNKHMLhfL21R99U=
15,128,LGbRNkCkuxALMM2QeLCmPI/W0ng=,GsL1QeQiAvtFBNKHMLhfL21R99U=
6,140,LGbRNkCkuxALMM2QeLCmPI/W0ng=,GsL1QeQiAvtFBNKHMLhfL21R99U=
14,139,LGbRNkCkuxALMM2QeLCmPI/W0ng=,GsL1QeQiAvtFBNKHMLhfL21R99U=
10,140,LGbRNkCkuxALMM2QeLCmPI/W0ng=,GsL1QeQiAvtFBNKHMLhfL21R99U=
8,140,LGbRNkCkuxALMM2QeLCmPI/W0ng=,GsL1QeQiAvtFBNKHMLhfL21R99U=
15,139,LGbRNkCkuxALMM2QeLCmPI/W0ng=,GsL1QeQiAvtFBNKHMLhfL21R99U=
9,140,LGbRNkCkuxALMM2QeLCmPI/W0ng=,GsL1QeQiAvtFBNKHMLhfL21R99U=
11,140,LGbRNkCkuxALMM2QeLCmPI/W0ng=,GsL1QeQiAvtFBNKHMLhfL21R99U=
13,140,LGbRNkCkuxALMM2QeLCmPI/W0ng=,GsL1QeQiAvtFBNKHMLhfL21R99U=
0,141,LGbRNkCkuxALMM2QeLCmPI/W0ng=,GsL1QeQiAvtFBNKHMLhfL21R99U=
1,130,LGbRNkCkuxALMM2QeLCmPI/W0ng=,GsL1QeQiAvtFBNKHMLhfL21R99U=
2,129,LGbRNkCkuxALMM2QeLCmPI/W0ng=,GsL1QeQiAvtFBNKHMLhfL21R99U=
1,141,LGbRNkCkuxALMM2QeLCmPI/W0ng=,GsL1QeQiAvtFBNKHMLhfL21R99U=
3,141,LGbRNkCkuxALMM2QeLCmPI/W0ng=,GsL1QeQiAvtFBNKHMLhfL21R99U=
2,141,LGbRNkCkuxALMM2QeLCmPI/W0ng=,GsL1QeQiAvtFBNKHMLhfL21R99U=
4,141,LGbRNkCkuxALMM2QeLCmPI/W0ng=,GsL1QeQiAvtFBNKHMLhfL21R99U=
5,141,LGbRNkCkuxALMM2QeLCmPI/W0ng=,GsL1QeQiAvtFBNKHMLhfL21R99U=
6,141,LGbRNkCkuxALMM2QeLCmPI/W0ng=,GsL1QeQiAvtFBNKHMLhfL21R99U=
7,141,LGbRNkCkuxALMM2QeLCmPI/W0ng=,GsL1QeQiAvtFBNKHMLhfL21R99U=
12,140,LGbRNkCkuxALMM2QeLCmPI/W0ng=,GsL1QeQiAvtFBNKHMLhfL21R99U=
8,141,LGbRNkCkuxALMM2QeLCmPI/W0ng=,GsL1QeQiAvtFBNKHMLhfL21R99U=
10,141,LGbRNkCkuxALMM2QeLCmPI/W0ng=,GsL1QeQiAvtFBNKHMLhfL21R99U=
11,141,LGbRNkCkuxALMM2QeLCmPI/W0ng=,GsL1QeQiAvtFBNKHMLhfL21R99U=
12,141,LGbRNkCkuxALMM2QeLCmPI/W0ng=,GsL1QeQiAvtFBNKHMLhfL21R99U=
0,142,LGbRNkCkuxALMM2QeLCmPI/W0ng=,GsL1QeQiAvtFBNKHMLhfL21R99U=
2,130,LGbRNkCkuxALMM2QeLCmPI/W0ng=,GsL1QeQiAvtFBNKHMLhfL21R99U=
3,129,LGbRNkCkuxALMM2QeLCmPI/W0ng=,GsL1QeQiAvtFBNKHMLhfL21R99U=
1,142,LGbRNkCkuxALMM2QeLCmPI/W0ng=,GsL1QeQiAvtFBNKHMLhfL21R99U=
2,142,LGbRNkCkuxALMM2QeLCmPI/W0ng=,GsL1QeQiAvtFBNKHMLhfL21R99U=
3,142,LGbRNkCkuxALMM2QeLCmPI/W0ng=,GsL1QeQiAvtFBNKHMLhfL21R99U=
4,142,LGbRNkCkuxALMM2QeLCmPI/W0ng=,GsL1QeQiAvtFBNKHMLhfL21R99U=
5,142,LGbRNkCkuxALMM2QeLCmPI/W0ng=,GsL1QeQiAvtFBNKHMLhfL21R99U=
6,142,LGbRNkCkuxALMM2QeLCmPI/W0ng=,GsL1QeQiAvtFBNKHMLhfL21R99U=
7,142,LGbRNkCkuxALMM2QeLCmPI/W0ng=,GsL1QeQiAvtFBNKHMLhfL21R99U=
13,141,LGbRNkCkuxALMM2QeLCmPI/W0ng=,GsL1QeQiAvtFBNKHMLhfL21R99U=
14,141,LGbRNkCkuxALMM2QeLCmPI/W0ng=,GsL1QeQiAvtFBNKHMLhfL21R99U=
9,142,LGbRNkCkuxALMM2QeLCmPI/W0ng=,GsL1QeQiAvtFBNKHMLhfL21R99U=
10,142,LGbRNkCkuxALMM2QeLCmPI/W0ng=,GsL1QeQiAvtFBNKHMLhfL21R99U=
14,140,LGbRNkCkuxALMM2QeLCmPI/W0ng=,GsL1QeQiAvtFBNKHMLhfL21R99U=
9,141,LGbRNkCkuxALMM2QeLCmPI/W0ng=,GsL1QeQiAvtFBNKHMLhfL21R99U=
15,140,LGbRNkCkuxALMM2QeLCmPI/W0ng=,GsL1QeQiAvtFBNKHMLhfL21R99U=
11,142,LGbRNkCkuxALMM2QeLCmPI/W0ng=,GsL1QeQiAvtFBNKHMLhfL21R99U=
1,131,LGbRNkCkuxALMM2QeLCmPI/W0ng=,GsL1QeQiAvtFBNKHMLhfL21R99U=
3,130,LGbRNkCkuxALMM2QeLCmPI/W0ng=,GsL1QeQiAvtFBNKHMLhfL21R99U=
4,128,LGbRNkCkuxALMM2QeLCmPI/W0ng=,GsL1QeQiAvtFBNKHMLhfL21R99U=
0,143,LGbRNkCkuxALMM2QeLCmPI/W0ng=,GsL1QeQiAvtFBNKHMLhfL21R99U=
1,143,LGbRNkCkuxALMM2QeLCmPI/W0ng=,GsL1QeQiAvtFBNKHMLhfL21R99U=
2,143,LGbRNkCkuxALMM2QeLCmPI/W0ng=,GsL1QeQiAvtFBNKHMLhfL21R99U=
3,143,LGbRNkCkuxALMM2QeLCmPI/W0ng=,GsL1QeQiAvtFBNKHMLhfL21R99U=
4,143,LGbRNkCkuxALMM2QeLCmPI/W0ng=,GsL1QeQiAvtFBNKHMLhfL21R99U=
5,143,LGbRNkCkuxALMM2QeLCmPI/W0ng=,GsL1QeQiAvtFBNKHMLhfL21R99U=
6,143,LGbRNkCkuxALMM2QeLCmPI/W0ng=,GsL1QeQiAvtFBNKHMLhfL21R99U=
8,142,LGbRNkCkuxALMM2QeLCmPI/W0ng=,GsL1QeQiAvtFBNKHMLhfL21R99U=
13,142,LGbRNkCkuxALMM2QeLCmPI/W0ng=,GsL1QeQiAvtFBNKHMLhfL21R99U=
12,142,LGbRNkCkuxALMM2QeLCmPI/W0ng=,GsL1QeQiAvtFBNKHMLhfL21R99U=
7,143,LGbRNkCkuxALMM2QeLCmPI/W0ng=,GsL1QeQiAvtFBNKHMLhfL21R99U=
14,142,LGbRNkCkuxALMM2QeLCmPI/W0ng=,GsL1QeQiAvtFBNKHMLhfL21R99U=
10,143,LGbRNkCkuxALMM2QeLCmPI/W0ng=,GsL1QeQiAvtFBNKHMLhfL21R99U=
9,143,LGbRNkCkuxALMM2QeLCmPI/W0ng=,GsL1QeQiAvtFBNKHMLhfL21R99U=
15,141,LGbRNkCkuxALMM2QeLCmPI/W0ng=,GsL1QeQiAvtFBNKHMLhfL21R99U=
11,143,LGbRNkCkuxALMM2QeLCmPI/W0ng=,GsL1QeQiAvtFBNKHMLhfL21R99U=
15,142,LGbRNkCkuxALMM2QeLCmPI/W0ng=,GsL1QeQiAvtFBNKHMLhfL21R99U=
12,143,LGbRNkCkuxALMM2QeLCmPI/W0ng=,GsL1QeQiAvtFBNKHMLhfL21R99U=
8,143,LGbRNkCkuxALMM2QeLCmPI/W0ng=,GsL1QeQiAvtFBNKHMLhfL21R99U=
5,144,98aAb791dTyW8XZEBZUQShs0oJo=,8MEVrO4y9r7Rd0SdJHrapnMlKWc=
6,147,98aAb791dTyW8XZEBZUQShs0oJo=,8MEVrO4y9r7Rd0SdJHrapnMlKWc=
6,146,98aAb791dTyW8XZEBZUQShs0oJo=,8MEVrO4y9r7Rd0SdJHrapnMlKWc=
5,146,98aAb791dTyW8XZEBZUQShs0oJo=,8MEVrO4y9r7Rd0SdJHrapnMlKWc=
5,147,98aAb791dTyW8XZEBZUQShs0oJo=,8MEVrO4y9r7Rd0SdJHrapnMlKWc=
3,144,98aAb791dTyW8XZEBZUQShs0oJo=,8MEVrO4y9r7Rd0SdJHrapnMlKWc=
4,147,98aAb791dTyW8XZEBZUQShs0oJo=,8MEVrO4y9r7Rd0SdJHrapnMlKWc=
3,147,861T6JdKF1j6ISdcxQfmmVeihCg=,8MEVrO4y9r7Rd0SdJHrapnMlKWc=
5,145,861T6JdKF1j6ISdcxQfmmVeihCg=,8MEVrO4y9r7Rd0SdJHrapnMlKWc=
4,145,861T6JdKF1j6ISdcxQfmmVeihCg=,8MEVrO4y9r7Rd0SdJHrapnMlKWc=
1,144,861T6JdKF1j6ISdcxQfmmVeihCg=,8MEVrO4y9r7Rd0SdJHrapnMlKWc=
2,147,861T6JdKF1j6ISdcxQfmmVeihCg=,8MEVrO4y9r7Rd0SdJHrapnMlKWc=
15,159,861T6JdKF1j6ISdcxQfmmVeihCg=,8MEVrO4y9r7Rd0SdJHrapnMlKWc=
4,146,861T6JdKF1j6ISdcxQfmmVeihCg=,8MEVrO4y9r7Rd0SdJHrapnMlKWc=
14,159,861T6JdKF1j6ISdcxQfmmVeihCg=,8MEVrO4y9r7Rd0SdJHrapnMlKWc=
10,147,861T6JdKF1j6ISdcxQfmmVeihCg=,8MEVrO4y9r7Rd0SdJHrapnMlKWc=
11,147,861T6JdKF1j6ISdcxQfmmVeihCg=,8MEVrO4y9r7Rd0SdJHrapnMlKWc=
7,147,861T6JdKF1j6ISdcxQfmmVeihCg=,8MEVrO4y9r7Rd0SdJHrapnMlKWc=
12,147,861T6JdKF1j6ISdcxQfmmVeihCg=,8MEVrO4y9r7Rd0SdJHrapnMlKWc=
9,147,861T6JdKF1j6ISdcxQfmmVeihCg=,8MEVrO4y9r7Rd0SdJHrapnMlKWc=
13,159,861T6JdKF1j6ISdcxQfmmVeihCg=,8MEVrO4y9r7Rd0SdJHrapnMlKWc=
12,159,861T6JdKF1j6ISdcxQfmmVeihCg=,8MEVrO4y9r7Rd0SdJHrapnMlKWc=
11,159,861T6JdKF1j6ISdcxQfmmVeihCg=,8MEVrO4y9r7Rd0SdJHrapnMlKWc=
10,159,861T6JdKF1j6ISdcxQfmmVeihCg=,8MEVrO4y9r7Rd0SdJHrapnMlKWc=
9,159,861T6JdKF1j6ISdcxQfmmVeihCg=,8MEVrO4y9r7Rd0SdJHrapnMlKWc=
8,159,861T6JdKF1j6ISdcxQfmmVeihCg=,8MEVrO4y9r7Rd0SdJHrapnMlKWc=
7,159,861T6JdKF1j6ISdcxQfmmVeihCg=,8MEVrO4y9r7Rd0SdJHrapnMlKWc=
6,159,861T6JdKF1j6ISdcxQfmmVeihCg=,8MEVrO4y9r7Rd0SdJHrapnMlKWc=
5,159,861T6JdKF1j6ISdcxQfmmVeihCg=,8MEVrO4y9r7Rd0SdJHrapnMlKWc=
4,159,861T6JdKF1j6ISdcxQfmmVeihCg=,8MEVrO4y9r7Rd0SdJHrapnMlKWc=
3,159,861T6JdKF1j6ISdcxQfmmVeihCg=,8MEVrO4y9r7Rd0SdJHrapnMlKWc=
2,159,861T6JdKF1j6ISdcxQfmmVeihCg=,8MEVrO4y9r7Rd0SdJHrapnMlKWc=
1,159,861T6JdKF1j6ISdcxQfmmVeihCg=,8MEVrO4y9r7Rd0SdJHrapnMlKWc=
4,144,861T6JdKF1j6ISdcxQfmmVeihCg=,8MEVrO4y9r7Rd0SdJHrapnMlKWc=
1,147,861T6JdKF1j6ISdcxQfmmVeihCg=,8MEVrO4y9r7Rd0SdJHrapnMlKWc=
15,158,861T6JdKF1j6ISdcxQfmmVeihCg=,8MEVrO4y9r7Rd0SdJHrapnMlKWc=
0,159,861T6JdKF1j6ISdcxQfmmVeihCg=,8MEVrO4y9r7Rd0SdJHrapnMlKWc=
3,146,861T6JdKF1j6ISdcxQfmmVeihCg=,8MEVrO4y9r7Rd0SdJHrapnMlKWc=
13,158,861T6JdKF1j6ISdcxQfmmVeihCg=,8MEVrO4y9r7Rd0SdJHrapnMlKWc=
14,158,861T6JdKF1j6ISdcxQfmmVeihCg=,8MEVrO4y9r7Rd0SdJHrapnMlKWc=
12,158,861T6JdKF1j6ISdcxQfmmVeihCg=,8MEVrO4y9r7Rd0SdJHrapnMlKWc=
11,158,861T6JdKF1j6ISdcxQfmmVeihCg=,8MEVrO4y9r7Rd0SdJHrapnMlKWc=
10,158,861T6JdKF1j6ISdcxQfmmVeihCg=,8MEVrO4y9r7Rd0SdJHrapnMlKWc=
9,158,861T6JdKF1j6ISdcxQfmmVeihCg=,8MEVrO4y9r7Rd0SdJHrapnMlKWc=
8,158,861T6JdKF1j6ISdcxQfmmVeihCg=,8MEVrO4y9r7Rd0SdJHrapnMlKWc=
7,158,861T6JdKF1j6ISdcxQfmmVeihCg=,8MEVrO4y9r7Rd0SdJHrapnMlKWc=
6,158,861T6JdKF1j6ISdcxQfmmVeihCg=,8MEVrO4y9r7Rd0SdJHrapnMlKWc=
5,158,861T6JdKF1j6ISdcxQfmmVeihCg=,8MEVrO4y9r7Rd0SdJHrapnMlKWc=
4,158,861T6JdKF1j6ISdcxQfmmVeihCg=,8MEVrO4y9r7Rd0SdJHrapnMlKWc=
2,158,861T6JdKF1j6ISdcxQfmmVeihCg=,8MEVrO4y9r7Rd0SdJHrapnMlKWc=
1,158,861T6JdKF1j6ISdcxQfmmVeihCg=,8MEVrO4y9r7Rd0SdJHrapnMlKWc=
3,158,861T6JdKF1j6ISdcxQfmmVeihCg=,8MEVrO4y9r7Rd0SdJHrapnMlKWc=
0,158,861T6JdKF1j6ISdcxQfmmVeihCg=,8MEVrO4y9r7Rd0SdJHrapnMlKWc=
8,147,861T6JdKF1j6ISdcxQfmmVeihCg=,8MEVrO4y9r7Rd0SdJHrapnMlKWc=
3,145,861T6JdKF1j6ISdcxQfmmVeihCg=,8MEVrO4y9r7Rd0SdJHrapnMlKWc=
2,146,861T6JdKF1j6ISdcxQfmmVeihCg=,8MEVrO4y9r7Rd0SdJHrapnMlKWc=
14,157,861T6JdKF1j6ISdcxQfmmVeihCg=,8MEVrO4y9r7Rd0SdJHrapnMlKWc=
13,157,861T6JdKF1j6ISdcxQfmmVeihCg=,8MEVrO4y9r7Rd0SdJHrapnMlKWc=
12,157,861T6JdKF1j6ISdcxQfmmVeihCg=,8MEVrO4y9r7Rd0SdJHrapnMlKWc=
11,157,861T6JdKF1j6ISdcxQfmmVeihCg=,8MEVrO4y9r7Rd0SdJHrapnMlKWc=
10,157,861T6JdKF1j6ISdcxQfmmVeihCg=,8MEVrO4y9r7Rd0SdJHrapnMlKWc=
9,157,861T6JdKF1j6ISdcxQfmmVeihCg=,8MEVrO4y9r7Rd0SdJHrapnMlKWc=
7,157,861T6JdKF1j6ISdcxQfmmVeihCg=,8MEVrO4y9r7Rd0SdJHrapnMlKWc=
8,157,861T6JdKF1j6ISdcxQfmmVeihCg=,8MEVrO4y9r7Rd0SdJHrapnMlKWc=
6,157,861T6JdKF1j6ISdcxQfmmVeihCg=,8MEVrO4y9r7Rd0SdJHrapnMlKWc=
5,157,861T6JdKF1j6ISdcxQfmmVeihCg=,8MEVrO4y9r7Rd0SdJHrapnMlKWc=
4,157,861T6JdKF1j6ISdcxQfmmVeihCg=,8MEVrO4y9r7Rd0SdJHrapnMlKWc=
3,157,861T6JdKF1j6ISdcxQfmmVeihCg=,8MEVrO4y9r7Rd0SdJHrapnMlKWc=
2,157,861T6JdKF1j6ISdcxQfmmVeihCg=,8MEVrO4y9r7Rd0SdJHrapnMlKWc=
1,157,861T6JdKF1j6ISdcxQfmmVeihCg=,8MEVrO4y9r7Rd0SdJHrapnMlKWc=
0,157,861T6JdKF1j6ISdcxQfmmVeihCg=,8MEVrO4y9r7Rd0SdJHrapnMlKWc=
15,156,861T6JdKF1j6ISdcxQfmmVeihCg=,8MEVrO4y9r7Rd0SdJHrapnMlKWc=
2,145,861T6JdKF1j6ISdcxQfmmVeihCg=,8MEVrO4y9r7Rd0SdJHrapnMlKWc=
1,146,861T6JdKF1j6ISdcxQfmmVeihCg=,8MEVrO4y9r7Rd0SdJHrapnMlKWc=
14,156,861T6JdKF1j6ISdcxQfmmVeihCg=,8MEVrO4y9r7Rd0SdJHrapnMlKWc=
13,156,861T6JdKF1j6ISdcxQfmmVeihCg=,8MEVrO4y9r7Rd0SdJHrapnMlKWc=
12,156,861T6JdKF1j6ISdcxQfmmVeihCg=,8MEVrO4y9r7Rd0SdJHrapnMlKWc=
11,156,861T6JdKF1j6ISdcxQfmmVeihCg=,8MEVrO4y9r7Rd0SdJHrapnMlKWc=
10,156,861T6JdKF1j6ISdcxQfmmVeihCg=,8MEVrO4y9r7Rd0SdJHrapnMlKWc=
9,156,861T6JdKF1j6ISdcxQfmmVeihCg=,8MEVrO4y9r7Rd0SdJHrapnMlKWc=
8,156,861T6JdKF1j6ISdcxQfmmVeihCg=,8MEVrO4y9r7Rd0SdJHrapnMlKWc=
7,156,861T6JdKF1j6ISdcxQfmmVeihCg=,8MEVrO4y9r7Rd0SdJHrapnMlKWc=
6,156,861T6JdKF1j6ISdcxQfmmVeihCg=,8MEVrO4y9r7Rd0SdJHrapnMlKWc=
5,156,861T6JdKF1j6ISdcxQfmmVeihCg=,8MEVrO4y9r7Rd0SdJHrapnMlKWc=
4,156,861T6JdKF1j6ISdcxQfmmVeihCg=,8MEVrO4y9r7Rd0SdJHrapnMlKWc=
3,156,861T6JdKF1j6ISdcxQfmmVeihCg=,8MEVrO4y9r7Rd0SdJHrapnMlKWc=
2,156,861T6JdKF1j6ISdcxQfmmVeihCg=,8MEVrO4y9r7Rd0SdJHrapnMlKWc=
1,156,861T6JdKF1j6ISdcxQfmmVeihCg=,8MEVrO4y9r7Rd0SdJHrapnMlKWc=
1,145,861T6JdKF1j6ISdcxQfmmVeihCg=,8MEVrO4y9r7Rd0SdJHrapnMlKWc=
0,156,861T6JdKF1j6ISdcxQfmmVeihCg=,8MEVrO4y9r7Rd0SdJHrapnMlKWc=
0,145,861T6JdKF1j6ISdcxQfmmVeihCg=,8MEVrO4y9r7Rd0SdJHrapnMlKWc=
15,157,861T6JdKF1j6ISdcxQfmmVeihCg=,8MEVrO4y9r7Rd0SdJHrapnMlKWc=
13,147,861T6JdKF1j6ISdcxQfmmVeihCg=,8MEVrO4y9r7Rd0SdJHrapnMlKWc=
14,147,861T6JdKF1j6ISdcxQfmmVeihCg=,8MEVrO4y9r7Rd0SdJHrapnMlKWc=
15,144,861T6JdKF1j6ISdcxQfmmVeihCg=,8MEVrO4y9r7Rd0SdJHrapnMlKWc=
2,144,861T6JdKF1j6ISdcxQfmmVeihCg=,8MEVrO4y9r7Rd0SdJHrapnMlKWc=
0,147,861T6JdKF1j6ISdcxQfmmVeihCg=,8MEVrO4y9r7Rd0SdJHrapnMlKWc=
14,144,861T6JdKF1j6ISdcxQfmmVeihCg=,8MEVrO4y9r7Rd0SdJHrapnMlKWc=
0,146,861T6JdKF1j6ISdcxQfmmVeihCg=,8MEVrO4y9r7Rd0SdJHrapnMlKWc=
15,147,861T6JdKF1j6ISdcxQfmmVeihCg=,8MEVrO4y9r7Rd0SdJHrapnMlKWc=
6,145,861T6JdKF1j6ISdcxQfmmVeihCg=,8MEVrO4y9r7Rd0SdJHrapnMlKWc=
15,145,861T6JdKF1j6ISdcxQfmmVeihCg=,8MEVrO4y9r7Rd0SdJHrapnMlKWc=
15,146,861T6JdKF1j6ISdcxQfmmVeihCg=,8MEVrO4y9r7Rd0SdJHrapnMlKWc=
15,155,861T6JdKF1j6ISdcxQfmmVeihCg=,8MEVrO4y9r7Rd0SdJHrapnMlKWc=
13,155,861T6JdKF1j6ISdcxQfmmVeihCg=,8MEVrO4y9r7Rd0SdJHrapnMlKWc=
14,155,861T6JdKF1j6ISdcxQfmmVeihCg=,8MEVrO4y9r7Rd0SdJHrapnMlKWc=
12,155,861T6JdKF1j6ISdcxQfmmVeihCg=,8MEVrO4y9r7Rd0SdJHrapnMlKWc=
11,155,861T6JdKF1j6ISdcxQfmmVeihCg=,8MEVrO4y9r7Rd0SdJHrapnMlKWc=
10,155,861T6JdKF1j6ISdcxQfmmVeihCg=,8MEVrO4y9r7Rd0SdJHrapnMlKWc=
9,155,861T6JdKF1j6ISdcxQfmmVeihCg=,8MEVrO4y9r7Rd0SdJHrapnMlKWc=
8,155,861T6JdKF1j6ISdcxQfmmVeihCg=,8MEVrO4y9r7Rd0SdJHrapnMlKWc=
7,155,861T6JdKF1j6ISdcxQfmmVeihCg=,8MEVrO4y9r7Rd0SdJHrapnMlKWc=
6,155,861T6JdKF1j6ISdcxQfmmVeihCg=,8MEVrO4y9r7Rd0SdJHrapnMlKWc=
4,155,861T6JdKF1j6ISdcxQfmmVeihCg=,8MEVrO4y9r7Rd0SdJHrapnMlKWc=
5,155,861T6JdKF1j6ISdcxQfmmVeihCg=,8MEVrO4y9r7Rd0SdJHrapnMlKWc=
3,155,861T6JdKF1j6ISdcxQfmmVeihCg=,8MEVrO4y9r7Rd0SdJHrapnMlKWc=
2,155,861T6JdKF1j6ISdcxQfmmVeihCg=,8MEVrO4y9r7Rd0SdJHrapnMlKWc=
1,155,861T6JdKF1j6ISdcxQfmmVeihCg=,8MEVrO4y9r7Rd0SdJHrapnMlKWc=
7,146,861T6JdKF1j6ISdcxQfmmVeihCg=,8MEVrO4y9r7Rd0SdJHrapnMlKWc=
0,144,861T6JdKF1j6ISdcxQfmmVeihCg=,8MEVrO4y9r7Rd0SdJHrapnMlKWc=
6,144,861T6JdKF1j6ISdcxQfmmVeihCg=,8MEVrO4y9r7Rd0SdJHrapnMlKWc=
1,148,861T6JdKF1j6ISdcxQfmmVeihCg=,8MEVrO4y9r7Rd0SdJHrapnMlKWc=
0,148,861T6JdKF1j6ISdcxQfmmVeihCg=,8MEVrO4y9r7Rd0SdJHrapnMlKWc=
2,148,861T6JdKF1j6ISdcxQfmmVeihCg=,8MEVrO4y9r7Rd0SdJHrapnMlKWc=
3,148,861T6JdKF1j6ISdcxQfmmVeihCg=,8MEVrO4y9r7Rd0SdJHrapnMlKWc=
4,148,861T6JdKF1j6ISdcxQfmmVeihCg=,8MEVrO4y9r7Rd0SdJHrapnMlKWc=
5,148,861T6JdKF1j6ISdcxQfmmVeihCg=,8MEVrO4y9r7Rd0SdJHrapnMlKWc=
6,148,861T6JdKF1j6ISdcxQfmmVeihCg=,8MEVrO4y9r7Rd0SdJHrapnMlKWc=
7,148,861T6JdKF1j6ISdcxQfmmVeihCg=,8MEVrO4y9r7Rd0SdJHrapnMlKWc=
8,148,861T6JdKF1j6ISdcxQfmmVeihCg=,8MEVrO4y9r7Rd0SdJHrapnMlKWc=
14,145,861T6JdKF1j6ISdcxQfmmVeihCg=,8MEVrO4y9r7Rd0SdJHrapnMlKWc=
0,155,861T6JdKF1j6ISdcxQfmmVeihCg=,8MEVrO4y9r7Rd0SdJHrapnMlKWc=
13,144,861T6JdKF1j6ISdcxQfmmVeihCg=,8MEVrO4y9r7Rd0SdJHrapnMlKWc=
9,148,861T6JdKF1j6ISdcxQfmmVeihCg=,8MEVrO4y9r7Rd0SdJHrapnMlKWc=
14,146,861T6JdKF1j6ISdcxQfmmVeihCg=,8MEVrO4y9r7Rd0SdJHrapnMlKWc=
15,154,861T6JdKF1j6ISdcxQfmmVeihCg=,8MEVrO4y9r7Rd0SdJHrapnMlKWc=
10,148,861T6JdKF1j6ISdcxQfmmVeihCg=,8MEVrO4y9r7Rd0SdJHrapnMlKWc=
14,154,861T6JdKF1j6ISdcxQfmmVeihCg=,8MEVrO4y9r7Rd0SdJHrapnMlKWc=
13,154,861T6JdKF1j6ISdcxQfmmVeihCg=,8MEVrO4y9r7Rd0SdJHrapnMlKWc=
12,154,861T6JdKF1j6ISdcxQfmmVeihCg=,8MEVrO4y9r7Rd0SdJHrapnMlKWc=
11,154,861T6JdKF1j6ISdcxQfmmVeihCg=,8MEVrO4y9r7Rd0SdJHrapnMlKWc=
10,154,861T6JdKF1j6ISdcxQfmmVeihCg=,8MEVrO4y9r7Rd0SdJHrapnMlKWc=
9,154,861T6JdKF1j6ISdcxQfmmVeihCg=,8MEVrO4y9r7Rd0SdJHrapnMlKWc=
8,154,861T6JdKF1j6ISdcxQfmmVeihCg=,8MEVrO4y9r7Rd0SdJHrapnMlKWc=
7,154,861T6JdKF1j6ISdcxQfmmVeihCg=,8MEVrO4y9r7Rd0SdJHrapnMlKWc=
6,154,861T6JdKF1j6ISdcxQfmmVeihCg=,8MEVrO4y9r7Rd0SdJHrapnMlKWc=
5,154,861T6JdKF1j6ISdcxQfmmVeihCg=,8MEVrO4y9r7Rd0SdJHrapnMlKWc=
4,154,861T6JdKF1j6ISdcxQfmmVeihCg=,8MEVrO4y9r7Rd0SdJHrapnMlKWc=
3,154,861T6JdKF1j6ISdcxQfmmVeihCg=,8MEVrO4y9r7Rd0SdJHrapnMlKWc=
2,154,861T6JdKF1j6ISdcxQfmmVeihCg=,8MEVrO4y9r7Rd0SdJHrapnMlKWc=
1,154,861T6JdKF1j6ISdcxQfmmVeihCg=,8MEVrO4y9r7Rd0SdJHrapnMlKWc=
0,154,861T6JdKF1j6ISdcxQfmmVeihCg=,8MEVrO4y9r7Rd0SdJHrapnMlKWc=
13,145,861T6JdKF1j6ISdcxQfmmVeihCg=,8MEVrO4y9r7Rd0SdJHrapnMlKWc=
13,146,861T6JdKF1j6ISdcxQfmmVeihCg=,8MEVrO4y9r7Rd0SdJHrapnMlKWc=
11,148,861T6JdKF1j6ISdcxQfmmVeihCg=,8MEVrO4y9r7Rd0SdJHrapnMlKWc=
12,145,861T6JdKF1j6ISdcxQfmmVeihCg=,8MEVrO4y9r7Rd0SdJHrapnMlKWc=
12,148,861T6JdKF1j6ISdcxQfmmVeihCg=,8MEVrO4y9r7Rd0SdJHrapnMlKWc=
12,144,861T6JdKF1j6ISdcxQfmmVeihCg=,8MEVrO4y9r7Rd0SdJHrapnMlKWc=
14,153,861T6JdKF1j6ISdcxQfmmVeihCg=,8MEVrO4y9r7Rd0SdJHrapnMlKWc=
13,148,861T6JdKF1j6ISdcxQfmmVeihCg=,8MEVrO4y9r7Rd0SdJHrapnMlKWc=
15,153,861T6JdKF1j6ISdcxQfmmVeihCg=,8MEVrO4y9r7Rd0SdJHrapnMlKWc=
12,153,861T6JdKF1j6ISdcxQfmmVeihCg=,8MEVrO4y9r7Rd0SdJHrapnMlKWc=
13,153,861T6JdKF1j6ISdcxQfmmVeihCg=,8MEVrO4y9r7Rd0SdJHrapnMlKWc=
11,153,861T6JdKF1j6ISdcxQfmmVeihCg=,8MEVrO4y9r7Rd0SdJHrapnMlKWc=
9,153,861T6JdKF1j6ISdcxQfmmVeihCg=,8MEVrO4y9r7Rd0SdJHrapnMlKWc=
8,153,861T6JdKF1j6ISdcxQfmmVeihCg=,8MEVrO4y9r7Rd0SdJHrapnMlKWc=
7,153,861T6JdKF1j6ISdcxQfmmVeihCg=,8MEVrO4y9r7Rd0SdJHrapnMlKWc=
6,153,861T6JdKF1j6ISdcxQfmmVeihCg=,8MEVrO4y9r7Rd0SdJHrapnMlKWc=
5,153,861T6JdKF1j6ISdcxQfmmVeihCg=,8MEVrO4y9r7Rd0SdJHrapnMlKWc=
4,153,861T6JdKF1j6ISdcxQfmmVeihCg=,8MEVrO4y9r7Rd0SdJHrapnMlKWc=
3,153,861T6JdKF1j6ISdcxQfmmVeihCg=,8MEVrO4y9r7Rd0SdJHrapnMlKWc=
2,153,861T6JdKF1j6ISdcxQfmmVeihCg=,8MEVrO4y9r7Rd0SdJHrapnMlKWc=
1,153,861T6JdKF1j6ISdcxQfmmVeihCg=,8MEVrO4y9r7Rd0SdJHrapnMlKWc=
0,153,861T6JdKF1j6ISdcxQfmmVeihCg=,8MEVrO4y9r7Rd0SdJHrapnMlKWc=
10,153,861T6JdKF1j6ISdcxQfmmVeihCg=,8MEVrO4y9r7Rd0SdJHrapnMlKWc=
12,146,861T6JdKF1j6ISdcxQfmmVeihCg=,8MEVrO4y9r7Rd0SdJHrapnMlKWc=
14,148,861T6JdKF1j6ISdcxQfmmVeihCg=,8MEVrO4y9r7Rd0SdJHrapnMlKWc=
11,144,861T6JdKF1j6ISdcxQfmmVeihCg=,8MEVrO4y9r7Rd0SdJHrapnMlKWc=
11,145,861T6JdKF1j6ISdcxQfmmVeihCg=,8MEVrO4y9r7Rd0SdJHrapnMlKWc=
15,148,861T6JdKF1j6ISdcxQfmmVeihCg=,8MEVrO4y9r7Rd0SdJHrapnMlKWc=
7,145,861T6JdKF1j6ISdcxQfmmVeihCg=,8MEVrO4y9r7Rd0SdJHrapnMlKWc=
15,152,861T6JdKF1j6ISdcxQfmmVeihCg=,8MEVrO4y9r7Rd0SdJHrapnMlKWc=
14,152,861T6JdKF1j6ISdcxQfmmVeihCg=,8MEVrO4y9r7Rd0SdJHrapnMlKWc=
7,144,861T6JdKF1j6ISdcxQfmmVeihCg=,8MEVrO4y9r7Rd0SdJHrapnMlKWc=
0,149,861T6JdKF1j6ISdcxQfmmVeihCg=,8MEVrO4y9r7Rd0SdJHrapnMlKWc=
13,152,861T6JdKF1j6ISdcxQfmmVeihCg=,8MEVrO4y9r7Rd0SdJHrapnMlKWc=
8,146,861T6JdKF1j6ISdcxQfmmVeihCg=,8MEVrO4y9r7Rd0SdJHrapnMlKWc=
1,149,861T6JdKF1j6ISdcxQfmmVeihCg=,8MEVrO4y9r7Rd0SdJHrapnMlKWc=
2,149,861T6JdKF1j6ISdcxQfmmVeihCg=,8MEVrO4y9r7Rd0SdJHrapnMlKWc=
3,149,861T6JdKF1j6ISdcxQfmmVeihCg=,8MEVrO4y9r7Rd0SdJHrapnMlKWc=
4,149,861T6JdKF1j6ISdcxQfmmVeihCg=,8MEVrO4y9r7Rd0SdJHrapnMlKWc=
5,149,861T6JdKF1j6ISdcxQfmmVeihCg=,8MEVrO4y9r7Rd0SdJHrapnMlKWc=
6,149,861T6JdKF1j6ISdcxQfmmVeihCg=,8MEVrO4y9r7Rd0SdJHrapnMlKWc=
7,149,861T6JdKF1j6ISdcxQfmmVeihCg=,8MEVrO4y9r7Rd0SdJHrapnMlKWc=
12,152,861T6JdKF1j6ISdcxQfmmVeihCg=,8MEVrO4y9r7Rd0SdJHrapnMlKWc=
10,152,861T6JdKF1j6ISdcxQfmmVeihCg=,8MEVrO4y9r7Rd0SdJHrapnMlKWc=
8,149,861T6JdKF1j6ISdcxQfmmVeihCg=,8MEVrO4y9r7Rd0SdJHrapnMlKWc=
11,152,861T6JdKF1j6ISdcxQfmmVeihCg=,8MEVrO4y9r7Rd0SdJHrapnMlKWc=
9,152,861T6JdKF1j6ISdcxQfmmVeihCg=,8MEVrO4y9r7Rd0SdJHrapnMlKWc=
6,152,861T6JdKF1j6ISdcxQfmmVeihCg=,8MEVrO4y9r7Rd0SdJHrapnMlKWc=
7,152,861T6JdKF1j6ISdcxQfmmVeihCg=,8MEVrO4y9r7Rd0SdJHrapnMlKWc=
5,152,861T6JdKF1j6ISdcxQfmmVeihCg=,8MEVrO4y9r7Rd0SdJHrapnMlKWc=
4,152,861T6JdKF1j6ISdcxQfmmVeihCg=,8MEVrO4y9r7Rd0SdJHrapnMlKWc=
3,152,861T6JdKF1j6ISdcxQfmmVeihCg=,8MEVrO4y9r7Rd0SdJHrapnMlKWc=
2,152,861T6JdKF1j6ISdcxQfmmVeihCg=,8MEVrO4y9r7Rd0SdJHrapnMlKWc=
1,152,861T6JdKF1j6ISdcxQfmmVeihCg=,8MEVrO4y9r7Rd0SdJHrapnMlKWc=
9,149,861T6JdKF1j6ISdcxQfmmVeihCg=,8MEVrO4y9r7Rd0SdJHrapnMlKWc=
8,152,861T6JdKF1j6ISdcxQfmmVeihCg=,8MEVrO4y9r7Rd0SdJHrapnMlKWc=
10,144,861T6JdKF1j6ISdcxQfmmVeihCg=,8MEVrO4y9r7Rd0SdJHrapnMlKWc=
0,152,861T6JdKF1j6ISdcxQfmmVeihCg=,8MEVrO4y9r7Rd0SdJHrapnMlKWc=
10,149,861T6JdKF1j6ISdcxQfmmVeihCg=,8MEVrO4y9r7Rd0SdJHrapnMlKWc=
11,146,861T6JdKF1j6ISdcxQfmmVeihCg=,8MEVrO4y9r7Rd0SdJHrapnMlKWc=
10,145,861T6JdKF1j6ISdcxQfmmVeihCg=,8MEVrO4y9r7Rd0SdJHrapnMlKWc=
15,151,861T6JdKF1j6ISdcxQfmmVeihCg=,8MEVrO4y9r7Rd0SdJHrapnMlKWc=
14,151,861T6JdKF1j6ISdcxQfmmVeihCg=,8MEVrO4y9r7Rd0SdJHrapnMlKWc=
11,149,861T6JdKF1j6ISdcxQfmmVeihCg=,8MEVrO4y9r7Rd0SdJHrapnMlKWc=
13,151,861T6JdKF1j6ISdcxQfmmVeihCg=,8MEVrO4y9r7Rd0SdJHrapnMlKWc=
12,149,861T6JdKF1j6ISdcxQfmmVeihCg=,8MEVrO4y9r7Rd0SdJHrapnMlKWc=
12,151,861T6JdKF1j6ISdcxQfmmVeihCg=,8MEVrO4y9r7Rd0SdJHrapnMlKWc=
13,149,861T6JdKF1j6ISdcxQfmmVeihCg=,8MEVrO4y9r7Rd0SdJHrapnMlKWc=
10,151,861T6JdKF1j6ISdcxQfmmVeihCg=,8MEVrO4y9r7Rd0SdJHrapnMlKWc=
14,149,861T6JdKF1j6ISdcxQfmmVeihCg=,8MEVrO4y9r7Rd0SdJHrapnMlKWc=
15,149,861T6JdKF1j6ISdcxQfmmVeihCg=,8MEVrO4y9r7Rd0SdJHrapnMlKWc=
11,151,861T6JdKF1j6ISdcxQfmmVeihCg=,8MEVrO4y9r7Rd0SdJHrapnMlKWc=
8,151,861T6JdKF1j6ISdcxQfmmVeihCg=,8MEVrO4y9r7Rd0SdJHrapnMlKWc=
7,151,861T6JdKF1j6ISdcxQfmmVeihCg=,8MEVrO4y9r7Rd0SdJHrapnMlKWc=
6,151,861T6JdKF1j6ISdcxQfmmVeihCg=,8MEVrO4y9r7Rd0SdJHrapnMlKWc=
5,151,861T6JdKF1j6ISdcxQfmmVeihCg=,8MEVrO4y9r7Rd0SdJHrapnMlKWc=
4,151,861T6JdKF1j6ISdcxQfmmVeihCg=,8MEVrO4y9r7Rd0SdJHrapnMlKWc=
3,151,861T6JdKF1j6ISdcxQfmmVeihCg=,8MEVrO4y9r7Rd0SdJHrapnMlKWc=
2,151,861T6JdKF1j6ISdcxQfmmVeihCg=,8MEVrO4y9r7Rd0SdJHrapnMlKWc=
1,151,861T6JdKF1j6ISdcxQfmmVeihCg=,8MEVrO4y9r7Rd0SdJHrapnMlKWc=
10,146,861T6JdKF1j6ISdcxQfmmVeihCg=,8MEVrO4y9r7Rd0SdJHrapnMlKWc=
8,145,861T6JdKF1j6ISdcxQfmmVeihCg=,8MEVrO4y9r7Rd0SdJHrapnMlKWc=
0,150,861T6JdKF1j6ISdcxQfmmVeihCg=,8MEVrO4y9r7Rd0SdJHrapnMlKWc=
9,151,861T6JdKF1j6ISdcxQfmmVeihCg=,8MEVrO4y9r7Rd0SdJHrapnMlKWc=
0,151,861T6JdKF1j6ISdcxQfmmVeihCg=,8MEVrO4y9r7Rd0SdJHrapnMlKWc=
9,145,861T6JdKF1j6ISdcxQfmmVeihCg=,8MEVrO4y9r7Rd0SdJHrapnMlKWc=
9,144,861T6JdKF1j6ISdcxQfmmVeihCg=,8MEVrO4y9r7Rd0SdJHrapnMlKWc=
15,150,861T6JdKF1j6ISdcxQfmmVeihCg=,8MEVrO4y9r7Rd0SdJHrapnMlKWc=
8,144,861T6JdKF1j6ISdcxQfmmVeihCg=,8MEVrO4y9r7Rd0SdJHrapnMlKWc=
9,146,861T6JdKF1j6ISdcxQfmmVeihCg=,8MEVrO4y9r7Rd0SdJHrapnMlKWc=
1,150,861T6JdKF1j6ISdcxQfmmVeihCg=,8MEVrO4y9r7Rd0SdJHrapnMlKWc=
14,150,861T6JdKF1j6ISdcxQfmmVeihCg=,8MEVrO4y9r7Rd0SdJHrapnMlKWc=
2,150,861T6JdKF1j6ISdcxQfmmVeihCg=,8MEVrO4y9r7Rd0SdJHrapnMlKWc=
3,150,861T6JdKF1j6ISdcxQfmmVeihCg=,8MEVrO4y9r7Rd0SdJHrapnMlKWc=
4,150,861T6JdKF1j6ISdcxQfmmVeihCg=,8MEVrO4y9r7Rd0SdJHrapnMlKWc=
5,150,861T6JdKF1j6ISdcxQfmmVeihCg=,8MEVrO4y9r7Rd0SdJHrapnMlKWc=
6,150,861T6JdKF1j6ISdcxQfmmVeihCg=,8MEVrO4y9r7Rd0SdJHrapnMlKWc=
7,150,861T6JdKF1j6ISdcxQfmmVeihCg=,8MEVrO4y9r7Rd0SdJHrapnMlKWc=
8,150,861T6JdKF1j6ISdcxQfmmVeihCg=,8MEVrO4y9r7Rd0SdJHrapnMlKWc=
13,150,861T6JdKF1j6ISdcxQfmmVeihCg=,8MEVrO4y9r7Rd0SdJHrapnMlKWc=
9,150,861T6JdKF1j6ISdcxQfmmVeihCg=,8MEVrO4y9r7Rd0SdJHrapnMlKWc=
10,150,861T6JdKF1j6ISdcxQfmmVeihCg=,8MEVrO4y9r7Rd0SdJHrapnMlKWc=
12,150,861T6JdKF1j6ISdcxQfmmVeihCg=,8MEVrO4y9r7Rd0SdJHrapnMlKWc=
11,150,861T6JdKF1j6ISdcxQfmmVeihCg=,8MEVrO4y9r7Rd0SdJHrapnMlKWc=
22,147,bURXdRoh0Ts/6AXohIffGvINSLg=,1OHKR/aLaRP8w9G7z57LANOYXVk=
24,147,bURXdRoh0Ts/6AXohIffGvINSLg=,1OHKR/aLaRP8w9G7z57LANOYXVk=
25,147,bURXdRoh0Ts/6AXohIffGvINSLg=,1OHKR/aLaRP8w9G7z57LANOYXVk=
21,145,bURXdRoh0Ts/6AXohIffGvINSLg=,1OHKR/aLaRP8w9G7z57LANOYXVk=
19,147,bURXdRoh0Ts/6AXohIffGvINSLg=,1OHKR/aLaRP8w9G7z57LANOYXVk=
21,144,bURXdRoh0Ts/6AXohIffGvINSLg=,1OHKR/aLaRP8w9G7z57LANOYXVk=
20,145,bURXdRoh0Ts/6AXohIffGvINSLg=,1OHKR/aLaRP8w9G7z57LANOYXVk=
22,146,bURXdRoh0Ts/6AXohIffGvINSLg=,1OHKR/aLaRP8w9G7z57LANOYXVk=
23,147,bURXdRoh0Ts/6AXohIffGvINSLg=,1OHKR/aLaRP8w9G7z57LANOYXVk=
26,147,bURXdRoh0Ts/6AXohIffGvINSLg=,1OHKR/aLaRP8w9G7z57LANOYXVk=
17,144,bURXdRoh0Ts/6AXohIffGvINSLg=,1OHKR/aLaRP8w9G7z57LANOYXVk=
20,147,bURXdRoh0Ts/6AXohIffGvINSLg=,1OHKR/aLaRP8w9G7z57LANOYXVk=
18,147,bURXdRoh0Ts/6AXohIffGvINSLg=,1OHKR/aLaRP8w9G7z57LANOYXVk=
21,147,Oagk+01+ioaCXqdF4MxqAND57Ro=,1OHKR/aLaRP8w9G7z57LANOYXVk=
21,146,Oagk+01+ioaCXqdF4MxqAND57Ro=,1OHKR/aLaRP8w9G7z57LANOYXVk=
19,144,Oagk+01+ioaCXqdF4MxqAND57Ro=,1OHKR/aLaRP8w9G7z57LANOYXVk=
27,147,Oagk+01+ioaCXqdF4MxqAND57Ro=,1OHKR/aLaRP8w9G7z57LANOYXVk=
20,146,Oagk+01+ioaCXqdF4MxqAND57Ro=,1OHKR/aLaRP8w9G7z57LANOYXVk=
31,159,Oagk+01+ioaCXqdF4MxqAND57Ro=,1OHKR/aLaRP8w9G7z57LANOYXVk=
28,147,Oagk+01+ioaCXqdF4MxqAND57Ro=,1OHKR/aLaRP8w9G7z57LANOYXVk=
29,159,Oagk+01+ioaCXqdF4MxqAND57Ro=,1OHKR/aLaRP8w9G7z57LANOYXVk=
30,159,Oagk+01+ioaCXqdF4MxqAND57Ro=,1OHKR/aLaRP8w9G7z57LANOYXVk=
29,147,Oagk+01+ioaCXqdF4MxqAND57Ro=,1OHKR/aLaRP8w9G7z57LANOYXVk=
25,159,Oagk+01+ioaCXqdF4MxqAND57Ro=,1OHKR/aLaRP8w9G7z57LANOYXVk=
27,159,Oagk+01+ioaCXqdF4MxqAND57Ro=,1OHKR/aLaRP8w9G7z57LANOYXVk=
28,159,Oagk+01+ioaCXqdF4MxqAND57Ro=,1OHKR/aLaRP8w9G7z57LANOYXVk=
26,159,Oagk+01+ioaCXqdF4MxqAND57Ro=,1OHKR/aLaRP8w9G7z57LANOYXVk=
23,159,Oagk+01+ioaCXqdF4MxqAND57Ro=,1OHKR/aLaRP8w9G7z57LANOYXVk=
24,159,Oagk+01+ioaCXqdF4MxqAND57Ro=,1OHKR/aLaRP8w9G7z57LANOYXVk=
19,159,Oagk+01+ioaCXqdF4MxqAND57Ro=,1OHKR/aLaRP8w9G7z57LANOYXVk=
18,159,Oagk+01+ioaCXqdF4MxqAND57Ro=,1OHKR/aLaRP8w9G7z57LANOYXVk=
17,159,Oagk+01+ioaCXqdF4MxqAND57Ro=,1OHKR/aLaRP8w9G7z57LANOYXVk=
16,159,Oagk+01+ioaCXqdF4MxqAND57Ro=,1OHKR/aLaRP8w9G7z57LANOYXVk=
20,159,Oagk+01+ioaCXqdF4MxqAND57Ro=,1OHKR/aLaRP8w9G7z57LANOYXVk=
22,159,Oagk+01+ioaCXqdF4MxqAND57Ro=,1OHKR/aLaRP8w9G7z57LANOYXVk=
21,159,Oagk+01+ioaCXqdF4MxqAND57Ro=,1OHKR/aLaRP8w9G7z57LANOYXVk=
16,144,Oagk+01+ioaCXqdF4MxqAND57Ro=,1OHKR/aLaRP8w9G7z57LANOYXVk=
19,146,Oagk+01+ioaCXqdF4MxqAND57Ro=,1OHKR/aLaRP8w9G7z57LANOYXVk=
17,147,Oagk+01+ioaCXqdF4MxqAND57Ro=,1OHKR/aLaRP8w9G7z57LANOYXVk=
30,147,Oagk+01+ioaCXqdF4MxqAND57Ro=,1OHKR/aLaRP8w9G7z57LANOYXVk=
20,144,Oagk+01+ioaCXqdF4MxqAND57Ro=,1OHKR/aLaRP8w9G7z57LANOYXVk=
31,158,Oagk+01+ioaCXqdF4MxqAND57Ro=,1OHKR/aLaRP8w9G7z57LANOYXVk=
22,145,Oagk+01+ioaCXqdF4MxqAND57Ro=,1OHKR/aLaRP8w9G7z57LANOYXVk=
31,147,Oagk+01+ioaCXqdF4MxqAND57Ro=,1OHKR/aLaRP8w9G7z57LANOYXVk=
30,158,Oagk+01+ioaCXqdF4MxqAND57Ro=,1OHKR/aLaRP8w9G7z57LANOYXVk=
29,158,Oagk+01+ioaCXqdF4MxqAND57Ro=,1OHKR/aLaRP8w9G7z57LANOYXVk=
22,144,Oagk+01+ioaCXqdF4MxqAND57Ro=,1OHKR/aLaRP8w9G7z57LANOYXVk=
16,148,Oagk+01+ioaCXqdF4MxqAND57Ro=,1OHKR/aLaRP8w9G7z57LANOYXVk=
25,158,Oagk+01+ioaCXqdF4MxqAND57Ro=,1OHKR/aLaRP8w9G7z57LANOYXVk=
26,158,Oagk+01+ioaCXqdF4MxqAND57Ro=,1OHKR/aLaRP8w9G7z57LANOYXVk=
28,158,Oagk+01+ioaCXqdF4MxqAND57Ro=,1OHKR/aLaRP8w9G7z57LANOYXVk=
24,158,Oagk+01+ioaCXqdF4MxqAND57Ro=,1OHKR/aLaRP8w9G7z57LANOYXVk=
23,158,Oagk+01+ioaCXqdF4MxqAND57Ro=,1OHKR/aLaRP8w9G7z57LANOYXVk=
23,146,Oagk+01+ioaCXqdF4MxqAND57Ro=,1OHKR/aLaRP8w9G7z57LANOYXVk=
27,158,Oagk+01+ioaCXqdF4MxqAND57Ro=,1OHKR/aLaRP8w9G7z57LANOYXVk=
20,158,Oagk+01+ioaCXqdF4MxqAND57Ro=,1OHKR/aLaRP8w9G7z57LANOYXVk=
22,158,Oagk+01+ioaCXqdF4MxqAND57Ro=,1OHKR/aLaRP8w9G7z57LANOYXVk=
21,158,Oagk+01+ioaCXqdF4MxqAND57Ro=,1OHKR/aLaRP8w9G7z57LANOYXVk=
19,158,Oagk+01+ioaCXqdF4MxqAND57Ro=,1OHKR/aLaRP8w9G7z57LANOYXVk=
17,158,Oagk+01+ioaCXqdF4MxqAND57Ro=,1OHKR/aLaRP8w9G7z57LANOYXVk=
17,148,Oagk+01+ioaCXqdF4MxqAND57Ro=,1OHKR/aLaRP8w9G7z57LANOYXVk=
18,158,Oagk+01+ioaCXqdF4MxqAND57Ro=,1OHKR/aLaRP8w9G7z57LANOYXVk=
16,158,Oagk+01+ioaCXqdF4MxqAND57Ro=,1OHKR/aLaRP8w9G7z57LANOYXVk=
18,148,Oagk+01+ioaCXqdF4MxqAND57Ro=,1OHKR/aLaRP8w9G7z57LANOYXVk=
19,145,Oagk+01+ioaCXqdF4MxqAND57Ro=,1OHKR/aLaRP8w9G7z57LANOYXVk=
19,148,Oagk+01+ioaCXqdF4MxqAND57Ro=,1OHKR/aLaRP8w9G7z57LANOYXVk=
18,146,Oagk+01+ioaCXqdF4MxqAND57Ro=,1OHKR/aLaRP8w9G7z57LANOYXVk=
20,148,Oagk+01+ioaCXqdF4MxqAND57Ro=,1OHKR/aLaRP8w9G7z57LANOYXVk=
31,157,Oagk+01+ioaCXqdF4MxqAND57Ro=,1OHKR/aLaRP8w9G7z57LANOYXVk=
21,148,Oagk+01+ioaCXqdF4MxqAND57Ro=,1OHKR/aLaRP8w9G7z57LANOYXVk=
22,148,Oagk+01+ioaCXqdF4MxqAND57Ro=,1OHKR/aLaRP8w9G7z57LANOYXVk=
30,157,Oagk+01+ioaCXqdF4MxqAND57Ro=,1OHKR/aLaRP8w9G7z57LANOYXVk=
29,157,qfxqDZ677crPbM6kr49xyRUhBIk=,1OHKR/aLaRP8w9G7z57LANOYXVk=
23,148,qfxqDZ677crPbM6kr49xyRUhBIk=,1OHKR/aLaRP8w9G7z57LANOYXVk=
26,157,qfxqDZ677crPbM6kr49xyRUhBIk=,1OHKR/aLaRP8w9G7z57LANOYXVk=
28,157,qfxqDZ677crPbM6kr49xyRUhBIk=,1OHKR/aLaRP8w9G7z57LANOYXVk=
24,148,qfxqDZ677crPbM6kr49xyRUhBIk=,1OHKR/aLaRP8w9G7z57LANOYXVk=
27,157,qfxqDZ677crPbM6kr49xyRUhBIk=,1OHKR/aLaRP8w9G7z57LANOYXVk=
25,148,qfxqDZ677crPbM6kr49xyRUhBIk=,1OHKR/aLaRP8w9G7z57LANOYXVk=
25,157,qfxqDZ677crPbM6kr49xyRUhBIk=,1OHKR/aLaRP8w9G7z57LANOYXVk=
26,148,qfxqDZ677crPbM6kr49xyRUhBIk=,1OHKR/aLaRP8w9G7z57LANOYXVk=
24,157,qfxqDZ677crPbM6kr49xyRUhBIk=,1OHKR/aLaRP8w9G7z57LANOYXVk=
21,157,qfxqDZ677crPbM6kr49xyRUhBIk=,1OHKR/aLaRP8w9G7z57LANOYXVk=
23,157,qfxqDZ677crPbM6kr49xyRUhBIk=,1OHKR/aLaRP8w9G7z57LANOYXVk=
22,157,qfxqDZ677crPbM6kr49xyRUhBIk=,1OHKR/aLaRP8w9G7z57LANOYXVk=
20,157,qfxqDZ677crPbM6kr49xyRUhBIk=,1OHKR/aLaRP8w9G7z57LANOYXVk=
19,157,qfxqDZ677crPbM6kr49xyRUhBIk=,1OHKR/aLaRP8w9G7z57LANOYXVk=
18,157,qfxqDZ677crPbM6kr49xyRUhBIk=,1OHKR/aLaRP8w9G7z57LANOYXVk=
27,148,qfxqDZ677crPbM6kr49xyRUhBIk=,1OHKR/aLaRP8w9G7z57LANOYXVk=
17,157,qfxqDZ677crPbM6kr49xyRUhBIk=,1OHKR/aLaRP8w9G7z57LANOYXVk=
18,145,qfxqDZ677crPbM6kr49xyRUhBIk=,1OHKR/aLaRP8w9G7z57LANOYXVk=
28,148,qfxqDZ677crPbM6kr49xyRUhBIk=,1OHKR/aLaRP8w9G7z57LANOYXVk=
16,157,qfxqDZ677crPbM6kr49xyRUhBIk=,1OHKR/aLaRP8w9G7z57LANOYXVk=
17,146,qfxqDZ677crPbM6kr49xyRUhBIk=,1OHKR/aLaRP8w9G7z57LANOYXVk=
31,156,qfxqDZ677crPbM6kr49xyRUhBIk=,1OHKR/aLaRP8w9G7z57LANOYXVk=
29,148,qfxqDZ677crPbM6kr49xyRUhBIk=,1OHKR/aLaRP8w9G7z57LANOYXVk=
30,156,qfxqDZ677crPbM6kr49xyRUhBIk=,1OHKR/aLaRP8w9G7z57LANOYXVk=
29,156,qfxqDZ677crPbM6kr49xyRUhBIk=,1OHKR/aLaRP8w9G7z57LANOYXVk=
28,156,qfxqDZ677crPbM6kr49xyRUhBIk=,1OHKR/aLaRP8w9G7z57LANOYXVk=
30,148,qfxqDZ677crPbM6kr49xyRUhBIk=,1OHKR/aLaRP8w9G7z57LANOYXVk=
27,156,qfxqDZ677crPbM6kr49xyRUhBIk=,1OHKR/aLaRP8w9G7z57LANOYXVk=
23,145,qfxqDZ677crPbM6kr49xyRUhBIk=,1OHKR/aLaRP8w9G7z57LANOYXVk=
26,156,xFBTw30ly4TfFuBauk0As+wSxSg=,1OHKR/aLaRP8w9G7z57LANOYXVk=
24,156,xFBTw30ly4TfFuBauk0As+wSxSg=,1OHKR/aLaRP8w9G7z57LANOYXVk=
31,148,xFBTw30ly4TfFuBauk0As+wSxSg=,1OHKR/aLaRP8w9G7z57LANOYXVk=
25,156,xFBTw30ly4TfFuBauk0As+wSxSg=,1OHKR/aLaRP8w9G7z57LANOYXVk=
23,156,xFBTw30ly4TfFuBauk0As+wSxSg=,1OHKR/aLaRP8w9G7z57LANOYXVk=
21,156,xFBTw30ly4TfFuBauk0As+wSxSg=,1OHKR/aLaRP8w9G7z57LANOYXVk=
22,156,xFBTw30ly4TfFuBauk0As+wSxSg=,1OHKR/aLaRP8w9G7z57LANOYXVk=
20,156,xFBTw30ly4TfFuBauk0As+wSxSg=,1OHKR/aLaRP8w9G7z57LANOYXVk=
19,156,xFBTw30ly4TfFuBauk0As+wSxSg=,1OHKR/aLaRP8w9G7z57LANOYXVk=
18,156,xFBTw30ly4TfFuBauk0As+wSxSg=,1OHKR/aLaRP8w9G7z57LANOYXVk=
23,144,xFBTw30ly4TfFuBauk0As+wSxSg=,1OHKR/aLaRP8w9G7z57LANOYXVk=
16,149,xFBTw30ly4TfFuBauk0As+wSxSg=,1OHKR/aLaRP8w9G7z57LANOYXVk=
17,156,xFBTw30ly4TfFuBauk0As+wSxSg=,1OHKR/aLaRP8w9G7z57LANOYXVk=
16,156,xFBTw30ly4TfFuBauk0As+wSxSg=,1OHKR/aLaRP8w9G7z57LANOYXVk=
17,145,xFBTw30ly4TfFuBauk0As+wSxSg=,1OHKR/aLaRP8w9G7z57LANOYXVk=
16,145,xFBTw30ly4TfFuBauk0As+wSxSg=,1OHKR/aLaRP8w9G7z57LANOYXVk=
24,146,xFBTw30ly4TfFuBauk0As+wSxSg=,1OHKR/aLaRP8w9G7z57LANOYXVk=
16,147,xFBTw30ly4TfFuBauk0As+wSxSg=,1OHKR/aLaRP8w9G7z57LANOYXVk=
17,149,xFBTw30ly4TfFuBauk0As+wSxSg=,1OHKR/aLaRP8w9G7z57LANOYXVk=
16,146,xFBTw30ly4TfFuBauk0As+wSxSg=,1OHKR/aLaRP8w9G7z57LANOYXVk=
31,144,xFBTw30ly4TfFuBauk0As+wSxSg=,1OHKR/aLaRP8w9G7z57LANOYXVk=
18,144,xFBTw30ly4TfFuBauk0As+wSxSg=,1OHKR/aLaRP8w9G7z57LANOYXVk=
18,149,xFBTw30ly4TfFuBauk0As+wSxSg=,1OHKR/aLaRP8w9G7z57LANOYXVk=
31,146,xFBTw30ly4TfFuBauk0As+wSxSg=,1OHKR/aLaRP8w9G7z57LANOYXVk=
31,145,xFBTw30ly4TfFuBauk0As+wSxSg=,1OHKR/aLaRP8w9G7z57LANOYXVk=
19,149,xFBTw30ly4TfFuBauk0As+wSxSg=,1OHKR/aLaRP8w9G7z57LANOYXVk=
30,144,xFBTw30ly4TfFuBauk0As+wSxSg=,1OHKR/aLaRP8w9G7z57LANOYXVk=
31,155,xFBTw30ly4TfFuBauk0As+wSxSg=,1OHKR/aLaRP8w9G7z57LANOYXVk=
20,149,xFBTw30ly4TfFuBauk0As+wSxSg=,1OHKR/aLaRP8w9G7z57LANOYXVk=
30,155,xFBTw30ly4TfFuBauk0As+wSxSg=,1OHKR/aLaRP8w9G7z57LANOYXVk=
30,145,xFBTw30ly4TfFuBauk0As+wSxSg=,1OHKR/aLaRP8w9G7z57LANOYXVk=
21,149,xFBTw30ly4TfFuBauk0As+wSxSg=,1OHKR/aLaRP8w9G7z57LANOYXVk=
22,149,xFBTw30ly4TfFuBauk0As+wSxSg=,1OHKR/aLaRP8w9G7z57LANOYXVk=
29,155,xFBTw30ly4TfFuBauk0As+wSxSg=,1OHKR/aLaRP8w9G7z57LANOYXVk=
27,155,xFBTw30ly4TfFuBauk0As+wSxSg=,1OHKR/aLaRP8w9G7z57LANOYXVk=
28,155,xFBTw30ly4TfFuBauk0As+wSxSg=,1OHKR/aLaRP8w9G7z57LANOYXVk=
26,155,xFBTw30ly4TfFuBauk0As+wSxSg=,1OHKR/aLaRP8w9G7z57LANOYXVk=
23,149,ylLiGedJiXVeNFHdsOM5GQ8+CzU=,1OHKR/aLaRP8w9G7z57LANOYXVk=
25,155,ylLiGedJiXVeNFHdsOM5GQ8+CzU=,1OHKR/aLaRP8w9G7z57LANOYXVk=
24,155,ylLiGedJiXVeNFHdsOM5GQ8+CzU=,1OHKR/aLaRP8w9G7z57LANOYXVk=
23,155,ylLiGedJiXVeNFHdsOM5GQ8+CzU=,1OHKR/aLaRP8w9G7z57LANOYXVk=
21,155,ylLiGedJiXVeNFHdsOM5GQ8+CzU=,1OHKR/aLaRP8w9G7z57LANOYXVk=
22,155,ylLiGedJiXVeNFHdsOM5GQ8+CzU=,1OHKR/aLaRP8w9G7z57LANOYXVk=
20,155,ylLiGedJiXVeNFHdsOM5GQ8+CzU=,1OHKR/aLaRP8w9G7z57LANOYXVk=
24,149,ylLiGedJiXVeNFHdsOM5GQ8+CzU=,1OHKR/aLaRP8w9G7z57LANOYXVk=
18,155,ylLiGedJiXVeNFHdsOM5GQ8+CzU=,1OHKR/aLaRP8w9G7z57LANOYXVk=
19,155,ylLiGedJiXVeNFHdsOM5GQ8+CzU=,1OHKR/aLaRP8w9G7z57LANOYXVk=
25,149,ylLiGedJiXVeNFHdsOM5GQ8+CzU=,1OHKR/aLaRP8w9G7z57LANOYXVk=
17,155,ylLiGedJiXVeNFHdsOM5GQ8+CzU=,1OHKR/aLaRP8w9G7z57LANOYXVk=
16,155,ylLiGedJiXVeNFHdsOM5GQ8+CzU=,1OHKR/aLaRP8w9G7z57LANOYXVk=
30,146,ylLiGedJiXVeNFHdsOM5GQ8+CzU=,1OHKR/aLaRP8w9G7z57LANOYXVk=
29,144,ylLiGedJiXVeNFHdsOM5GQ8+CzU=,1OHKR/aLaRP8w9G7z57LANOYXVk=
31,154,ylLiGedJiXVeNFHdsOM5GQ8+CzU=,1OHKR/aLaRP8w9G7z57LANOYXVk=
26,149,ylLiGedJiXVeNFHdsOM5GQ8+CzU=,1OHKR/aLaRP8w9G7z57LANOYXVk=
30,154,ylLiGedJiXVeNFHdsOM5GQ8+CzU=,1OHKR/aLaRP8w9G7z57LANOYXVk=
29,154,ylLiGedJiXVeNFHdsOM5GQ8+CzU=,1OHKR/aLaRP8w9G7z57LANOYXVk=
29,145,ylLiGedJiXVeNFHdsOM5GQ8+CzU=,1OHKR/aLaRP8w9G7z57LANOYXVk=
28,154,ylLiGedJiXVeNFHdsOM5GQ8+CzU=,1OHKR/aLaRP8w9G7z57LANOYXVk=
27,149,ylLiGedJiXVeNFHdsOM5GQ8+CzU=,1OHKR/aLaRP8w9G7z57LANOYXVk=
25,154,ylLiGedJiXVeNFHdsOM5GQ8+CzU=,1OHKR/aLaRP8w9G7z57LANOYXVk=
27,154,ylLiGedJiXVeNFHdsOM5GQ8+CzU=,1OHKR/aLaRP8w9G7z57LANOYXVk=
26,154,ylLiGedJiXVeNFHdsOM5GQ8+CzU=,1OHKR/aLaRP8w9G7z57LANOYXVk=
23,154,ylLiGedJiXVeNFHdsOM5GQ8+CzU=,1OHKR/aLaRP8w9G7z57LANOYXVk=
24,154,ylLiGedJiXVeNFHdsOM5GQ8+CzU=,1OHKR/aLaRP8w9G7z57LANOYXVk=
28,149,ylLiGedJiXVeNFHdsOM5GQ8+CzU=,1OHKR/aLaRP8w9G7z57LANOYXVk=
21,154,ylLiGedJiXVeNFHdsOM5GQ8+CzU=,1OHKR/aLaRP8w9G7z57LANOYXVk=
22,154,ylLiGedJiXVeNFHdsOM5GQ8+CzU=,1OHKR/aLaRP8w9G7z57LANOYXVk=
20,154,ylLiGedJiXVeNFHdsOM5GQ8+CzU=,1OHKR/aLaRP8w9G7z57LANOYXVk=
19,154,ylLiGedJiXVeNFHdsOM5GQ8+CzU=,1OHKR/aLaRP8w9G7z57LANOYXVk=
29,149,ylLiGedJiXVeNFHdsOM5GQ8+CzU=,1OHKR/aLaRP8w9G7z57LANOYXVk=
18,154,ylLiGedJiXVeNFHdsOM5GQ8+CzU=,1OHKR/aLaRP8w9G7z57LANOYXVk=
17,154,ylLiGedJiXVeNFHdsOM5GQ8+CzU=,1OHKR/aLaRP8w9G7z57LANOYXVk=
30,149,ylLiGedJiXVeNFHdsOM5GQ8+CzU=,1OHKR/aLaRP8w9G7z57LANOYXVk=
16,154,ylLiGedJiXVeNFHdsOM5GQ8+CzU=,1OHKR/aLaRP8w9G7z57LANOYXVk=
29,146,ylLiGedJiXVeNFHdsOM5GQ8+CzU=,1OHKR/aLaRP8w9G7z57LANOYXVk=
24,145,YN/Ii5DCEJAaJfDx1crh7e8NtiA=,1OHKR/aLaRP8w9G7z57LANOYXVk=
31,149,YN/Ii5DCEJAaJfDx1crh7e8NtiA=,1OHKR/aLaRP8w9G7z57LANOYXVk=
28,144,YN/Ii5DCEJAaJfDx1crh7e8NtiA=,1OHKR/aLaRP8w9G7z57LANOYXVk=
31,153,YN/Ii5DCEJAaJfDx1crh7e8NtiA=,1OHKR/aLaRP8w9G7z57LANOYXVk=
30,153,YN/Ii5DCEJAaJfDx1crh7e8NtiA=,1OHKR/aLaRP8w9G7z57LANOYXVk=
29,153,YN/Ii5DCEJAaJfDx1crh7e8NtiA=,1OHKR/aLaRP8w9G7z57LANOYXVk=
28,153,YN/Ii5DCEJAaJfDx1crh7e8NtiA=,1OHKR/aLaRP8w9G7z57LANOYXVk=
28,145,YN/Ii5DCEJAaJfDx1crh7e8NtiA=,1OHKR/aLaRP8w9G7z57LANOYXVk=
24,144,YN/Ii5DCEJAaJfDx1crh7e8NtiA=,1OHKR/aLaRP8w9G7z57LANOYXVk=
25,153,YN/Ii5DCEJAaJfDx1crh7e8NtiA=,1OHKR/aLaRP8w9G7z57LANOYXVk=
25,146,YN/Ii5DCEJAaJfDx1crh7e8NtiA=,1OHKR/aLaRP8w9G7z57LANOYXVk=
26,153,YN/Ii5DCEJAaJfDx1crh7e8NtiA=,1OHKR/aLaRP8w9G7z57LANOYXVk=
27,153,YN/Ii5DCEJAaJfDx1crh7e8NtiA=,1OHKR/aLaRP8w9G7z57LANOYXVk=
24,153,YN/Ii5DCEJAaJfDx1crh7e8NtiA=,1OHKR/aLaRP8w9G7z57LANOYXVk=
23,153,YN/Ii5DCEJAaJfDx1crh7e8NtiA=,1OHKR/aLaRP8w9G7z57LANOYXVk=
22,153,YN/Ii5DCEJAaJfDx1crh7e8NtiA=,1OHKR/aLaRP8w9G7z57LANOYXVk=
21,153,YN/Ii5DCEJAaJfDx1crh7e8NtiA=,1OHKR/aLaRP8w9G7z57LANOYXVk=
16,150,YN/Ii5DCEJAaJfDx1crh7e8NtiA=,1OHKR/aLaRP8w9G7z57LANOYXVk=
17,150,YN/Ii5DCEJAaJfDx1crh7e8NtiA=,1OHKR/aLaRP8w9G7z57LANOYXVk=
20,153,YN/Ii5DCEJAaJfDx1crh7e8NtiA=,1OHKR/aLaRP8w9G7z57LANOYXVk=
19,153,YN/Ii5DCEJAaJfDx1crh7e8NtiA=,1OHKR/aLaRP8w9G7z57LANOYXVk=
18,153,YN/Ii5DCEJAaJfDx1crh7e8NtiA=,1OHKR/aLaRP8w9G7z57LANOYXVk=
17,153,YN/Ii5DCEJAaJfDx1crh7e8NtiA=,1OHKR/aLaRP8w9G7z57LANOYXVk=
18,150,YN/Ii5DCEJAaJfDx1crh7e8NtiA=,1OHKR/aLaRP8w9G7z57LANOYXVk=
28,146,YN/Ii5DCEJAaJfDx1crh7e8NtiA=,1OHKR/aLaRP8w9G7z57LANOYXVk=
19,150,YN/Ii5DCEJAaJfDx1crh7e8NtiA=,1OHKR/aLaRP8w9G7z57LANOYXVk=
27,145,YN/Ii5DCEJAaJfDx1crh7e8NtiA=,1OHKR/aLaRP8w9G7z57LANOYXVk=
16,153,YN/Ii5DCEJAaJfDx1crh7e8NtiA=,1OHKR/aLaRP8w9G7z57LANOYXVk=
30,152,YN/Ii5DCEJAaJfDx1crh7e8NtiA=,1OHKR/aLaRP8w9G7z57LANOYXVk=
29,152,YN/Ii5DCEJAaJfDx1crh7e8NtiA=,1OHKR/aLaRP8w9G7z57LANOYXVk=
31,152,YN/Ii5DCEJAaJfDx1crh7e8NtiA=,1OHKR/aLaRP8w9G7z57LANOYXVk=
28,152,YN/Ii5DCEJAaJfDx1crh7e8NtiA=,1OHKR/aLaRP8w9G7z57LANOYXVk=
27,144,YN/Ii5DCEJAaJfDx1crh7e8NtiA=,1OHKR/aLaRP8w9G7z57LANOYXVk=
25,152,YN/Ii5DCEJAaJfDx1crh7e8NtiA=,1OHKR/aLaRP8w9G7z57LANOYXVk=
24,152,YN/Ii5DCEJAaJfDx1crh7e8NtiA=,1OHKR/aLaRP8w9G7z57LANOYXVk=
23,152,YN/Ii5DCEJAaJfDx1crh7e8NtiA=,1OHKR/aLaRP8w9G7z57LANOYXVk=
22,152,YN/Ii5DCEJAaJfDx1crh7e8NtiA=,1OHKR/aLaRP8w9G7z57LANOYXVk=
27,152,YN/Ii5DCEJAaJfDx1crh7e8NtiA=,1OHKR/aLaRP8w9G7z57LANOYXVk=
21,152,YN/Ii5DCEJAaJfDx1crh7e8NtiA=,1OHKR/aLaRP8w9G7z57LANOYXVk=
26,152,YN/Ii5DCEJAaJfDx1crh7e8NtiA=,1OHKR/aLaRP8w9G7z57LANOYXVk=
20,152,YN/Ii5DCEJAaJfDx1crh7e8NtiA=,1OHKR/aLaRP8w9G7z57LANOYXVk=
20,150,YN/Ii5DCEJAaJfDx1crh7e8NtiA=,1OHKR/aLaRP8w9G7z57LANOYXVk=
19,152,YN/Ii5DCEJAaJfDx1crh7e8NtiA=,1OHKR/aLaRP8w9G7z57LANOYXVk=
18,152,nSumR/77tGGbUPCT+FyyFLwwuy4=,1OHKR/aLaRP8w9G7z57LANOYXVk=
21,150,nSumR/77tGGbUPCT+FyyFLwwuy4=,1OHKR/aLaRP8w9G7z57LANOYXVk=
22,150,nSumR/77tGGbUPCT+FyyFLwwuy4=,1OHKR/aLaRP8w9G7z57LANOYXVk=
17,152,nSumR/77tGGbUPCT+FyyFLwwuy4=,1OHKR/aLaRP8w9G7z57LANOYXVk=
16,152,nSumR/77tGGbUPCT+FyyFLwwuy4=,1OHKR/aLaRP8w9G7z57LANOYXVk=
27,146,nSumR/77tGGbUPCT+FyyFLwwuy4=,1OHKR/aLaRP8w9G7z57LANOYXVk=
31,151,nSumR/77tGGbUPCT+FyyFLwwuy4=,1OHKR/aLaRP8w9G7z57LANOYXVk=
26,145,nSumR/77tGGbUPCT+FyyFLwwuy4=,1OHKR/aLaRP8w9G7z57LANOYXVk=
23,150,nSumR/77tGGbUPCT+FyyFLwwuy4=,1OHKR/aLaRP8w9G7z57LANOYXVk=
30,151,nSumR/77tGGbUPCT+FyyFLwwuy4=,1OHKR/aLaRP8w9G7z57LANOYXVk=
26,144,nSumR/77tGGbUPCT+FyyFLwwuy4=,1OHKR/aLaRP8w9G7z57LANOYXVk=
29,151,nSumR/77tGGbUPCT+FyyFLwwuy4=,1OHKR/aLaRP8w9G7z57LANOYXVk=
28,151,nSumR/77tGGbUPCT+FyyFLwwuy4=,1OHKR/aLaRP8w9G7z57LANOYXVk=
24,150,nSumR/77tGGbUPCT+FyyFLwwuy4=,1OHKR/aLaRP8w9G7z57LANOYXVk=
25,150,nSumR/77tGGbUPCT+FyyFLwwuy4=,1OHKR/aLaRP8w9G7z57LANOYXVk=
26,151,nSumR/77tGGbUPCT+FyyFLwwuy4=,1OHKR/aLaRP8w9G7z57LANOYXVk=
26,150,nSumR/77tGGbUPCT+FyyFLwwuy4=,1OHKR/aLaRP8w9G7z57LANOYXVk=
25,151,nSumR/77tGGbUPCT+FyyFLwwuy4=,1OHKR/aLaRP8w9G7z57LANOYXVk=
27,151,nSumR/77tGGbUPCT+FyyFLwwuy4=,1OHKR/aLaRP8w9G7z57LANOYXVk=
23,151,nSumR/77tGGbUPCT+FyyFLwwuy4=,1OHKR/aLaRP8w9G7z57LANOYXVk=
22,151,nSumR/77tGGbUPCT+FyyFLwwuy4=,1OHKR/aLaRP8w9G7z57LANOYXVk=
24,151,nSumR/77tGGbUPCT+FyyFLwwuy4=,1OHKR/aLaRP8w9G7z57LANOYXVk=
21,151,nSumR/77tGGbUPCT+FyyFLwwuy4=,1OHKR/aLaRP8w9G7z57LANOYXVk=
20,151,nSumR/77tGGbUPCT+FyyFLwwuy4=,1OHKR/aLaRP8w9G7z57LANOYXVk=
19,151,nSumR/77tGGbUPCT+FyyFLwwuy4=,1OHKR/aLaRP8w9G7z57LANOYXVk=
18,151,nSumR/77tGGbUPCT+FyyFLwwuy4=,1OHKR/aLaRP8w9G7z57LANOYXVk=
27,150,nSumR/77tGGbUPCT+FyyFLwwuy4=,1OHKR/aLaRP8w9G7z57LANOYXVk=
17,151,nSumR/77tGGbUPCT+FyyFLwwuy4=,1OHKR/aLaRP8w9G7z57LANOYXVk=
16,151,nSumR/77tGGbUPCT+FyyFLwwuy4=,1OHKR/aLaRP8w9G7z57LANOYXVk=
28,150,nSumR/77tGGbUPCT+FyyFLwwuy4=,1OHKR/aLaRP8w9G7z57LANOYXVk=
29,150,nSumR/77tGGbUPCT+FyyFLwwuy4=,1OHKR/aLaRP8w9G7z57LANOYXVk=
31,150,nSumR/77tGGbUPCT+FyyFLwwuy4=,1OHKR/aLaRP8w9G7z57LANOYXVk=
26,146,nSumR/77tGGbUPCT+FyyFLwwuy4=,1OHKR/aLaRP8w9G7z57LANOYXVk=
30,150,nSumR/77tGGbUPCT+FyyFLwwuy4=,1OHKR/aLaRP8w9G7z57LANOYXVk=
25,145,nSumR/77tGGbUPCT+FyyFLwwuy4=,1OHKR/aLaRP8w9G7z57LANOYXVk=
25,144,nSumR/77tGGbUPCT+FyyFLwwuy4=,1OHKR/aLaRP8w9G7z57LANOYXVk=
19,131,W5HNOGR1X88CyiNj84998FHVWdE=,KpA9kaPyuWUNtrExy5duY3U4lYg=
20,131,W5HNOGR1X88CyiNj84998FHVWdE=,KpA9kaPyuWUNtrExy5duY3U4lYg=
21,128,W5HNOGR1X88CyiNj84998FHVWdE=,KpA9kaPyuWUNtrExy5duY3U4lYg=
23,131,W5HNOGR1X88CyiNj84998FHVWdE=,KpA9kaPyuWUNtrExy5duY3U4lYg=
19,128,W5HNOGR1X88CyiNj84998FHVWdE=,KpA9kaPyuWUNtrExy5duY3U4lYg=
22,131,W5HNOGR1X88CyiNj84998FHVWdE=,KpA9kaPyuWUNtrExy5duY3U4lYg=
24,131,W5HNOGR1X88CyiNj84998FHVWdE=,KpA9kaPyuWUNtrExy5duY3U4lYg=
21,131,W5HNOGR1X88CyiNj84998FHVWdE=,KpA9kaPyuWUNtrExy5duY3U4lYg=
22,130,W5HNOGR1X88CyiNj84998FHVWdE=,KpA9kaPyuWUNtrExy5duY3U4lYg=
25,131,W5HNOGR1X88CyiNj84998FHVWdE=,KpA9kaPyuWUNtrExy5duY3U4lYg=
20,129,W5HNOGR1X88CyiNj84998FHVWdE=,KpA9kaPyuWUNtrExy5duY3U4lYg=
21,129,W5HNOGR1X88CyiNj84998FHVWdE=,KpA9kaPyuWUNtrExy5duY3U4lYg=
21,130,W5HNOGR1X88CyiNj84998FHVWdE=,KpA9kaPyuWUNtrExy5duY3U4lYg=
17,128,W5HNOGR1X88CyiNj84998FHVWdE=,KpA9kaPyuWUNtrExy5duY3U4lYg=
20,130,W5HNOGR1X88CyiNj84998FHVWdE=,KpA9kaPyuWUNtrExy5duY3U4lYg=
18,131,W5HNOGR1X88CyiNj84998FHVWdE=,KpA9kaPyuWUNtrExy5duY3U4lYg=
26,131,W5HNOGR1X88CyiNj84998FHVWdE=,KpA9kaPyuWUNtrExy5duY3U4lYg=
27,131,W5HNOGR1X88CyiNj84998FHVWdE=,KpA9kaPyuWUNtrExy5duY3U4lYg=
29,143,W5HNOGR1X88CyiNj84998FHVWdE=,KpA9kaPyuWUNtrExy5duY3U4lYg=
28,131,W5HNOGR1X88CyiNj84998FHVWdE=,KpA9kaPyuWUNtrExy5duY3U4lYg=
29,131,W5HNOGR1X88CyiNj84998FHVWdE=,KpA9kaPyuWUNtrExy5duY3U4lYg=
31,143,W5HNOGR1X88CyiNj84998FHVWdE=,KpA9kaPyuWUNtrExy5duY3U4lYg=
30,131,W5HNOGR1X88CyiNj84998FHVWdE=,KpA9kaPyuWUNtrExy5duY3U4lYg=
28,143,W5HNOGR1X88CyiNj84998FHVWdE=,KpA9kaPyuWUNtrExy5duY3U4lYg=
31,131,W5HNOGR1X88CyiNj84998FHVWdE=,KpA9kaPyuWUNtrExy5duY3U4lYg=
26,143,W5HNOGR1X88CyiNj84998FHVWdE=,KpA9kaPyuWUNtrExy5duY3U4lYg=
30,143,5GwJQQn79uw/QEQsW10+GiLpu4Y=,KpA9kaPyuWUNtrExy5duY3U4lYg=
22,129,5GwJQQn79uw/QEQsW10+GiLpu4Y=,KpA9kaPyuWUNtrExy5duY3U4lYg=
23,130,rCcpXeLLYGtaqZJPdIaHxfb/lXU=,KpA9kaPyuWUNtrExy5duY3U4lYg=
25,143,rCcpXeLLYGtaqZJPdIaHxfb/lXU=,KpA9kaPyuWUNtrExy5duY3U4lYg=
23,143,rCcpXeLLYGtaqZJPdIaHxfb/lXU=,KpA9kaPyuWUNtrExy5duY3U4lYg=
22,128,rCcpXeLLYGtaqZJPdIaHxfb/lXU=,KpA9kaPyuWUNtrExy5duY3U4lYg=
24,143,rCcpXeLLYGtaqZJPdIaHxfb/lXU=,KpA9kaPyuWUNtrExy5duY3U4lYg=
27,143,rCcpXeLLYGtaqZJPdIaHxfb/lXU=,KpA9kaPyuWUNtrExy5duY3U4lYg=
17,132,rCcpXeLLYGtaqZJPdIaHxfb/lXU=,KpA9kaPyuWUNtrExy5duY3U4lYg=
16,132,rCcpXeLLYGtaqZJPdIaHxfb/lXU=,KpA9kaPyuWUNtrExy5duY3U4lYg=
18,132,rCcpXeLLYGtaqZJPdIaHxfb/lXU=,KpA9kaPyuWUNtrExy5duY3U4lYg=
19,132,rCcpXeLLYGtaqZJPdIaHxfb/lXU=,KpA9kaPyuWUNtrExy5duY3U4lYg=
22,143,rCcpXeLLYGtaqZJPdIaHxfb/lXU=,KpA9kaPyuWUNtrExy5duY3U4lYg=
20,132,rCcpXeLLYGtaqZJPdIaHxfb/lXU=,KpA9kaPyuWUNtrExy5duY3U4lYg=
22,132,rCcpXeLLYGtaqZJPdIaHxfb/lXU=,KpA9kaPyuWUNtrExy5duY3U4lYg=
23,132,rCcpXeLLYGtaqZJPdIaHxfb/lXU=,KpA9kaPyuWUNtrExy5duY3U4lYg=
21,132,rCcpXeLLYGtaqZJPdIaHxfb/lXU=,KpA9kaPyuWUNtrExy5duY3U4lYg=
25,132,rCcpXeLLYGtaqZJPdIaHxfb/lXU=,KpA9kaPyuWUNtrExy5duY3U4lYg=
24,132,rCcpXeLLYGtaqZJPdIaHxfb/lXU=,KpA9kaPyuWUNtrExy5duY3U4lYg=
26,132,rCcpXeLLYGtaqZJPdIaHxfb/lXU=,KpA9kaPyuWUNtrExy5duY3U4lYg=
27,132,rCcpXeLLYGtaqZJPdIaHxfb/lXU=,KpA9kaPyuWUNtrExy5duY3U4lYg=
28,132,rCcpXeLLYGtaqZJPdIaHxfb/lXU=,KpA9kaPyuWUNtrExy5duY3U4lYg=
29,132,rCcpXeLLYGtaqZJPdIaHxfb/lXU=,KpA9kaPyuWUNtrExy5duY3U4lYg=
30,132,rCcpXeLLYGtaqZJPdIaHxfb/lXU=,KpA9kaPyuWUNtrExy5duY3U4lYg=
31,132,rCcpXeLLYGtaqZJPdIaHxfb/lXU=,KpA9kaPyuWUNtrExy5duY3U4lYg=
23,129,rCcpXeLLYGtaqZJPdIaHxfb/lXU=,KpA9kaPyuWUNtrExy5duY3U4lYg=
23,128,rCcpXeLLYGtaqZJPdIaHxfb/lXU=,KpA9kaPyuWUNtrExy5duY3U4lYg=
24,130,rCcpXeLLYGtaqZJPdIaHxfb/lXU=,KpA9kaPyuWUNtrExy5duY3U4lYg=
16,133,rCcpXeLLYGtaqZJPdIaHxfb/lXU=,KpA9kaPyuWUNtrExy5duY3U4lYg=
17,133,rCcpXeLLYGtaqZJPdIaHxfb/lXU=,KpA9kaPyuWUNtrExy5duY3U4lYg=
18,133,rCcpXeLLYGtaqZJPdIaHxfb/lXU=,KpA9kaPyuWUNtrExy5duY3U4lYg=
19,133,rCcpXeLLYGtaqZJPdIaHxfb/lXU=,KpA9kaPyuWUNtrExy5duY3U4lYg=
21,133,rCcpXeLLYGtaqZJPdIaHxfb/lXU=,KpA9kaPyuWUNtrExy5duY3U4lYg=
22,133,rCcpXeLLYGtaqZJPdIaHxfb/lXU=,KpA9kaPyuWUNtrExy5duY3U4lYg=
23,133,rCcpXeLLYGtaqZJPdIaHxfb/lXU=,KpA9kaPyuWUNtrExy5duY3U4lYg=
20,133,rCcpXeLLYGtaqZJPdIaHxfb/lXU=,KpA9kaPyuWUNtrExy5duY3U4lYg=
24,133,rCcpXeLLYGtaqZJPdIaHxfb/lXU=,KpA9kaPyuWUNtrExy5duY3U4lYg=
26,133,ipoIAHNxq7nb0c5ssdOZFtio5DA=,KpA9kaPyuWUNtrExy5duY3U4lYg=
25,133,ipoIAHNxq7nb0c5ssdOZFtio5DA=,KpA9kaPyuWUNtrExy5duY3U4lYg=
28,133,ipoIAHNxq7nb0c5ssdOZFtio5DA=,KpA9kaPyuWUNtrExy5duY3U4lYg=
27,133,ipoIAHNxq7nb0c5ssdOZFtio5DA=,KpA9kaPyuWUNtrExy5duY3U4lYg=
29,133,ipoIAHNxq7nb0c5ssdOZFtio5DA=,KpA9kaPyuWUNtrExy5duY3U4lYg=
30,133,ipoIAHNxq7nb0c5ssdOZFtio5DA=,KpA9kaPyuWUNtrExy5duY3U4lYg=
31,133,ipoIAHNxq7nb0c5ssdOZFtio5DA=,KpA9kaPyuWUNtrExy5duY3U4lYg=
25,130,ipoIAHNxq7nb0c5ssdOZFtio5DA=,KpA9kaPyuWUNtrExy5duY3U4lYg=
24,129,ipoIAHNxq7nb0c5ssdOZFtio5DA=,KpA9kaPyuWUNtrExy5duY3U4lYg=
16,134,ipoIAHNxq7nb0c5ssdOZFtio5DA=,KpA9kaPyuWUNtrExy5duY3U4lYg=
24,128,ipoIAHNxq7nb0c5ssdOZFtio5DA=,KpA9kaPyuWUNtrExy5duY3U4lYg=
17,134,ipoIAHNxq7nb0c5ssdOZFtio5DA=,KpA9kaPyuWUNtrExy5duY3U4lYg=
18,134,ipoIAHNxq7nb0c5ssdOZFtio5DA=,KpA9kaPyuWUNtrExy5duY3U4lYg=
19,134,ipoIAHNxq7nb0c5ssdOZFtio5DA=,KpA9kaPyuWUNtrExy5duY3U4lYg=
20,134,ipoIAHNxq7nb0c5ssdOZFtio5DA=,KpA9kaPyuWUNtrExy5duY3U4lYg=
22,134,ipoIAHNxq7nb0c5ssdOZFtio5DA=,KpA9kaPyuWUNtrExy5duY3U4lYg=
21,134,ipoIAHNxq7nb0c5ssdOZFtio5DA=,KpA9kaPyuWUNtrExy5duY3U4lYg=
25,134,ipoIAHNxq7nb0c5ssdOZFtio5DA=,KpA9kaPyuWUNtrExy5duY3U4lYg=
24,134,ipoIAHNxq7nb0c5ssdOZFtio5DA=,KpA9kaPyuWUNtrExy5duY3U4lYg=
23,134,ipoIAHNxq7nb0c5ssdOZFtio5DA=,KpA9kaPyuWUNtrExy5duY3U4lYg=
26,134,ipoIAHNxq7nb0c5ssdOZFtio5DA=,KpA9kaPyuWUNtrExy5duY3U4lYg=
27,134,ipoIAHNxq7nb0c5ssdOZFtio5DA=,KpA9kaPyuWUNtrExy5duY3U4lYg=
28,134,ipoIAHNxq7nb0c5ssdOZFtio5DA=,KpA9kaPyuWUNtrExy5duY3U4lYg=
29,134,ipoIAHNxq7nb0c5ssdOZFtio5DA=,KpA9kaPyuWUNtrExy5duY3U4lYg=
30,134,ipoIAHNxq7nb0c5ssdOZFtio5DA=,KpA9kaPyuWUNtrExy5duY3U4lYg=
25,129,ipoIAHNxq7nb0c5ssdOZFtio5DA=,KpA9kaPyuWUNtrExy5duY3U4lYg=
26,130,ipoIAHNxq7nb0c5ssdOZFtio5DA=,KpA9kaPyuWUNtrExy5duY3U4lYg=
31,134,ipoIAHNxq7nb0c5ssdOZFtio5DA=,KpA9kaPyuWUNtrExy5duY3U4lYg=
16,135,ipoIAHNxq7nb0c5ssdOZFtio5DA=,KpA9kaPyuWUNtrExy5duY3U4lYg=
25,128,ipoIAHNxq7nb0c5ssdOZFtio5DA=,KpA9kaPyuWUNtrExy5duY3U4lYg=
17,135,ipoIAHNxq7nb0c5ssdOZFtio5DA=,KpA9kaPyuWUNtrExy5duY3U4lYg=
19,135,ipoIAHNxq7nb0c5ssdOZFtio5DA=,KpA9kaPyuWUNtrExy5duY3U4lYg=
18,135,ipoIAHNxq7nb0c5ssdOZFtio5DA=,KpA9kaPyuWUNtrExy5duY3U4lYg=
20,135,ipoIAHNxq7nb0c5ssdOZFtio5DA=,KpA9kaPyuWUNtrExy5duY3U4lYg=
21,135,ipoIAHNxq7nb0c5ssdOZFtio5DA=,KpA9kaPyuWUNtrExy5duY3U4lYg=
22,135,ipoIAHNxq7nb0c5ssdOZFtio5DA=,KpA9kaPyuWUNtrExy5duY3U4lYg=
23,135,ipoIAHNxq7nb0c5ssdOZFtio5DA=,KpA9kaPyuWUNtrExy5duY3U4lYg=
24,135,ipoIAHNxq7nb0c5ssdOZFtio5DA=,KpA9kaPyuWUNtrExy5duY3U4lYg=
25,135,ipoIAHNxq7nb0c5ssdOZFtio5DA=,KpA9kaPyuWUNtrExy5duY3U4lYg=
26,135,ipoIAHNxq7nb0c5ssdOZFtio5DA=,KpA9kaPyuWUNtrExy5duY3U4lYg=
27,135,ipoIAHNxq7nb0c5ssdOZFtio5DA=,KpA9kaPyuWUNtrExy5duY3U4lYg=
28,135,ipoIAHNxq7nb0c5ssdOZFtio5DA=,KpA9kaPyuWUNtrExy5duY3U4lYg=
29,135,ipoIAHNxq7nb0c5ssdOZFtio5DA=,KpA9kaPyuWUNtrExy5duY3U4lYg=
30,135,ipoIAHNxq7nb0c5ssdOZFtio5DA=,KpA9kaPyuWUNtrExy5duY3U4lYg=
31,135,ipoIAHNxq7nb0c5ssdOZFtio5DA=,KpA9kaPyuWUNtrExy5duY3U4lYg=
26,129,ipoIAHNxq7nb0c5ssdOZFtio5DA=,KpA9kaPyuWUNtrExy5duY3U4lYg=
27,130,ipoIAHNxq7nb0c5ssdOZFtio5DA=,KpA9kaPyuWUNtrExy5duY3U4lYg=
26,128,ipoIAHNxq7nb0c5ssdOZFtio5DA=,KpA9kaPyuWUNtrExy5duY3U4lYg=
16,136,ipoIAHNxq7nb0c5ssdOZFtio5DA=,KpA9kaPyuWUNtrExy5duY3U4lYg=
17,136,ipoIAHNxq7nb0c5ssdOZFtio5DA=,KpA9kaPyuWUNtrExy5duY3U4lYg=
18,136,ipoIAHNxq7nb0c5ssdOZFtio5DA=,KpA9kaPyuWUNtrExy5duY3U4lYg=
22,136,ipoIAHNxq7nb0c5ssdOZFtio5DA=,KpA9kaPyuWUNtrExy5duY3U4lYg=
21,136,ipoIAHNxq7nb0c5ssdOZFtio5DA=,KpA9kaPyuWUNtrExy5duY3U4lYg=
23,136,ipoIAHNxq7nb0c5ssdOZFtio5DA=,KpA9kaPyuWUNtrExy5duY3U4lYg=
24,136,ipoIAHNxq7nb0c5ssdOZFtio5DA=,KpA9kaPyuWUNtrExy5duY3U4lYg=
19,136,ipoIAHNxq7nb0c5ssdOZFtio5DA=,KpA9kaPyuWUNtrExy5duY3U4lYg=
26,136,ipoIAHNxq7nb0c5ssdOZFtio5DA=,KpA9kaPyuWUNtrExy5duY3U4lYg=
25,136,ipoIAHNxq7nb0c5ssdOZFtio5DA=,KpA9kaPyuWUNtrExy5duY3U4lYg=
27,136,ipoIAHNxq7nb0c5ssdOZFtio5DA=,KpA9kaPyuWUNtrExy5duY3U4lYg=
28,136,ipoIAHNxq7nb0c5ssdOZFtio5DA=,KpA9kaPyuWUNtrExy5duY3U4lYg=
20,136,ipoIAHNxq7nb0c5ssdOZFtio5DA=,KpA9kaPyuWUNtrExy5duY3U4lYg=
29,136,ipoIAHNxq7nb0c5ssdOZFtio5DA=,KpA9kaPyuWUNtrExy5duY3U4lYg=
30,136,ipoIAHNxq7nb0c5ssdOZFtio5DA=,KpA9kaPyuWUNtrExy5duY3U4lYg=
31,136,ipoIAHNxq7nb0c5ssdOZFtio5DA=,KpA9kaPyuWUNtrExy5duY3U4lYg=
27,129,ipoIAHNxq7nb0c5ssdOZFtio5DA=,KpA9kaPyuWUNtrExy5duY3U4lYg=
28,130,ipoIAHNxq7nb0c5ssdOZFtio5DA=,KpA9kaPyuWUNtrExy5duY3U4lYg=
27,128,ipoIAHNxq7nb0c5ssdOZFtio5DA=,KpA9kaPyuWUNtrExy5duY3U4lYg=
18,137,ipoIAHNxq7nb0c5ssdOZFtio5DA=,KpA9kaPyuWUNtrExy5duY3U4lYg=
19,137,ipoIAHNxq7nb0c5ssdOZFtio5DA=,KpA9kaPyuWUNtrExy5duY3U4lYg=
17,137,ipoIAHNxq7nb0c5ssdOZFtio5DA=,KpA9kaPyuWUNtrExy5duY3U4lYg=
22,137,ipoIAHNxq7nb0c5ssdOZFtio5DA=,KpA9kaPyuWUNtrExy5duY3U4lYg=
20,137,ipoIAHNxq7nb0c5ssdOZFtio5DA=,KpA9kaPyuWUNtrExy5duY3U4lYg=
16,137,ipoIAHNxq7nb0c5ssdOZFtio5DA=,KpA9kaPyuWUNtrExy5duY3U4lYg=
24,137,ipoIAHNxq7nb0c5ssdOZFtio5DA=,KpA9kaPyuWUNtrExy5duY3U4lYg=
23,137,ipoIAHNxq7nb0c5ssdOZFtio5DA=,KpA9kaPyuWUNtrExy5duY3U4lYg=
21,137,ipoIAHNxq7nb0c5ssdOZFtio5DA=,KpA9kaPyuWUNtrExy5duY3U4lYg=
25,137,ipoIAHNxq7nb0c5ssdOZFtio5DA=,KpA9kaPyuWUNtrExy5duY3U4lYg=
26,137,ipoIAHNxq7nb0c5ssdOZFtio5DA=,KpA9kaPyuWUNtrExy5duY3U4lYg=
27,137,ipoIAHNxq7nb0c5ssdOZFtio5DA=,KpA9kaPyuWUNtrExy5duY3U4lYg=
28,137,ipoIAHNxq7nb0c5ssdOZFtio5DA=,KpA9kaPyuWUNtrExy5duY3U4lYg=
30,137,ipoIAHNxq7nb0c5ssdOZFtio5DA=,KpA9kaPyuWUNtrExy5duY3U4lYg=
29,137,ipoIAHNxq7nb0c5ssdOZFtio5DA=,KpA9kaPyuWUNtrExy5duY3U4lYg=
31,137,ipoIAHNxq7nb0c5ssdOZFtio5DA=,KpA9kaPyuWUNtrExy5duY3U4lYg=
28,129,ipoIAHNxq7nb0c5ssdOZFtio5DA=,KpA9kaPyuWUNtrExy5duY3U4lYg=
29,130,ipoIAHNxq7nb0c5ssdOZFtio5DA=,KpA9kaPyuWUNtrExy5duY3U4lYg=
28,128,ipoIAHNxq7nb0c5ssdOZFtio5DA=,KpA9kaPyuWUNtrExy5duY3U4lYg=
19,138,ipoIAHNxq7nb0c5ssdOZFtio5DA=,KpA9kaPyuWUNtrExy5duY3U4lYg=
18,138,ipoIAHNxq7nb0c5ssdOZFtio5DA=,KpA9kaPyuWUNtrExy5duY3U4lYg=
20,138,ipoIAHNxq7nb0c5ssdOZFtio5DA=,KpA9kaPyuWUNtrExy5duY3U4lYg=
21,138,ipoIAHNxq7nb0c5ssdOZFtio5DA=,KpA9kaPyuWUNtrExy5duY3U4lYg=
22,138,ipoIAHNxq7nb0c5ssdOZFtio5DA=,KpA9kaPyuWUNtrExy5duY3U4lYg=
17,138,ipoIAHNxq7nb0c5ssdOZFtio5DA=,KpA9kaPyuWUNtrExy5duY3U4lYg=
16,138,ipoIAHNxq7nb0c5ssdOZFtio5DA=,KpA9kaPyuWUNtrExy5duY3U4lYg=
23,138,ipoIAHNxq7nb0c5ssdOZFtio5DA=,KpA9kaPyuWUNtrExy5duY3U4lYg=
24,138,ipoIAHNxq7nb0c5ssdOZFtio5DA=,KpA9kaPyuWUNtrExy5duY3U4lYg=
25,138,ipoIAHNxq7nb0c5ssdOZFtio5DA=,KpA9kaPyuWUNtrExy5duY3U4lYg=
27,138,ipoIAHNxq7nb0c5ssdOZFtio5DA=,KpA9kaPyuWUNtrExy5duY3U4lYg=
26,138,ipoIAHNxq7nb0c5ssdOZFtio5DA=,KpA9kaPyuWUNtrExy5duY3U4lYg=
30,138,ipoIAHNxq7nb0c5ssdOZFtio5DA=,KpA9kaPyuWUNtrExy5duY3U4lYg=
28,138,ipoIAHNxq7nb0c5ssdOZFtio5DA=,KpA9kaPyuWUNtrExy5duY3U4lYg=
29,129,ipoIAHNxq7nb0c5ssdOZFtio5DA=,KpA9kaPyuWUNtrExy5duY3U4lYg=
30,130,ipoIAHNxq7nb0c5ssdOZFtio5DA=,KpA9kaPyuWUNtrExy5duY3U4lYg=
29,138,ipoIAHNxq7nb0c5ssdOZFtio5DA=,KpA9kaPyuWUNtrExy5duY3U4lYg=
31,138,ipoIAHNxq7nb0c5ssdOZFtio5DA=,KpA9kaPyuWUNtrExy5duY3U4lYg=
29,128,ipoIAHNxq7nb0c5ssdOZFtio5DA=,KpA9kaPyuWUNtrExy5duY3U4lYg=
19,139,ipoIAHNxq7nb0c5ssdOZFtio5DA=,KpA9kaPyuWUNtrExy5duY3U4lYg=
18,139,ipoIAHNxq7nb0c5ssdOZFtio5DA=,KpA9kaPyuWUNtrExy5duY3U4lYg=
20,139,ipoIAHNxq7nb0c5ssdOZFtio5DA=,KpA9kaPyuWUNtrExy5duY3U4lYg=
21,139,ipoIAHNxq7nb0c5ssdOZFtio5DA=,KpA9kaPyuWUNtrExy5duY3U4lYg=
17,139,ipoIAHNxq7nb0c5ssdOZFtio5DA=,KpA9kaPyuWUNtrExy5duY3U4lYg=
22,139,ipoIAHNxq7nb0c5ssdOZFtio5DA=,KpA9kaPyuWUNtrExy5duY3U4lYg=
16,139,ipoIAHNxq7nb0c5ssdOZFtio5DA=,KpA9kaPyuWUNtrExy5duY3U4lYg=
23,139,ipoIAHNxq7nb0c5ssdOZFtio5DA=,KpA9kaPyuWUNtrExy5duY3U4lYg=
26,139,ipoIAHNxq7nb0c5ssdOZFtio5DA=,KpA9kaPyuWUNtrExy5duY3U4lYg=
24,139,ipoIAHNxq7nb0c5ssdOZFtio5DA=,KpA9kaPyuWUNtrExy5duY3U4lYg=
25,139,ipoIAHNxq7nb0c5ssdOZFtio5DA=,KpA9kaPyuWUNtrExy5duY3U4lYg=
30,129,ipoIAHNxq7nb0c5ssdOZFtio5DA=,KpA9kaPyuWUNtrExy5duY3U4lYg=
27,139,ipoIAHNxq7nb0c5ssdOZFtio5DA=,KpA9kaPyuWUNtrExy5duY3U4lYg=
30,139,ipoIAHNxq7nb0c5ssdOZFtio5DA=,KpA9kaPyuWUNtrExy5duY3U4lYg=
29,139,ipoIAHNxq7nb0c5ssdOZFtio5DA=,KpA9kaPyuWUNtrExy5duY3U4lYg=
31,129,ipoIAHNxq7nb0c5ssdOZFtio5DA=,KpA9kaPyuWUNtrExy5duY3U4lYg=
28,139,ipoIAHNxq7nb0c5ssdOZFtio5DA=,KpA9kaPyuWUNtrExy5duY3U4lYg=
31,130,ipoIAHNxq7nb0c5ssdOZFtio5DA=,KpA9kaPyuWUNtrExy5duY3U4lYg=
16,131,ipoIAHNxq7nb0c5ssdOZFtio5DA=,KpA9kaPyuWUNtrExy5duY3U4lYg=
16,130,ipoIAHNxq7nb0c5ssdOZFtio5DA=,KpA9kaPyuWUNtrExy5duY3U4lYg=
30,128,ipoIAHNxq7nb0c5ssdOZFtio5DA=,KpA9kaPyuWUNtrExy5duY3U4lYg=
18,128,ipoIAHNxq7nb0c5ssdOZFtio5DA=,KpA9kaPyuWUNtrExy5duY3U4lYg=
31,139,ipoIAHNxq7nb0c5ssdOZFtio5DA=,KpA9kaPyuWUNtrExy5duY3U4lYg=
31,128,ipoIAHNxq7nb0c5ssdOZFtio5DA=,KpA9kaPyuWUNtrExy5duY3U4lYg=
16,129,ipoIAHNxq7nb0c5ssdOZFtio5DA=,KpA9kaPyuWUNtrExy5duY3U4lYg=
17,129,ipoIAHNxq7nb0c5ssdOZFtio5DA=,KpA9kaPyuWUNtrExy5duY3U4lYg=
18,140,ipoIAHNxq7nb0c5ssdOZFtio5DA=,KpA9kaPyuWUNtrExy5duY3U4lYg=
19,140,ipoIAHNxq7nb0c5ssdOZFtio5DA=,KpA9kaPyuWUNtrExy5duY3U4lYg=
21,140,ipoIAHNxq7nb0c5ssdOZFtio5DA=,KpA9kaPyuWUNtrExy5duY3U4lYg=
20,140,ipoIAHNxq7nb0c5ssdOZFtio5DA=,KpA9kaPyuWUNtrExy5duY3U4lYg=
17,140,ipoIAHNxq7nb0c5ssdOZFtio5DA=,KpA9kaPyuWUNtrExy5duY3U4lYg=
24,140,ipoIAHNxq7nb0c5ssdOZFtio5DA=,KpA9kaPyuWUNtrExy5duY3U4lYg=
22,140,ipoIAHNxq7nb0c5ssdOZFtio5DA=,KpA9kaPyuWUNtrExy5duY3U4lYg=
23,140,ipoIAHNxq7nb0c5ssdOZFtio5DA=,KpA9kaPyuWUNtrExy5duY3U4lYg=
16,140,ipoIAHNxq7nb0c5ssdOZFtio5DA=,KpA9kaPyuWUNtrExy5duY3U4lYg=
26,140,ipoIAHNxq7nb0c5ssdOZFtio5DA=,KpA9kaPyuWUNtrExy5duY3U4lYg=
25,140,ipoIAHNxq7nb0c5ssdOZFtio5DA=,KpA9kaPyuWUNtrExy5duY3U4lYg=
30,140,ipoIAHNxq7nb0c5ssdOZFtio5DA=,KpA9kaPyuWUNtrExy5duY3U4lYg=
29,140,ipoIAHNxq7nb0c5ssdOZFtio5DA=,KpA9kaPyuWUNtrExy5duY3U4lYg=
28,140,ipoIAHNxq7nb0c5ssdOZFtio5DA=,KpA9kaPyuWUNtrExy5duY3U4lYg=
17,130,ipoIAHNxq7nb0c5ssdOZFtio5DA=,KpA9kaPyuWUNtrExy5duY3U4lYg=
27,140,ipoIAHNxq7nb0c5ssdOZFtio5DA=,KpA9kaPyuWUNtrExy5duY3U4lYg=
18,129,ipoIAHNxq7nb0c5ssdOZFtio5DA=,KpA9kaPyuWUNtrExy5duY3U4lYg=
18,141,ipoIAHNxq7nb0c5ssdOZFtio5DA=,KpA9kaPyuWUNtrExy5duY3U4lYg=
16,141,ipoIAHNxq7nb0c5ssdOZFtio5DA=,KpA9kaPyuWUNtrExy5duY3U4lYg=
31,140,ipoIAHNxq7nb0c5ssdOZFtio5DA=,KpA9kaPyuWUNtrExy5duY3U4lYg=
21,141,ipoIAHNxq7nb0c5ssdOZFtio5DA=,KpA9kaPyuWUNtrExy5duY3U4lYg=
17,141,ipoIAHNxq7nb0c5ssdOZFtio5DA=,KpA9kaPyuWUNtrExy5duY3U4lYg=
20,141,ipoIAHNxq7nb0c5ssdOZFtio5DA=,KpA9kaPyuWUNtrExy5duY3U4lYg=
19,141,ipoIAHNxq7nb0c5ssdOZFtio5DA=,KpA9kaPyuWUNtrExy5duY3U4lYg=
24,141,ipoIAHNxq7nb0c5ssdOZFtio5DA=,KpA9kaPyuWUNtrExy5duY3U4lYg=
22,141,ipoIAHNxq7nb0c5ssdOZFtio5DA=,KpA9kaPyuWUNtrExy5duY3U4lYg=
23,141,ipoIAHNxq7nb0c5ssdOZFtio5DA=,KpA9kaPyuWUNtrExy5duY3U4lYg=
26,141,ipoIAHNxq7nb0c5ssdOZFtio5DA=,KpA9kaPyuWUNtrExy5duY3U4lYg=
27,141,ipoIAHNxq7nb0c5ssdOZFtio5DA=,KpA9kaPyuWUNtrExy5duY3U4lYg=
25,141,ipoIAHNxq7nb0c5ssdOZFtio5DA=,KpA9kaPyuWUNtrExy5duY3U4lYg=
28,141,ipoIAHNxq7nb0c5ssdOZFtio5DA=,KpA9kaPyuWUNtrExy5duY3U4lYg=
29,141,ipoIAHNxq7nb0c5ssdOZFtio5DA=,KpA9kaPyuWUNtrExy5duY3U4lYg=
19,129,ipoIAHNxq7nb0c5ssdOZFtio5DA=,KpA9kaPyuWUNtrExy5duY3U4lYg=
31,141,ipoIAHNxq7nb0c5ssdOZFtio5DA=,KpA9kaPyuWUNtrExy5duY3U4lYg=
16,142,ipoIAHNxq7nb0c5ssdOZFtio5DA=,KpA9kaPyuWUNtrExy5duY3U4lYg=
18,130,ipoIAHNxq7nb0c5ssdOZFtio5DA=,KpA9kaPyuWUNtrExy5duY3U4lYg=
17,142,ipoIAHNxq7nb0c5ssdOZFtio5DA=,KpA9kaPyuWUNtrExy5duY3U4lYg=
20,142,ipoIAHNxq7nb0c5ssdOZFtio5DA=,KpA9kaPyuWUNtrExy5duY3U4lYg=
30,141,ipoIAHNxq7nb0c5ssdOZFtio5DA=,KpA9kaPyuWUNtrExy5duY3U4lYg=
19,142,ipoIAHNxq7nb0c5ssdOZFtio5DA=,KpA9kaPyuWUNtrExy5duY3U4lYg=
18,142,ipoIAHNxq7nb0c5ssdOZFtio5DA=,KpA9kaPyuWUNtrExy5duY3U4lYg=
22,142,ipoIAHNxq7nb0c5ssdOZFtio5DA=,KpA9kaPyuWUNtrExy5duY3U4lYg=
21,142,ipoIAHNxq7nb0c5ssdOZFtio5DA=,KpA9kaPyuWUNtrExy5duY3U4lYg=
23,142,ipoIAHNxq7nb0c5ssdOZFtio5DA=,KpA9kaPyuWUNtrExy5duY3U4lYg=
25,142,ipoIAHNxq7nb0c5ssdOZFtio5DA=,KpA9kaPyuWUNtrExy5duY3U4lYg=
26,142,ipoIAHNxq7nb0c5ssdOZFtio5DA=,KpA9kaPyuWUNtrExy5duY3U4lYg=
24,142,ipoIAHNxq7nb0c5ssdOZFtio5DA=,KpA9kaPyuWUNtrExy5duY3U4lYg=
27,142,ipoIAHNxq7nb0c5ssdOZFtio5DA=,KpA9kaPyuWUNtrExy5duY3U4lYg=
29,142,ipoIAHNxq7nb0c5ssdOZFtio5DA=,KpA9kaPyuWUNtrExy5duY3U4lYg=
28,142,ipoIAHNxq7nb0c5ssdOZFtio5DA=,KpA9kaPyuWUNtrExy5duY3U4lYg=
19,130,ipoIAHNxq7nb0c5ssdOZFtio5DA=,KpA9kaPyuWUNtrExy5duY3U4lYg=
30,142,ipoIAHNxq7nb0c5ssdOZFtio5DA=,KpA9kaPyuWUNtrExy5duY3U4lYg=
17,131,ipoIAHNxq7nb0c5ssdOZFtio5DA=,KpA9kaPyuWUNtrExy5duY3U4lYg=
16,128,ipoIAHNxq7nb0c5ssdOZFtio5DA=,KpA9kaPyuWUNtrExy5duY3U4lYg=
31,142,ipoIAHNxq7nb0c5ssdOZFtio5DA=,KpA9kaPyuWUNtrExy5duY3U4lYg=
20,128,ipoIAHNxq7nb0c5ssdOZFtio5DA=,KpA9kaPyuWUNtrExy5duY3U4lYg=
16,143,ipoIAHNxq7nb0c5ssdOZFtio5DA=,KpA9kaPyuWUNtrExy5duY3U4lYg=
17,143,ipoIAHNxq7nb0c5ssdOZFtio5DA=,KpA9kaPyuWUNtrExy5duY3U4lYg=
20,143,ipoIAHNxq7nb0c5ssdOZFtio5DA=,KpA9kaPyuWUNtrExy5duY3U4lYg=
21,143,ipoIAHNxq7nb0c5ssdOZFtio5DA=,KpA9kaPyuWUNtrExy5duY3U4lYg=
18,143,ipoIAHNxq7nb0c5ssdOZFtio5DA=,KpA9kaPyuWUNtrExy5duY3U4lYg=
19,143,ipoIAHNxq7nb0c5ssdOZFtio5DA=,KpA9kaPyuWUNtrExy5duY3U4lYg=
