91,-13,WdtBx26JRGScFre53j1h1VzUm6I=,+hqd7ybY7dkUD4WwHIyQHRIMTp0=
90,-13,WdtBx26JRGScFre53j1h1VzUm6I=,+hqd7ybY7dkUD4WwHIyQHRIMTp0=
95,-1,NChOKFfmxif7Xyhtq4lPoLU2XEM=,+hqd7ybY7dkUD4WwHIyQHRIMTp0=
94,-1,NChOKFfmxif7Xyhtq4lPoLU2XEM=,+hqd7ybY7dkUD4WwHIyQHRIMTp0=
93,-1,NChOKFfmxif7Xyhtq4lPoLU2XEM=,+hqd7ybY7dkUD4WwHIyQHRIMTp0=
92,-1,NChOKFfmxif7Xyhtq4lPoLU2XEM=,+hqd7ybY7dkUD4WwHIyQHRIMTp0=
89,-13,NChOKFfmxif7Xyhtq4lPoLU2XEM=,+hqd7ybY7dkUD4WwHIyQHRIMTp0=
91,-1,NChOKFfmxif7Xyhtq4lPoLU2XEM=,+hqd7ybY7dkUD4WwHIyQHRIMTp0=
90,-1,NChOKFfmxif7Xyhtq4lPoLU2XEM=,+hqd7ybY7dkUD4WwHIyQHRIMTp0=
89,-1,NChOKFfmxif7Xyhtq4lPoLU2XEM=,+hqd7ybY7dkUD4WwHIyQHRIMTp0=
88,-1,NChOKFfmxif7Xyhtq4lPoLU2XEM=,+hqd7ybY7dkUD4WwHIyQHRIMTp0=
87,-1,NChOKFfmxif7Xyhtq4lPoLU2XEM=,+hqd7ybY7dkUD4WwHIyQHRIMTp0=
86,-1,NChOKFfmxif7Xyhtq4lPoLU2XEM=,+hqd7ybY7dkUD4WwHIyQHRIMTp0=
85,-1,NChOKFfmxif7Xyhtq4lPoLU2XEM=,+hqd7ybY7dkUD4WwHIyQHRIMTp0=
84,-1,NChOKFfmxif7Xyhtq4lPoLU2XEM=,+hqd7ybY7dkUD4WwHIyQHRIMTp0=
82,-1,NChOKFfmxif7Xyhtq4lPoLU2XEM=,+hqd7ybY7dkUD4WwHIyQHRIMTp0=
83,-1,NChOKFfmxif7Xyhtq4lPoLU2XEM=,+hqd7ybY7dkUD4WwHIyQHRIMTp0=
95,-2,NChOKFfmxif7Xyhtq4lPoLU2XEM=,+hqd7ybY7dkUD4WwHIyQHRIMTp0=
81,-1,NChOKFfmxif7Xyhtq4lPoLU2XEM=,+hqd7ybY7dkUD4WwHIyQHRIMTp0=
93,-2,NChOKFfmxif7Xyhtq4lPoLU2XEM=,+hqd7ybY7dkUD4WwHIyQHRIMTp0=
94,-2,NChOKFfmxif7Xyhtq4lPoLU2XEM=,+hqd7ybY7dkUD4WwHIyQHRIMTp0=
92,-2,NChOKFfmxif7Xyhtq4lPoLU2XEM=,+hqd7ybY7dkUD4WwHIyQHRIMTp0=
91,-2,NChOKFfmxif7Xyhtq4lPoLU2XEM=,+hqd7ybY7dkUD4WwHIyQHRIMTp0=
90,-2,NChOKFfmxif7Xyhtq4lPoLU2XEM=,+hqd7ybY7dkUD4WwHIyQHRIMTp0=
89,-2,NChOKFfmxif7Xyhtq4lPoLU2XEM=,+hqd7ybY7dkUD4WwHIyQHRIMTp0=
88,-2,NChOKFfmxif7Xyhtq4lPoLU2XEM=,+hqd7ybY7dkUD4WwHIyQHRIMTp0=
87,-2,NChOKFfmxif7Xyhtq4lPoLU2XEM=,+hqd7ybY7dkUD4WwHIyQHRIMTp0=
86,-2,NChOKFfmxif7Xyhtq4lPoLU2XEM=,+hqd7ybY7dkUD4WwHIyQHRIMTp0=
85,-2,NChOKFfmxif7Xyhtq4lPoLU2XEM=,+hqd7ybY7dkUD4WwHIyQHRIMTp0=
84,-2,NChOKFfmxif7Xyhtq4lPoLU2XEM=,+hqd7ybY7dkUD4WwHIyQHRIMTp0=
83,-2,NChOKFfmxif7Xyhtq4lPoLU2XEM=,+hqd7ybY7dkUD4WwHIyQHRIMTp0=
82,-2,NChOKFfmxif7Xyhtq4lPoLU2XEM=,+hqd7ybY7dkUD4WwHIyQHRIMTp0=
81,-2,NChOKFfmxif7Xyhtq4lPoLU2XEM=,+hqd7ybY7dkUD4WwHIyQHRIMTp0=
95,-3,NChOKFfmxif7Xyhtq4lPoLU2XEM=,+hqd7ybY7dkUD4WwHIyQHRIMTp0=
94,-3,NChOKFfmxif7Xyhtq4lPoLU2XEM=,+hqd7ybY7dkUD4WwHIyQHRIMTp0=
93,-3,NChOKFfmxif7Xyhtq4lPoLU2XEM=,+hqd7ybY7dkUD4WwHIyQHRIMTp0=
92,-3,NChOKFfmxif7Xyhtq4lPoLU2XEM=,+hqd7ybY7dkUD4WwHIyQHRIMTp0=
91,-3,NChOKFfmxif7Xyhtq4lPoLU2XEM=,+hqd7ybY7dkUD4WwHIyQHRIMTp0=
90,-3,DDaB/wa7L/YWVcbK3Fa7/SN8S2w=,+hqd7ybY7dkUD4WwHIyQHRIMTp0=
89,-3,DDaB/wa7L/YWVcbK3Fa7/SN8S2w=,+hqd7ybY7dkUD4WwHIyQHRIMTp0=
88,-3,DDaB/wa7L/YWVcbK3Fa7/SN8S2w=,+hqd7ybY7dkUD4WwHIyQHRIMTp0=
87,-3,DDaB/wa7L/YWVcbK3Fa7/SN8S2w=,+hqd7ybY7dkUD4WwHIyQHRIMTp0=
86,-3,DDaB/wa7L/YWVcbK3Fa7/SN8S2w=,+hqd7ybY7dkUD4WwHIyQHRIMTp0=
85,-3,DDaB/wa7L/YWVcbK3Fa7/SN8S2w=,+hqd7ybY7dkUD4WwHIyQHRIMTp0=
84,-3,DDaB/wa7L/YWVcbK3Fa7/SN8S2w=,+hqd7ybY7dkUD4WwHIyQHRIMTp0=
83,-3,DDaB/wa7L/YWVcbK3Fa7/SN8S2w=,+hqd7ybY7dkUD4WwHIyQHRIMTp0=
82,-3,DDaB/wa7L/YWVcbK3Fa7/SN8S2w=,+hqd7ybY7dkUD4WwHIyQHRIMTp0=
95,-4,DDaB/wa7L/YWVcbK3Fa7/SN8S2w=,+hqd7ybY7dkUD4WwHIyQHRIMTp0=
81,-3,DDaB/wa7L/YWVcbK3Fa7/SN8S2w=,+hqd7ybY7dkUD4WwHIyQHRIMTp0=
94,-4,DDaB/wa7L/YWVcbK3Fa7/SN8S2w=,+hqd7ybY7dkUD4WwHIyQHRIMTp0=
93,-4,DDaB/wa7L/YWVcbK3Fa7/SN8S2w=,+hqd7ybY7dkUD4WwHIyQHRIMTp0=
91,-4,DDaB/wa7L/YWVcbK3Fa7/SN8S2w=,+hqd7ybY7dkUD4WwHIyQHRIMTp0=
92,-4,DDaB/wa7L/YWVcbK3Fa7/SN8S2w=,+hqd7ybY7dkUD4WwHIyQHRIMTp0=
90,-4,DDaB/wa7L/YWVcbK3Fa7/SN8S2w=,+hqd7ybY7dkUD4WwHIyQHRIMTp0=
89,-4,DDaB/wa7L/YWVcbK3Fa7/SN8S2w=,+hqd7ybY7dkUD4WwHIyQHRIMTp0=
88,-4,DDaB/wa7L/YWVcbK3Fa7/SN8S2w=,+hqd7ybY7dkUD4WwHIyQHRIMTp0=
87,-4,DDaB/wa7L/YWVcbK3Fa7/SN8S2w=,+hqd7ybY7dkUD4WwHIyQHRIMTp0=
86,-4,DDaB/wa7L/YWVcbK3Fa7/SN8S2w=,+hqd7ybY7dkUD4WwHIyQHRIMTp0=
85,-4,DDaB/wa7L/YWVcbK3Fa7/SN8S2w=,+hqd7ybY7dkUD4WwHIyQHRIMTp0=
84,-4,DDaB/wa7L/YWVcbK3Fa7/SN8S2w=,+hqd7ybY7dkUD4WwHIyQHRIMTp0=
83,-4,DDaB/wa7L/YWVcbK3Fa7/SN8S2w=,+hqd7ybY7dkUD4WwHIyQHRIMTp0=
82,-4,DDaB/wa7L/YWVcbK3Fa7/SN8S2w=,+hqd7ybY7dkUD4WwHIyQHRIMTp0=
81,-4,DDaB/wa7L/YWVcbK3Fa7/SN8S2w=,+hqd7ybY7dkUD4WwHIyQHRIMTp0=
95,-14,DDaB/wa7L/YWVcbK3Fa7/SN8S2w=,+hqd7ybY7dkUD4WwHIyQHRIMTp0=
95,-16,DDaB/wa7L/YWVcbK3Fa7/SN8S2w=,+hqd7ybY7dkUD4WwHIyQHRIMTp0=
95,-15,DDaB/wa7L/YWVcbK3Fa7/SN8S2w=,+hqd7ybY7dkUD4WwHIyQHRIMTp0=
94,-16,DDaB/wa7L/YWVcbK3Fa7/SN8S2w=,+hqd7ybY7dkUD4WwHIyQHRIMTp0=
95,-5,DDaB/wa7L/YWVcbK3Fa7/SN8S2w=,+hqd7ybY7dkUD4WwHIyQHRIMTp0=
94,-15,DDaB/wa7L/YWVcbK3Fa7/SN8S2w=,+hqd7ybY7dkUD4WwHIyQHRIMTp0=
94,-5,DDaB/wa7L/YWVcbK3Fa7/SN8S2w=,+hqd7ybY7dkUD4WwHIyQHRIMTp0=
93,-5,DDaB/wa7L/YWVcbK3Fa7/SN8S2w=,+hqd7ybY7dkUD4WwHIyQHRIMTp0=
92,-5,DDaB/wa7L/YWVcbK3Fa7/SN8S2w=,+hqd7ybY7dkUD4WwHIyQHRIMTp0=
91,-5,DDaB/wa7L/YWVcbK3Fa7/SN8S2w=,+hqd7ybY7dkUD4WwHIyQHRIMTp0=
90,-5,DDaB/wa7L/YWVcbK3Fa7/SN8S2w=,+hqd7ybY7dkUD4WwHIyQHRIMTp0=
89,-5,DDaB/wa7L/YWVcbK3Fa7/SN8S2w=,+hqd7ybY7dkUD4WwHIyQHRIMTp0=
88,-5,DDaB/wa7L/YWVcbK3Fa7/SN8S2w=,+hqd7ybY7dkUD4WwHIyQHRIMTp0=
87,-5,DDaB/wa7L/YWVcbK3Fa7/SN8S2w=,+hqd7ybY7dkUD4WwHIyQHRIMTp0=
86,-5,DDaB/wa7L/YWVcbK3Fa7/SN8S2w=,+hqd7ybY7dkUD4WwHIyQHRIMTp0=
85,-5,DDaB/wa7L/YWVcbK3Fa7/SN8S2w=,+hqd7ybY7dkUD4WwHIyQHRIMTp0=
84,-5,DDaB/wa7L/YWVcbK3Fa7/SN8S2w=,+hqd7ybY7dkUD4WwHIyQHRIMTp0=
83,-5,DDaB/wa7L/YWVcbK3Fa7/SN8S2w=,+hqd7ybY7dkUD4WwHIyQHRIMTp0=
82,-5,DDaB/wa7L/YWVcbK3Fa7/SN8S2w=,+hqd7ybY7dkUD4WwHIyQHRIMTp0=
81,-5,DDaB/wa7L/YWVcbK3Fa7/SN8S2w=,+hqd7ybY7dkUD4WwHIyQHRIMTp0=
94,-14,DDaB/wa7L/YWVcbK3Fa7/SN8S2w=,+hqd7ybY7dkUD4WwHIyQHRIMTp0=
93,-16,DDaB/wa7L/YWVcbK3Fa7/SN8S2w=,+hqd7ybY7dkUD4WwHIyQHRIMTp0=
95,-6,DDaB/wa7L/YWVcbK3Fa7/SN8S2w=,+hqd7ybY7dkUD4WwHIyQHRIMTp0=
94,-6,DDaB/wa7L/YWVcbK3Fa7/SN8S2w=,+hqd7ybY7dkUD4WwHIyQHRIMTp0=
93,-15,DDaB/wa7L/YWVcbK3Fa7/SN8S2w=,+hqd7ybY7dkUD4WwHIyQHRIMTp0=
93,-6,DDaB/wa7L/YWVcbK3Fa7/SN8S2w=,+hqd7ybY7dkUD4WwHIyQHRIMTp0=
92,-6,DDaB/wa7L/YWVcbK3Fa7/SN8S2w=,+hqd7ybY7dkUD4WwHIyQHRIMTp0=
91,-6,DDaB/wa7L/YWVcbK3Fa7/SN8S2w=,+hqd7ybY7dkUD4WwHIyQHRIMTp0=
90,-6,DDaB/wa7L/YWVcbK3Fa7/SN8S2w=,+hqd7ybY7dkUD4WwHIyQHRIMTp0=
89,-6,DDaB/wa7L/YWVcbK3Fa7/SN8S2w=,+hqd7ybY7dkUD4WwHIyQHRIMTp0=
88,-6,DDaB/wa7L/YWVcbK3Fa7/SN8S2w=,+hqd7ybY7dkUD4WwHIyQHRIMTp0=
87,-6,DDaB/wa7L/YWVcbK3Fa7/SN8S2w=,+hqd7ybY7dkUD4WwHIyQHRIMTp0=
86,-6,DDaB/wa7L/YWVcbK3Fa7/SN8S2w=,+hqd7ybY7dkUD4WwHIyQHRIMTp0=
85,-6,DDaB/wa7L/YWVcbK3Fa7/SN8S2w=,+hqd7ybY7dkUD4WwHIyQHRIMTp0=
84,-6,DDaB/wa7L/YWVcbK3Fa7/SN8S2w=,+hqd7ybY7dkUD4WwHIyQHRIMTp0=
83,-6,DDaB/wa7L/YWVcbK3Fa7/SN8S2w=,+hqd7ybY7dkUD4WwHIyQHRIMTp0=
93,-14,DDaB/wa7L/YWVcbK3Fa7/SN8S2w=,+hqd7ybY7dkUD4WwHIyQHRIMTp0=
92,-16,DDaB/wa7L/YWVcbK3Fa7/SN8S2w=,+hqd7ybY7dkUD4WwHIyQHRIMTp0=
95,-7,DDaB/wa7L/YWVcbK3Fa7/SN8S2w=,+hqd7ybY7dkUD4WwHIyQHRIMTp0=
92,-15,DDaB/wa7L/YWVcbK3Fa7/SN8S2w=,+hqd7ybY7dkUD4WwHIyQHRIMTp0=
94,-7,DDaB/wa7L/YWVcbK3Fa7/SN8S2w=,+hqd7ybY7dkUD4WwHIyQHRIMTp0=
93,-7,DDaB/wa7L/YWVcbK3Fa7/SN8S2w=,+hqd7ybY7dkUD4WwHIyQHRIMTp0=
91,-7,DDaB/wa7L/YWVcbK3Fa7/SN8S2w=,+hqd7ybY7dkUD4WwHIyQHRIMTp0=
92,-7,DDaB/wa7L/YWVcbK3Fa7/SN8S2w=,+hqd7ybY7dkUD4WwHIyQHRIMTp0=
89,-7,DDaB/wa7L/YWVcbK3Fa7/SN8S2w=,+hqd7ybY7dkUD4WwHIyQHRIMTp0=
90,-7,DDaB/wa7L/YWVcbK3Fa7/SN8S2w=,+hqd7ybY7dkUD4WwHIyQHRIMTp0=
87,-7,DDaB/wa7L/YWVcbK3Fa7/SN8S2w=,+hqd7ybY7dkUD4WwHIyQHRIMTp0=
88,-7,DDaB/wa7L/YWVcbK3Fa7/SN8S2w=,+hqd7ybY7dkUD4WwHIyQHRIMTp0=
86,-7,DDaB/wa7L/YWVcbK3Fa7/SN8S2w=,+hqd7ybY7dkUD4WwHIyQHRIMTp0=
85,-7,DDaB/wa7L/YWVcbK3Fa7/SN8S2w=,+hqd7ybY7dkUD4WwHIyQHRIMTp0=
84,-7,DDaB/wa7L/YWVcbK3Fa7/SN8S2w=,+hqd7ybY7dkUD4WwHIyQHRIMTp0=
92,-14,DDaB/wa7L/YWVcbK3Fa7/SN8S2w=,+hqd7ybY7dkUD4WwHIyQHRIMTp0=
91,-16,DDaB/wa7L/YWVcbK3Fa7/SN8S2w=,+hqd7ybY7dkUD4WwHIyQHRIMTp0=
95,-8,DDaB/wa7L/YWVcbK3Fa7/SN8S2w=,+hqd7ybY7dkUD4WwHIyQHRIMTp0=
91,-15,DDaB/wa7L/YWVcbK3Fa7/SN8S2w=,+hqd7ybY7dkUD4WwHIyQHRIMTp0=
94,-8,DDaB/wa7L/YWVcbK3Fa7/SN8S2w=,+hqd7ybY7dkUD4WwHIyQHRIMTp0=
93,-8,DDaB/wa7L/YWVcbK3Fa7/SN8S2w=,+hqd7ybY7dkUD4WwHIyQHRIMTp0=
92,-8,DDaB/wa7L/YWVcbK3Fa7/SN8S2w=,+hqd7ybY7dkUD4WwHIyQHRIMTp0=
91,-8,DDaB/wa7L/YWVcbK3Fa7/SN8S2w=,+hqd7ybY7dkUD4WwHIyQHRIMTp0=
89,-8,DDaB/wa7L/YWVcbK3Fa7/SN8S2w=,+hqd7ybY7dkUD4WwHIyQHRIMTp0=
90,-8,DDaB/wa7L/YWVcbK3Fa7/SN8S2w=,+hqd7ybY7dkUD4WwHIyQHRIMTp0=
87,-8,DDaB/wa7L/YWVcbK3Fa7/SN8S2w=,+hqd7ybY7dkUD4WwHIyQHRIMTp0=
88,-8,DDaB/wa7L/YWVcbK3Fa7/SN8S2w=,+hqd7ybY7dkUD4WwHIyQHRIMTp0=
86,-8,DDaB/wa7L/YWVcbK3Fa7/SN8S2w=,+hqd7ybY7dkUD4WwHIyQHRIMTp0=
91,-14,DDaB/wa7L/YWVcbK3Fa7/SN8S2w=,+hqd7ybY7dkUD4WwHIyQHRIMTp0=
95,-9,DDaB/wa7L/YWVcbK3Fa7/SN8S2w=,+hqd7ybY7dkUD4WwHIyQHRIMTp0=
90,-15,DDaB/wa7L/YWVcbK3Fa7/SN8S2w=,+hqd7ybY7dkUD4WwHIyQHRIMTp0=
94,-9,DDaB/wa7L/YWVcbK3Fa7/SN8S2w=,+hqd7ybY7dkUD4WwHIyQHRIMTp0=
93,-9,DDaB/wa7L/YWVcbK3Fa7/SN8S2w=,+hqd7ybY7dkUD4WwHIyQHRIMTp0=
92,-9,DDaB/wa7L/YWVcbK3Fa7/SN8S2w=,+hqd7ybY7dkUD4WwHIyQHRIMTp0=
91,-9,DDaB/wa7L/YWVcbK3Fa7/SN8S2w=,+hqd7ybY7dkUD4WwHIyQHRIMTp0=
90,-9,DDaB/wa7L/YWVcbK3Fa7/SN8S2w=,+hqd7ybY7dkUD4WwHIyQHRIMTp0=
89,-9,DDaB/wa7L/YWVcbK3Fa7/SN8S2w=,+hqd7ybY7dkUD4WwHIyQHRIMTp0=
88,-9,DDaB/wa7L/YWVcbK3Fa7/SN8S2w=,+hqd7ybY7dkUD4WwHIyQHRIMTp0=
87,-9,DDaB/wa7L/YWVcbK3Fa7/SN8S2w=,+hqd7ybY7dkUD4WwHIyQHRIMTp0=
88,-13,DDaB/wa7L/YWVcbK3Fa7/SN8S2w=,+hqd7ybY7dkUD4WwHIyQHRIMTp0=
90,-14,DDaB/wa7L/YWVcbK3Fa7/SN8S2w=,+hqd7ybY7dkUD4WwHIyQHRIMTp0=
95,-10,DDaB/wa7L/YWVcbK3Fa7/SN8S2w=,+hqd7ybY7dkUD4WwHIyQHRIMTp0=
90,-16,DDaB/wa7L/YWVcbK3Fa7/SN8S2w=,+hqd7ybY7dkUD4WwHIyQHRIMTp0=
89,-16,DDaB/wa7L/YWVcbK3Fa7/SN8S2w=,+hqd7ybY7dkUD4WwHIyQHRIMTp0=
94,-10,DDaB/wa7L/YWVcbK3Fa7/SN8S2w=,+hqd7ybY7dkUD4WwHIyQHRIMTp0=
93,-10,DDaB/wa7L/YWVcbK3Fa7/SN8S2w=,+hqd7ybY7dkUD4WwHIyQHRIMTp0=
92,-10,DDaB/wa7L/YWVcbK3Fa7/SN8S2w=,+hqd7ybY7dkUD4WwHIyQHRIMTp0=
90,-10,DDaB/wa7L/YWVcbK3Fa7/SN8S2w=,+hqd7ybY7dkUD4WwHIyQHRIMTp0=
91,-10,DDaB/wa7L/YWVcbK3Fa7/SN8S2w=,+hqd7ybY7dkUD4WwHIyQHRIMTp0=
89,-10,DDaB/wa7L/YWVcbK3Fa7/SN8S2w=,+hqd7ybY7dkUD4WwHIyQHRIMTp0=
88,-10,DDaB/wa7L/YWVcbK3Fa7/SN8S2w=,+hqd7ybY7dkUD4WwHIyQHRIMTp0=
87,-10,DDaB/wa7L/YWVcbK3Fa7/SN8S2w=,+hqd7ybY7dkUD4WwHIyQHRIMTp0=
89,-15,DDaB/wa7L/YWVcbK3Fa7/SN8S2w=,+hqd7ybY7dkUD4WwHIyQHRIMTp0=
89,-14,DDaB/wa7L/YWVcbK3Fa7/SN8S2w=,+hqd7ybY7dkUD4WwHIyQHRIMTp0=
95,-11,DDaB/wa7L/YWVcbK3Fa7/SN8S2w=,+hqd7ybY7dkUD4WwHIyQHRIMTp0=
94,-11,DDaB/wa7L/YWVcbK3Fa7/SN8S2w=,+hqd7ybY7dkUD4WwHIyQHRIMTp0=
93,-11,DDaB/wa7L/YWVcbK3Fa7/SN8S2w=,+hqd7ybY7dkUD4WwHIyQHRIMTp0=
92,-11,DDaB/wa7L/YWVcbK3Fa7/SN8S2w=,+hqd7ybY7dkUD4WwHIyQHRIMTp0=
91,-11,DDaB/wa7L/YWVcbK3Fa7/SN8S2w=,+hqd7ybY7dkUD4WwHIyQHRIMTp0=
90,-11,DDaB/wa7L/YWVcbK3Fa7/SN8S2w=,+hqd7ybY7dkUD4WwHIyQHRIMTp0=
89,-11,DDaB/wa7L/YWVcbK3Fa7/SN8S2w=,+hqd7ybY7dkUD4WwHIyQHRIMTp0=
88,-11,DDaB/wa7L/YWVcbK3Fa7/SN8S2w=,+hqd7ybY7dkUD4WwHIyQHRIMTp0=
88,-15,DDaB/wa7L/YWVcbK3Fa7/SN8S2w=,+hqd7ybY7dkUD4WwHIyQHRIMTp0=
88,-16,DDaB/wa7L/YWVcbK3Fa7/SN8S2w=,+hqd7ybY7dkUD4WwHIyQHRIMTp0=
95,-12,DDaB/wa7L/YWVcbK3Fa7/SN8S2w=,+hqd7ybY7dkUD4WwHIyQHRIMTp0=
94,-12,DDaB/wa7L/YWVcbK3Fa7/SN8S2w=,+hqd7ybY7dkUD4WwHIyQHRIMTp0=
93,-12,DDaB/wa7L/YWVcbK3Fa7/SN8S2w=,+hqd7ybY7dkUD4WwHIyQHRIMTp0=
92,-12,DDaB/wa7L/YWVcbK3Fa7/SN8S2w=,+hqd7ybY7dkUD4WwHIyQHRIMTp0=
91,-12,DDaB/wa7L/YWVcbK3Fa7/SN8S2w=,+hqd7ybY7dkUD4WwHIyQHRIMTp0=
90,-12,DDaB/wa7L/YWVcbK3Fa7/SN8S2w=,+hqd7ybY7dkUD4WwHIyQHRIMTp0=
89,-12,DDaB/wa7L/YWVcbK3Fa7/SN8S2w=,+hqd7ybY7dkUD4WwHIyQHRIMTp0=
88,-14,DDaB/wa7L/YWVcbK3Fa7/SN8S2w=,+hqd7ybY7dkUD4WwHIyQHRIMTp0=
95,-13,DDaB/wa7L/YWVcbK3Fa7/SN8S2w=,+hqd7ybY7dkUD4WwHIyQHRIMTp0=
94,-13,DDaB/wa7L/YWVcbK3Fa7/SN8S2w=,+hqd7ybY7dkUD4WwHIyQHRIMTp0=
93,-13,DDaB/wa7L/YWVcbK3Fa7/SN8S2w=,+hqd7ybY7dkUD4WwHIyQHRIMTp0=
92,-13,DDaB/wa7L/YWVcbK3Fa7/SN8S2w=,+hqd7ybY7dkUD4WwHIyQHRIMTp0=
88,-12,DDaB/wa7L/YWVcbK3Fa7/SN8S2w=,+hqd7ybY7dkUD4WwHIyQHRIMTp0=
80,-1,DDaB/wa7L/YWVcbK3Fa7/SN8S2w=,+hqd7ybY7dkUD4WwHIyQHRIMTp0=
87,-13,DDaB/wa7L/YWVcbK3Fa7/SN8S2w=,+hqd7ybY7dkUD4WwHIyQHRIMTp0=
86,-15,DDaB/wa7L/YWVcbK3Fa7/SN8S2w=,+hqd7ybY7dkUD4WwHIyQHRIMTp0=
86,-13,DDaB/wa7L/YWVcbK3Fa7/SN8S2w=,+hqd7ybY7dkUD4WwHIyQHRIMTp0=
86,-14,DDaB/wa7L/YWVcbK3Fa7/SN8S2w=,+hqd7ybY7dkUD4WwHIyQHRIMTp0=
83,-16,DDaB/wa7L/YWVcbK3Fa7/SN8S2w=,+hqd7ybY7dkUD4WwHIyQHRIMTp0=
85,-14,DDaB/wa7L/YWVcbK3Fa7/SN8S2w=,+hqd7ybY7dkUD4WwHIyQHRIMTp0=
80,-12,DDaB/wa7L/YWVcbK3Fa7/SN8S2w=,+hqd7ybY7dkUD4WwHIyQHRIMTp0=
86,-16,DDaB/wa7L/YWVcbK3Fa7/SN8S2w=,+hqd7ybY7dkUD4WwHIyQHRIMTp0=
85,-16,DDaB/wa7L/YWVcbK3Fa7/SN8S2w=,+hqd7ybY7dkUD4WwHIyQHRIMTp0=
84,-13,DDaB/wa7L/YWVcbK3Fa7/SN8S2w=,+hqd7ybY7dkUD4WwHIyQHRIMTp0=
80,-2,DDaB/wa7L/YWVcbK3Fa7/SN8S2w=,+hqd7ybY7dkUD4WwHIyQHRIMTp0=
80,-16,DDaB/wa7L/YWVcbK3Fa7/SN8S2w=,+hqd7ybY7dkUD4WwHIyQHRIMTp0=
85,-13,DDaB/wa7L/YWVcbK3Fa7/SN8S2w=,+hqd7ybY7dkUD4WwHIyQHRIMTp0=
83,-13,DDaB/wa7L/YWVcbK3Fa7/SN8S2w=,+hqd7ybY7dkUD4WwHIyQHRIMTp0=
87,-14,DDaB/wa7L/YWVcbK3Fa7/SN8S2w=,+hqd7ybY7dkUD4WwHIyQHRIMTp0=
85,-15,DDaB/wa7L/YWVcbK3Fa7/SN8S2w=,+hqd7ybY7dkUD4WwHIyQHRIMTp0=
82,-13,DDaB/wa7L/YWVcbK3Fa7/SN8S2w=,+hqd7ybY7dkUD4WwHIyQHRIMTp0=
81,-12,DDaB/wa7L/YWVcbK3Fa7/SN8S2w=,+hqd7ybY7dkUD4WwHIyQHRIMTp0=
80,-3,DDaB/wa7L/YWVcbK3Fa7/SN8S2w=,+hqd7ybY7dkUD4WwHIyQHRIMTp0=
81,-16,DDaB/wa7L/YWVcbK3Fa7/SN8S2w=,+hqd7ybY7dkUD4WwHIyQHRIMTp0=
84,-16,DDaB/wa7L/YWVcbK3Fa7/SN8S2w=,+hqd7ybY7dkUD4WwHIyQHRIMTp0=
84,-14,DDaB/wa7L/YWVcbK3Fa7/SN8S2w=,+hqd7ybY7dkUD4WwHIyQHRIMTp0=
80,-11,DDaB/wa7L/YWVcbK3Fa7/SN8S2w=,+hqd7ybY7dkUD4WwHIyQHRIMTp0=
81,-13,DDaB/wa7L/YWVcbK3Fa7/SN8S2w=,+hqd7ybY7dkUD4WwHIyQHRIMTp0=
82,-12,DDaB/wa7L/YWVcbK3Fa7/SN8S2w=,+hqd7ybY7dkUD4WwHIyQHRIMTp0=
84,-15,DDaB/wa7L/YWVcbK3Fa7/SN8S2w=,+hqd7ybY7dkUD4WwHIyQHRIMTp0=
83,-12,DDaB/wa7L/YWVcbK3Fa7/SN8S2w=,+hqd7ybY7dkUD4WwHIyQHRIMTp0=
84,-12,DDaB/wa7L/YWVcbK3Fa7/SN8S2w=,+hqd7ybY7dkUD4WwHIyQHRIMTp0=
85,-12,DDaB/wa7L/YWVcbK3Fa7/SN8S2w=,+hqd7ybY7dkUD4WwHIyQHRIMTp0=
86,-12,DDaB/wa7L/YWVcbK3Fa7/SN8S2w=,+hqd7ybY7dkUD4WwHIyQHRIMTp0=
87,-12,DDaB/wa7L/YWVcbK3Fa7/SN8S2w=,+hqd7ybY7dkUD4WwHIyQHRIMTp0=
80,-10,DDaB/wa7L/YWVcbK3Fa7/SN8S2w=,+hqd7ybY7dkUD4WwHIyQHRIMTp0=
80,-9,DDaB/wa7L/YWVcbK3Fa7/SN8S2w=,+hqd7ybY7dkUD4WwHIyQHRIMTp0=
80,-7,DDaB/wa7L/YWVcbK3Fa7/SN8S2w=,+hqd7ybY7dkUD4WwHIyQHRIMTp0=
87,-15,DDaB/wa7L/YWVcbK3Fa7/SN8S2w=,+hqd7ybY7dkUD4WwHIyQHRIMTp0=
80,-6,DDaB/wa7L/YWVcbK3Fa7/SN8S2w=,+hqd7ybY7dkUD4WwHIyQHRIMTp0=
80,-8,DDaB/wa7L/YWVcbK3Fa7/SN8S2w=,+hqd7ybY7dkUD4WwHIyQHRIMTp0=
87,-16,DDaB/wa7L/YWVcbK3Fa7/SN8S2w=,+hqd7ybY7dkUD4WwHIyQHRIMTp0=
80,-5,DDaB/wa7L/YWVcbK3Fa7/SN8S2w=,+hqd7ybY7dkUD4WwHIyQHRIMTp0=
81,-11,DDaB/wa7L/YWVcbK3Fa7/SN8S2w=,+hqd7ybY7dkUD4WwHIyQHRIMTp0=
80,-14,DDaB/wa7L/YWVcbK3Fa7/SN8S2w=,+hqd7ybY7dkUD4WwHIyQHRIMTp0=
80,-13,DDaB/wa7L/YWVcbK3Fa7/SN8S2w=,+hqd7ybY7dkUD4WwHIyQHRIMTp0=
82,-11,DDaB/wa7L/YWVcbK3Fa7/SN8S2w=,+hqd7ybY7dkUD4WwHIyQHRIMTp0=
80,-4,DDaB/wa7L/YWVcbK3Fa7/SN8S2w=,+hqd7ybY7dkUD4WwHIyQHRIMTp0=
80,-15,DDaB/wa7L/YWVcbK3Fa7/SN8S2w=,+hqd7ybY7dkUD4WwHIyQHRIMTp0=
83,-11,DDaB/wa7L/YWVcbK3Fa7/SN8S2w=,+hqd7ybY7dkUD4WwHIyQHRIMTp0=
84,-11,DDaB/wa7L/YWVcbK3Fa7/SN8S2w=,+hqd7ybY7dkUD4WwHIyQHRIMTp0=
83,-15,DDaB/wa7L/YWVcbK3Fa7/SN8S2w=,+hqd7ybY7dkUD4WwHIyQHRIMTp0=
83,-14,DDaB/wa7L/YWVcbK3Fa7/SN8S2w=,+hqd7ybY7dkUD4WwHIyQHRIMTp0=
85,-11,DDaB/wa7L/YWVcbK3Fa7/SN8S2w=,+hqd7ybY7dkUD4WwHIyQHRIMTp0=
86,-11,DDaB/wa7L/YWVcbK3Fa7/SN8S2w=,+hqd7ybY7dkUD4WwHIyQHRIMTp0=
82,-15,DDaB/wa7L/YWVcbK3Fa7/SN8S2w=,+hqd7ybY7dkUD4WwHIyQHRIMTp0=
82,-14,DDaB/wa7L/YWVcbK3Fa7/SN8S2w=,+hqd7ybY7dkUD4WwHIyQHRIMTp0=
87,-11,DDaB/wa7L/YWVcbK3Fa7/SN8S2w=,+hqd7ybY7dkUD4WwHIyQHRIMTp0=
81,-14,DDaB/wa7L/YWVcbK3Fa7/SN8S2w=,+hqd7ybY7dkUD4WwHIyQHRIMTp0=
81,-10,DDaB/wa7L/YWVcbK3Fa7/SN8S2w=,+hqd7ybY7dkUD4WwHIyQHRIMTp0=
81,-15,DDaB/wa7L/YWVcbK3Fa7/SN8S2w=,+hqd7ybY7dkUD4WwHIyQHRIMTp0=
82,-16,DDaB/wa7L/YWVcbK3Fa7/SN8S2w=,+hqd7ybY7dkUD4WwHIyQHRIMTp0=
82,-10,DDaB/wa7L/YWVcbK3Fa7/SN8S2w=,+hqd7ybY7dkUD4WwHIyQHRIMTp0=
81,-6,DDaB/wa7L/YWVcbK3Fa7/SN8S2w=,+hqd7ybY7dkUD4WwHIyQHRIMTp0=
82,-6,DDaB/wa7L/YWVcbK3Fa7/SN8S2w=,+hqd7ybY7dkUD4WwHIyQHRIMTp0=
83,-7,DDaB/wa7L/YWVcbK3Fa7/SN8S2w=,+hqd7ybY7dkUD4WwHIyQHRIMTp0=
83,-10,DDaB/wa7L/YWVcbK3Fa7/SN8S2w=,+hqd7ybY7dkUD4WwHIyQHRIMTp0=
82,-7,DDaB/wa7L/YWVcbK3Fa7/SN8S2w=,+hqd7ybY7dkUD4WwHIyQHRIMTp0=
81,-7,DDaB/wa7L/YWVcbK3Fa7/SN8S2w=,+hqd7ybY7dkUD4WwHIyQHRIMTp0=
85,-8,DDaB/wa7L/YWVcbK3Fa7/SN8S2w=,+hqd7ybY7dkUD4WwHIyQHRIMTp0=
84,-10,DDaB/wa7L/YWVcbK3Fa7/SN8S2w=,+hqd7ybY7dkUD4WwHIyQHRIMTp0=
84,-8,DDaB/wa7L/YWVcbK3Fa7/SN8S2w=,+hqd7ybY7dkUD4WwHIyQHRIMTp0=
83,-8,DDaB/wa7L/YWVcbK3Fa7/SN8S2w=,+hqd7ybY7dkUD4WwHIyQHRIMTp0=
81,-8,DDaB/wa7L/YWVcbK3Fa7/SN8S2w=,+hqd7ybY7dkUD4WwHIyQHRIMTp0=
85,-10,DDaB/wa7L/YWVcbK3Fa7/SN8S2w=,+hqd7ybY7dkUD4WwHIyQHRIMTp0=
86,-9,DDaB/wa7L/YWVcbK3Fa7/SN8S2w=,+hqd7ybY7dkUD4WwHIyQHRIMTp0=
82,-8,DDaB/wa7L/YWVcbK3Fa7/SN8S2w=,+hqd7ybY7dkUD4WwHIyQHRIMTp0=
86,-10,DDaB/wa7L/YWVcbK3Fa7/SN8S2w=,+hqd7ybY7dkUD4WwHIyQHRIMTp0=
84,-9,DDaB/wa7L/YWVcbK3Fa7/SN8S2w=,+hqd7ybY7dkUD4WwHIyQHRIMTp0=
85,-9,DDaB/wa7L/YWVcbK3Fa7/SN8S2w=,+hqd7ybY7dkUD4WwHIyQHRIMTp0=
81,-9,DDaB/wa7L/YWVcbK3Fa7/SN8S2w=,+hqd7ybY7dkUD4WwHIyQHRIMTp0=
83,-9,DDaB/wa7L/YWVcbK3Fa7/SN8S2w=,+hqd7ybY7dkUD4WwHIyQHRIMTp0=
82,-9,DDaB/wa7L/YWVcbK3Fa7/SN8S2w=,+hqd7ybY7dkUD4WwHIyQHRIMTp0=
87,-29,0ZqC6vfI+24nA32w8eC/R5GebhE=,NoJ9Mk6aiMmJlDV15Z6luoazRXk=
86,-29,0ZqC6vfI+24nA32w8eC/R5GebhE=,NoJ9Mk6aiMmJlDV15Z6luoazRXk=
85,-32,0ZqC6vfI+24nA32w8eC/R5GebhE=,NoJ9Mk6aiMmJlDV15Z6luoazRXk=
86,-30,0ZqC6vfI+24nA32w8eC/R5GebhE=,NoJ9Mk6aiMmJlDV15Z6luoazRXk=
85,-30,0ZqC6vfI+24nA32w8eC/R5GebhE=,NoJ9Mk6aiMmJlDV15Z6luoazRXk=
83,-32,0ZqC6vfI+24nA32w8eC/R5GebhE=,NoJ9Mk6aiMmJlDV15Z6luoazRXk=
85,-29,0ZqC6vfI+24nA32w8eC/R5GebhE=,NoJ9Mk6aiMmJlDV15Z6luoazRXk=
84,-29,0ZqC6vfI+24nA32w8eC/R5GebhE=,NoJ9Mk6aiMmJlDV15Z6luoazRXk=
83,-29,0ZqC6vfI+24nA32w8eC/R5GebhE=,NoJ9Mk6aiMmJlDV15Z6luoazRXk=
85,-31,0ZqC6vfI+24nA32w8eC/R5GebhE=,NoJ9Mk6aiMmJlDV15Z6luoazRXk=
84,-31,0ZqC6vfI+24nA32w8eC/R5GebhE=,NoJ9Mk6aiMmJlDV15Z6luoazRXk=
82,-29,0ZqC6vfI+24nA32w8eC/R5GebhE=,NoJ9Mk6aiMmJlDV15Z6luoazRXk=
81,-32,Ed10MB68d5HfpeHHD+BRhJf8YTE=,NoJ9Mk6aiMmJlDV15Z6luoazRXk=
84,-30,Ed10MB68d5HfpeHHD+BRhJf8YTE=,NoJ9Mk6aiMmJlDV15Z6luoazRXk=
81,-29,Ed10MB68d5HfpeHHD+BRhJf8YTE=,NoJ9Mk6aiMmJlDV15Z6luoazRXk=
84,-32,Ed10MB68d5HfpeHHD+BRhJf8YTE=,NoJ9Mk6aiMmJlDV15Z6luoazRXk=
83,-30,Ed10MB68d5HfpeHHD+BRhJf8YTE=,NoJ9Mk6aiMmJlDV15Z6luoazRXk=
95,-18,Ed10MB68d5HfpeHHD+BRhJf8YTE=,NoJ9Mk6aiMmJlDV15Z6luoazRXk=
94,-18,Ed10MB68d5HfpeHHD+BRhJf8YTE=,NoJ9Mk6aiMmJlDV15Z6luoazRXk=
93,-18,Ed10MB68d5HfpeHHD+BRhJf8YTE=,NoJ9Mk6aiMmJlDV15Z6luoazRXk=
92,-18,Ed10MB68d5HfpeHHD+BRhJf8YTE=,NoJ9Mk6aiMmJlDV15Z6luoazRXk=
91,-18,Ed10MB68d5HfpeHHD+BRhJf8YTE=,NoJ9Mk6aiMmJlDV15Z6luoazRXk=
90,-18,Ed10MB68d5HfpeHHD+BRhJf8YTE=,NoJ9Mk6aiMmJlDV15Z6luoazRXk=
89,-18,Ed10MB68d5HfpeHHD+BRhJf8YTE=,NoJ9Mk6aiMmJlDV15Z6luoazRXk=
83,-31,Ed10MB68d5HfpeHHD+BRhJf8YTE=,NoJ9Mk6aiMmJlDV15Z6luoazRXk=
82,-30,Q3tBQBdRKM7FQJOT0saa+dCu3+E=,NoJ9Mk6aiMmJlDV15Z6luoazRXk=
95,-19,Q3tBQBdRKM7FQJOT0saa+dCu3+E=,NoJ9Mk6aiMmJlDV15Z6luoazRXk=
94,-19,Q3tBQBdRKM7FQJOT0saa+dCu3+E=,NoJ9Mk6aiMmJlDV15Z6luoazRXk=
93,-19,Q3tBQBdRKM7FQJOT0saa+dCu3+E=,NoJ9Mk6aiMmJlDV15Z6luoazRXk=
92,-19,Q3tBQBdRKM7FQJOT0saa+dCu3+E=,NoJ9Mk6aiMmJlDV15Z6luoazRXk=
91,-19,Q3tBQBdRKM7FQJOT0saa+dCu3+E=,NoJ9Mk6aiMmJlDV15Z6luoazRXk=
90,-19,Q3tBQBdRKM7FQJOT0saa+dCu3+E=,NoJ9Mk6aiMmJlDV15Z6luoazRXk=
89,-19,Q3tBQBdRKM7FQJOT0saa+dCu3+E=,NoJ9Mk6aiMmJlDV15Z6luoazRXk=
88,-19,Q3tBQBdRKM7FQJOT0saa+dCu3+E=,NoJ9Mk6aiMmJlDV15Z6luoazRXk=
82,-31,Q3tBQBdRKM7FQJOT0saa+dCu3+E=,NoJ9Mk6aiMmJlDV15Z6luoazRXk=
81,-30,Q3tBQBdRKM7FQJOT0saa+dCu3+E=,NoJ9Mk6aiMmJlDV15Z6luoazRXk=
95,-20,Q3tBQBdRKM7FQJOT0saa+dCu3+E=,NoJ9Mk6aiMmJlDV15Z6luoazRXk=
94,-20,Q3tBQBdRKM7FQJOT0saa+dCu3+E=,NoJ9Mk6aiMmJlDV15Z6luoazRXk=
93,-20,Q3tBQBdRKM7FQJOT0saa+dCu3+E=,NoJ9Mk6aiMmJlDV15Z6luoazRXk=
92,-20,Q3tBQBdRKM7FQJOT0saa+dCu3+E=,NoJ9Mk6aiMmJlDV15Z6luoazRXk=
91,-20,Q3tBQBdRKM7FQJOT0saa+dCu3+E=,NoJ9Mk6aiMmJlDV15Z6luoazRXk=
90,-20,Q3tBQBdRKM7FQJOT0saa+dCu3+E=,NoJ9Mk6aiMmJlDV15Z6luoazRXk=
89,-20,Q3tBQBdRKM7FQJOT0saa+dCu3+E=,NoJ9Mk6aiMmJlDV15Z6luoazRXk=
88,-20,Q3tBQBdRKM7FQJOT0saa+dCu3+E=,NoJ9Mk6aiMmJlDV15Z6luoazRXk=
87,-20,Q3tBQBdRKM7FQJOT0saa+dCu3+E=,NoJ9Mk6aiMmJlDV15Z6luoazRXk=
86,-20,Q3tBQBdRKM7FQJOT0saa+dCu3+E=,NoJ9Mk6aiMmJlDV15Z6luoazRXk=
84,-20,Q3tBQBdRKM7FQJOT0saa+dCu3+E=,NoJ9Mk6aiMmJlDV15Z6luoazRXk=
85,-20,Q3tBQBdRKM7FQJOT0saa+dCu3+E=,NoJ9Mk6aiMmJlDV15Z6luoazRXk=
83,-20,Q3tBQBdRKM7FQJOT0saa+dCu3+E=,NoJ9Mk6aiMmJlDV15Z6luoazRXk=
82,-20,Q3tBQBdRKM7FQJOT0saa+dCu3+E=,NoJ9Mk6aiMmJlDV15Z6luoazRXk=
81,-20,Q3tBQBdRKM7FQJOT0saa+dCu3+E=,NoJ9Mk6aiMmJlDV15Z6luoazRXk=
81,-31,Q3tBQBdRKM7FQJOT0saa+dCu3+E=,NoJ9Mk6aiMmJlDV15Z6luoazRXk=
95,-30,Q3tBQBdRKM7FQJOT0saa+dCu3+E=,NoJ9Mk6aiMmJlDV15Z6luoazRXk=
82,-32,Q3tBQBdRKM7FQJOT0saa+dCu3+E=,NoJ9Mk6aiMmJlDV15Z6luoazRXk=
94,-32,Q3tBQBdRKM7FQJOT0saa+dCu3+E=,NoJ9Mk6aiMmJlDV15Z6luoazRXk=
95,-31,Q3tBQBdRKM7FQJOT0saa+dCu3+E=,NoJ9Mk6aiMmJlDV15Z6luoazRXk=
95,-21,Q3tBQBdRKM7FQJOT0saa+dCu3+E=,NoJ9Mk6aiMmJlDV15Z6luoazRXk=
94,-31,Q3tBQBdRKM7FQJOT0saa+dCu3+E=,NoJ9Mk6aiMmJlDV15Z6luoazRXk=
94,-21,Q3tBQBdRKM7FQJOT0saa+dCu3+E=,NoJ9Mk6aiMmJlDV15Z6luoazRXk=
93,-21,Q3tBQBdRKM7FQJOT0saa+dCu3+E=,NoJ9Mk6aiMmJlDV15Z6luoazRXk=
92,-21,Q3tBQBdRKM7FQJOT0saa+dCu3+E=,NoJ9Mk6aiMmJlDV15Z6luoazRXk=
91,-21,Q3tBQBdRKM7FQJOT0saa+dCu3+E=,NoJ9Mk6aiMmJlDV15Z6luoazRXk=
90,-21,Q3tBQBdRKM7FQJOT0saa+dCu3+E=,NoJ9Mk6aiMmJlDV15Z6luoazRXk=
89,-21,Q3tBQBdRKM7FQJOT0saa+dCu3+E=,NoJ9Mk6aiMmJlDV15Z6luoazRXk=
88,-21,Q3tBQBdRKM7FQJOT0saa+dCu3+E=,NoJ9Mk6aiMmJlDV15Z6luoazRXk=
87,-21,Q3tBQBdRKM7FQJOT0saa+dCu3+E=,NoJ9Mk6aiMmJlDV15Z6luoazRXk=
86,-21,Q3tBQBdRKM7FQJOT0saa+dCu3+E=,NoJ9Mk6aiMmJlDV15Z6luoazRXk=
85,-21,Q3tBQBdRKM7FQJOT0saa+dCu3+E=,NoJ9Mk6aiMmJlDV15Z6luoazRXk=
84,-21,Q3tBQBdRKM7FQJOT0saa+dCu3+E=,NoJ9Mk6aiMmJlDV15Z6luoazRXk=
83,-21,Q3tBQBdRKM7FQJOT0saa+dCu3+E=,NoJ9Mk6aiMmJlDV15Z6luoazRXk=
82,-21,Q3tBQBdRKM7FQJOT0saa+dCu3+E=,NoJ9Mk6aiMmJlDV15Z6luoazRXk=
93,-32,Q3tBQBdRKM7FQJOT0saa+dCu3+E=,NoJ9Mk6aiMmJlDV15Z6luoazRXk=
81,-21,Q3tBQBdRKM7FQJOT0saa+dCu3+E=,NoJ9Mk6aiMmJlDV15Z6luoazRXk=
94,-30,Q3tBQBdRKM7FQJOT0saa+dCu3+E=,NoJ9Mk6aiMmJlDV15Z6luoazRXk=
95,-22,Q3tBQBdRKM7FQJOT0saa+dCu3+E=,NoJ9Mk6aiMmJlDV15Z6luoazRXk=
93,-31,Q3tBQBdRKM7FQJOT0saa+dCu3+E=,NoJ9Mk6aiMmJlDV15Z6luoazRXk=
94,-22,Q3tBQBdRKM7FQJOT0saa+dCu3+E=,NoJ9Mk6aiMmJlDV15Z6luoazRXk=
93,-22,Q3tBQBdRKM7FQJOT0saa+dCu3+E=,NoJ9Mk6aiMmJlDV15Z6luoazRXk=
92,-22,Q3tBQBdRKM7FQJOT0saa+dCu3+E=,NoJ9Mk6aiMmJlDV15Z6luoazRXk=
91,-22,Q3tBQBdRKM7FQJOT0saa+dCu3+E=,NoJ9Mk6aiMmJlDV15Z6luoazRXk=
90,-22,Q3tBQBdRKM7FQJOT0saa+dCu3+E=,NoJ9Mk6aiMmJlDV15Z6luoazRXk=
89,-22,Q3tBQBdRKM7FQJOT0saa+dCu3+E=,NoJ9Mk6aiMmJlDV15Z6luoazRXk=
87,-22,Q3tBQBdRKM7FQJOT0saa+dCu3+E=,NoJ9Mk6aiMmJlDV15Z6luoazRXk=
88,-22,Q3tBQBdRKM7FQJOT0saa+dCu3+E=,NoJ9Mk6aiMmJlDV15Z6luoazRXk=
86,-22,Q3tBQBdRKM7FQJOT0saa+dCu3+E=,NoJ9Mk6aiMmJlDV15Z6luoazRXk=
85,-22,Q3tBQBdRKM7FQJOT0saa+dCu3+E=,NoJ9Mk6aiMmJlDV15Z6luoazRXk=
84,-22,Q3tBQBdRKM7FQJOT0saa+dCu3+E=,NoJ9Mk6aiMmJlDV15Z6luoazRXk=
83,-22,Q3tBQBdRKM7FQJOT0saa+dCu3+E=,NoJ9Mk6aiMmJlDV15Z6luoazRXk=
82,-22,Q3tBQBdRKM7FQJOT0saa+dCu3+E=,NoJ9Mk6aiMmJlDV15Z6luoazRXk=
81,-22,Q3tBQBdRKM7FQJOT0saa+dCu3+E=,NoJ9Mk6aiMmJlDV15Z6luoazRXk=
92,-32,Q3tBQBdRKM7FQJOT0saa+dCu3+E=,NoJ9Mk6aiMmJlDV15Z6luoazRXk=
93,-30,Q3tBQBdRKM7FQJOT0saa+dCu3+E=,NoJ9Mk6aiMmJlDV15Z6luoazRXk=
95,-23,Q3tBQBdRKM7FQJOT0saa+dCu3+E=,NoJ9Mk6aiMmJlDV15Z6luoazRXk=
92,-31,Q3tBQBdRKM7FQJOT0saa+dCu3+E=,NoJ9Mk6aiMmJlDV15Z6luoazRXk=
94,-23,Q3tBQBdRKM7FQJOT0saa+dCu3+E=,NoJ9Mk6aiMmJlDV15Z6luoazRXk=
93,-23,Q3tBQBdRKM7FQJOT0saa+dCu3+E=,NoJ9Mk6aiMmJlDV15Z6luoazRXk=
92,-23,Q3tBQBdRKM7FQJOT0saa+dCu3+E=,NoJ9Mk6aiMmJlDV15Z6luoazRXk=
91,-23,Q3tBQBdRKM7FQJOT0saa+dCu3+E=,NoJ9Mk6aiMmJlDV15Z6luoazRXk=
90,-23,Q3tBQBdRKM7FQJOT0saa+dCu3+E=,NoJ9Mk6aiMmJlDV15Z6luoazRXk=
89,-23,Q3tBQBdRKM7FQJOT0saa+dCu3+E=,NoJ9Mk6aiMmJlDV15Z6luoazRXk=
87,-23,Q3tBQBdRKM7FQJOT0saa+dCu3+E=,NoJ9Mk6aiMmJlDV15Z6luoazRXk=
88,-23,Q3tBQBdRKM7FQJOT0saa+dCu3+E=,NoJ9Mk6aiMmJlDV15Z6luoazRXk=
86,-23,Q3tBQBdRKM7FQJOT0saa+dCu3+E=,NoJ9Mk6aiMmJlDV15Z6luoazRXk=
85,-23,Q3tBQBdRKM7FQJOT0saa+dCu3+E=,NoJ9Mk6aiMmJlDV15Z6luoazRXk=
84,-23,Q3tBQBdRKM7FQJOT0saa+dCu3+E=,NoJ9Mk6aiMmJlDV15Z6luoazRXk=
83,-23,Q3tBQBdRKM7FQJOT0saa+dCu3+E=,NoJ9Mk6aiMmJlDV15Z6luoazRXk=
82,-23,Q3tBQBdRKM7FQJOT0saa+dCu3+E=,NoJ9Mk6aiMmJlDV15Z6luoazRXk=
81,-23,Q3tBQBdRKM7FQJOT0saa+dCu3+E=,NoJ9Mk6aiMmJlDV15Z6luoazRXk=
91,-32,Q3tBQBdRKM7FQJOT0saa+dCu3+E=,NoJ9Mk6aiMmJlDV15Z6luoazRXk=
92,-30,Q3tBQBdRKM7FQJOT0saa+dCu3+E=,NoJ9Mk6aiMmJlDV15Z6luoazRXk=
95,-24,Q3tBQBdRKM7FQJOT0saa+dCu3+E=,NoJ9Mk6aiMmJlDV15Z6luoazRXk=
91,-31,Q3tBQBdRKM7FQJOT0saa+dCu3+E=,NoJ9Mk6aiMmJlDV15Z6luoazRXk=
94,-24,Q3tBQBdRKM7FQJOT0saa+dCu3+E=,NoJ9Mk6aiMmJlDV15Z6luoazRXk=
92,-24,Q3tBQBdRKM7FQJOT0saa+dCu3+E=,NoJ9Mk6aiMmJlDV15Z6luoazRXk=
93,-24,Q3tBQBdRKM7FQJOT0saa+dCu3+E=,NoJ9Mk6aiMmJlDV15Z6luoazRXk=
91,-24,Q3tBQBdRKM7FQJOT0saa+dCu3+E=,NoJ9Mk6aiMmJlDV15Z6luoazRXk=
90,-24,Q3tBQBdRKM7FQJOT0saa+dCu3+E=,NoJ9Mk6aiMmJlDV15Z6luoazRXk=
89,-24,Q3tBQBdRKM7FQJOT0saa+dCu3+E=,NoJ9Mk6aiMmJlDV15Z6luoazRXk=
88,-24,Q3tBQBdRKM7FQJOT0saa+dCu3+E=,NoJ9Mk6aiMmJlDV15Z6luoazRXk=
87,-24,Q3tBQBdRKM7FQJOT0saa+dCu3+E=,NoJ9Mk6aiMmJlDV15Z6luoazRXk=
86,-24,Q3tBQBdRKM7FQJOT0saa+dCu3+E=,NoJ9Mk6aiMmJlDV15Z6luoazRXk=
85,-24,Q3tBQBdRKM7FQJOT0saa+dCu3+E=,NoJ9Mk6aiMmJlDV15Z6luoazRXk=
84,-24,Q3tBQBdRKM7FQJOT0saa+dCu3+E=,NoJ9Mk6aiMmJlDV15Z6luoazRXk=
83,-24,Q3tBQBdRKM7FQJOT0saa+dCu3+E=,NoJ9Mk6aiMmJlDV15Z6luoazRXk=
91,-30,Q3tBQBdRKM7FQJOT0saa+dCu3+E=,NoJ9Mk6aiMmJlDV15Z6luoazRXk=
90,-32,Q3tBQBdRKM7FQJOT0saa+dCu3+E=,NoJ9Mk6aiMmJlDV15Z6luoazRXk=
95,-25,Q3tBQBdRKM7FQJOT0saa+dCu3+E=,NoJ9Mk6aiMmJlDV15Z6luoazRXk=
90,-31,Q3tBQBdRKM7FQJOT0saa+dCu3+E=,NoJ9Mk6aiMmJlDV15Z6luoazRXk=
94,-25,Q3tBQBdRKM7FQJOT0saa+dCu3+E=,NoJ9Mk6aiMmJlDV15Z6luoazRXk=
93,-25,Q3tBQBdRKM7FQJOT0saa+dCu3+E=,NoJ9Mk6aiMmJlDV15Z6luoazRXk=
92,-25,Q3tBQBdRKM7FQJOT0saa+dCu3+E=,NoJ9Mk6aiMmJlDV15Z6luoazRXk=
91,-25,Q3tBQBdRKM7FQJOT0saa+dCu3+E=,NoJ9Mk6aiMmJlDV15Z6luoazRXk=
90,-25,Q3tBQBdRKM7FQJOT0saa+dCu3+E=,NoJ9Mk6aiMmJlDV15Z6luoazRXk=
89,-25,Q3tBQBdRKM7FQJOT0saa+dCu3+E=,NoJ9Mk6aiMmJlDV15Z6luoazRXk=
88,-25,Q3tBQBdRKM7FQJOT0saa+dCu3+E=,NoJ9Mk6aiMmJlDV15Z6luoazRXk=
87,-25,Q3tBQBdRKM7FQJOT0saa+dCu3+E=,NoJ9Mk6aiMmJlDV15Z6luoazRXk=
90,-30,Q3tBQBdRKM7FQJOT0saa+dCu3+E=,NoJ9Mk6aiMmJlDV15Z6luoazRXk=
89,-32,Q3tBQBdRKM7FQJOT0saa+dCu3+E=,NoJ9Mk6aiMmJlDV15Z6luoazRXk=
95,-26,Q3tBQBdRKM7FQJOT0saa+dCu3+E=,NoJ9Mk6aiMmJlDV15Z6luoazRXk=
89,-31,Q3tBQBdRKM7FQJOT0saa+dCu3+E=,NoJ9Mk6aiMmJlDV15Z6luoazRXk=
94,-26,Q3tBQBdRKM7FQJOT0saa+dCu3+E=,NoJ9Mk6aiMmJlDV15Z6luoazRXk=
93,-26,Q3tBQBdRKM7FQJOT0saa+dCu3+E=,NoJ9Mk6aiMmJlDV15Z6luoazRXk=
92,-26,Q3tBQBdRKM7FQJOT0saa+dCu3+E=,NoJ9Mk6aiMmJlDV15Z6luoazRXk=
91,-26,Q3tBQBdRKM7FQJOT0saa+dCu3+E=,NoJ9Mk6aiMmJlDV15Z6luoazRXk=
90,-26,Q3tBQBdRKM7FQJOT0saa+dCu3+E=,NoJ9Mk6aiMmJlDV15Z6luoazRXk=
89,-26,Q3tBQBdRKM7FQJOT0saa+dCu3+E=,NoJ9Mk6aiMmJlDV15Z6luoazRXk=
88,-26,Q3tBQBdRKM7FQJOT0saa+dCu3+E=,NoJ9Mk6aiMmJlDV15Z6luoazRXk=
87,-26,Q3tBQBdRKM7FQJOT0saa+dCu3+E=,NoJ9Mk6aiMmJlDV15Z6luoazRXk=
84,-26,Q3tBQBdRKM7FQJOT0saa+dCu3+E=,NoJ9Mk6aiMmJlDV15Z6luoazRXk=
89,-30,Q3tBQBdRKM7FQJOT0saa+dCu3+E=,NoJ9Mk6aiMmJlDV15Z6luoazRXk=
88,-32,Q3tBQBdRKM7FQJOT0saa+dCu3+E=,NoJ9Mk6aiMmJlDV15Z6luoazRXk=
88,-31,Q3tBQBdRKM7FQJOT0saa+dCu3+E=,NoJ9Mk6aiMmJlDV15Z6luoazRXk=
95,-27,Q3tBQBdRKM7FQJOT0saa+dCu3+E=,NoJ9Mk6aiMmJlDV15Z6luoazRXk=
94,-27,Q3tBQBdRKM7FQJOT0saa+dCu3+E=,NoJ9Mk6aiMmJlDV15Z6luoazRXk=
93,-27,Q3tBQBdRKM7FQJOT0saa+dCu3+E=,NoJ9Mk6aiMmJlDV15Z6luoazRXk=
92,-27,Q3tBQBdRKM7FQJOT0saa+dCu3+E=,NoJ9Mk6aiMmJlDV15Z6luoazRXk=
91,-27,Q3tBQBdRKM7FQJOT0saa+dCu3+E=,NoJ9Mk6aiMmJlDV15Z6luoazRXk=
90,-27,Q3tBQBdRKM7FQJOT0saa+dCu3+E=,NoJ9Mk6aiMmJlDV15Z6luoazRXk=
89,-27,Q3tBQBdRKM7FQJOT0saa+dCu3+E=,NoJ9Mk6aiMmJlDV15Z6luoazRXk=
88,-27,Q3tBQBdRKM7FQJOT0saa+dCu3+E=,NoJ9Mk6aiMmJlDV15Z6luoazRXk=
87,-27,Q3tBQBdRKM7FQJOT0saa+dCu3+E=,NoJ9Mk6aiMmJlDV15Z6luoazRXk=
86,-27,Q3tBQBdRKM7FQJOT0saa+dCu3+E=,NoJ9Mk6aiMmJlDV15Z6luoazRXk=
85,-27,Q3tBQBdRKM7FQJOT0saa+dCu3+E=,NoJ9Mk6aiMmJlDV15Z6luoazRXk=
84,-27,Q3tBQBdRKM7FQJOT0saa+dCu3+E=,NoJ9Mk6aiMmJlDV15Z6luoazRXk=
83,-27,Q3tBQBdRKM7FQJOT0saa+dCu3+E=,NoJ9Mk6aiMmJlDV15Z6luoazRXk=
82,-27,Q3tBQBdRKM7FQJOT0saa+dCu3+E=,NoJ9Mk6aiMmJlDV15Z6luoazRXk=
81,-27,Q3tBQBdRKM7FQJOT0saa+dCu3+E=,NoJ9Mk6aiMmJlDV15Z6luoazRXk=
87,-32,Q3tBQBdRKM7FQJOT0saa+dCu3+E=,NoJ9Mk6aiMmJlDV15Z6luoazRXk=
88,-30,Q3tBQBdRKM7FQJOT0saa+dCu3+E=,NoJ9Mk6aiMmJlDV15Z6luoazRXk=
95,-28,Q3tBQBdRKM7FQJOT0saa+dCu3+E=,NoJ9Mk6aiMmJlDV15Z6luoazRXk=
87,-31,Q3tBQBdRKM7FQJOT0saa+dCu3+E=,NoJ9Mk6aiMmJlDV15Z6luoazRXk=
93,-28,Q3tBQBdRKM7FQJOT0saa+dCu3+E=,NoJ9Mk6aiMmJlDV15Z6luoazRXk=
94,-28,Q3tBQBdRKM7FQJOT0saa+dCu3+E=,NoJ9Mk6aiMmJlDV15Z6luoazRXk=
92,-28,Q3tBQBdRKM7FQJOT0saa+dCu3+E=,NoJ9Mk6aiMmJlDV15Z6luoazRXk=
91,-28,Q3tBQBdRKM7FQJOT0saa+dCu3+E=,NoJ9Mk6aiMmJlDV15Z6luoazRXk=
90,-28,Q3tBQBdRKM7FQJOT0saa+dCu3+E=,NoJ9Mk6aiMmJlDV15Z6luoazRXk=
89,-28,Q3tBQBdRKM7FQJOT0saa+dCu3+E=,NoJ9Mk6aiMmJlDV15Z6luoazRXk=
88,-28,Q3tBQBdRKM7FQJOT0saa+dCu3+E=,NoJ9Mk6aiMmJlDV15Z6luoazRXk=
87,-28,Q3tBQBdRKM7FQJOT0saa+dCu3+E=,NoJ9Mk6aiMmJlDV15Z6luoazRXk=
86,-28,Q3tBQBdRKM7FQJOT0saa+dCu3+E=,NoJ9Mk6aiMmJlDV15Z6luoazRXk=
85,-28,Q3tBQBdRKM7FQJOT0saa+dCu3+E=,NoJ9Mk6aiMmJlDV15Z6luoazRXk=
84,-28,Q3tBQBdRKM7FQJOT0saa+dCu3+E=,NoJ9Mk6aiMmJlDV15Z6luoazRXk=
83,-28,Q3tBQBdRKM7FQJOT0saa+dCu3+E=,NoJ9Mk6aiMmJlDV15Z6luoazRXk=
81,-28,Q3tBQBdRKM7FQJOT0saa+dCu3+E=,NoJ9Mk6aiMmJlDV15Z6luoazRXk=
82,-28,Q3tBQBdRKM7FQJOT0saa+dCu3+E=,NoJ9Mk6aiMmJlDV15Z6luoazRXk=
86,-32,Q3tBQBdRKM7FQJOT0saa+dCu3+E=,NoJ9Mk6aiMmJlDV15Z6luoazRXk=
87,-30,Q3tBQBdRKM7FQJOT0saa+dCu3+E=,NoJ9Mk6aiMmJlDV15Z6luoazRXk=
95,-29,Q3tBQBdRKM7FQJOT0saa+dCu3+E=,NoJ9Mk6aiMmJlDV15Z6luoazRXk=
86,-31,Q3tBQBdRKM7FQJOT0saa+dCu3+E=,NoJ9Mk6aiMmJlDV15Z6luoazRXk=
94,-29,Q3tBQBdRKM7FQJOT0saa+dCu3+E=,NoJ9Mk6aiMmJlDV15Z6luoazRXk=
93,-29,Q3tBQBdRKM7FQJOT0saa+dCu3+E=,NoJ9Mk6aiMmJlDV15Z6luoazRXk=
92,-29,Q3tBQBdRKM7FQJOT0saa+dCu3+E=,NoJ9Mk6aiMmJlDV15Z6luoazRXk=
91,-29,Q3tBQBdRKM7FQJOT0saa+dCu3+E=,NoJ9Mk6aiMmJlDV15Z6luoazRXk=
90,-29,Q3tBQBdRKM7FQJOT0saa+dCu3+E=,NoJ9Mk6aiMmJlDV15Z6luoazRXk=
89,-29,Q3tBQBdRKM7FQJOT0saa+dCu3+E=,NoJ9Mk6aiMmJlDV15Z6luoazRXk=
88,-29,Q3tBQBdRKM7FQJOT0saa+dCu3+E=,NoJ9Mk6aiMmJlDV15Z6luoazRXk=
95,-32,Q3tBQBdRKM7FQJOT0saa+dCu3+E=,NoJ9Mk6aiMmJlDV15Z6luoazRXk=
91,-17,Q3tBQBdRKM7FQJOT0saa+dCu3+E=,NoJ9Mk6aiMmJlDV15Z6luoazRXk=
92,-17,Q3tBQBdRKM7FQJOT0saa+dCu3+E=,NoJ9Mk6aiMmJlDV15Z6luoazRXk=
93,-17,Q3tBQBdRKM7FQJOT0saa+dCu3+E=,NoJ9Mk6aiMmJlDV15Z6luoazRXk=
94,-17,Q3tBQBdRKM7FQJOT0saa+dCu3+E=,NoJ9Mk6aiMmJlDV15Z6luoazRXk=
95,-17,Q3tBQBdRKM7FQJOT0saa+dCu3+E=,NoJ9Mk6aiMmJlDV15Z6luoazRXk=
90,-17,Q3tBQBdRKM7FQJOT0saa+dCu3+E=,NoJ9Mk6aiMmJlDV15Z6luoazRXk=
89,-17,Q3tBQBdRKM7FQJOT0saa+dCu3+E=,NoJ9Mk6aiMmJlDV15Z6luoazRXk=
88,-18,Q3tBQBdRKM7FQJOT0saa+dCu3+E=,NoJ9Mk6aiMmJlDV15Z6luoazRXk=
88,-17,Q3tBQBdRKM7FQJOT0saa+dCu3+E=,NoJ9Mk6aiMmJlDV15Z6luoazRXk=
80,-28,Q3tBQBdRKM7FQJOT0saa+dCu3+E=,NoJ9Mk6aiMmJlDV15Z6luoazRXk=
80,-27,Q3tBQBdRKM7FQJOT0saa+dCu3+E=,NoJ9Mk6aiMmJlDV15Z6luoazRXk=
87,-17,Q3tBQBdRKM7FQJOT0saa+dCu3+E=,NoJ9Mk6aiMmJlDV15Z6luoazRXk=
87,-18,Q3tBQBdRKM7FQJOT0saa+dCu3+E=,NoJ9Mk6aiMmJlDV15Z6luoazRXk=
86,-17,Q3tBQBdRKM7FQJOT0saa+dCu3+E=,NoJ9Mk6aiMmJlDV15Z6luoazRXk=
80,-26,Q3tBQBdRKM7FQJOT0saa+dCu3+E=,NoJ9Mk6aiMmJlDV15Z6luoazRXk=
80,-17,Q3tBQBdRKM7FQJOT0saa+dCu3+E=,NoJ9Mk6aiMmJlDV15Z6luoazRXk=
86,-18,Q3tBQBdRKM7FQJOT0saa+dCu3+E=,NoJ9Mk6aiMmJlDV15Z6luoazRXk=
85,-17,Q3tBQBdRKM7FQJOT0saa+dCu3+E=,NoJ9Mk6aiMmJlDV15Z6luoazRXk=
84,-17,Q3tBQBdRKM7FQJOT0saa+dCu3+E=,NoJ9Mk6aiMmJlDV15Z6luoazRXk=
85,-18,Q3tBQBdRKM7FQJOT0saa+dCu3+E=,NoJ9Mk6aiMmJlDV15Z6luoazRXk=
80,-32,Q3tBQBdRKM7FQJOT0saa+dCu3+E=,NoJ9Mk6aiMmJlDV15Z6luoazRXk=
84,-18,Q3tBQBdRKM7FQJOT0saa+dCu3+E=,NoJ9Mk6aiMmJlDV15Z6luoazRXk=
80,-25,Q3tBQBdRKM7FQJOT0saa+dCu3+E=,NoJ9Mk6aiMmJlDV15Z6luoazRXk=
83,-17,Q3tBQBdRKM7FQJOT0saa+dCu3+E=,NoJ9Mk6aiMmJlDV15Z6luoazRXk=
83,-18,Q3tBQBdRKM7FQJOT0saa+dCu3+E=,NoJ9Mk6aiMmJlDV15Z6luoazRXk=
82,-17,Q3tBQBdRKM7FQJOT0saa+dCu3+E=,NoJ9Mk6aiMmJlDV15Z6luoazRXk=
82,-18,Q3tBQBdRKM7FQJOT0saa+dCu3+E=,NoJ9Mk6aiMmJlDV15Z6luoazRXk=
81,-18,Q3tBQBdRKM7FQJOT0saa+dCu3+E=,NoJ9Mk6aiMmJlDV15Z6luoazRXk=
81,-17,Q3tBQBdRKM7FQJOT0saa+dCu3+E=,NoJ9Mk6aiMmJlDV15Z6luoazRXk=
80,-18,Q3tBQBdRKM7FQJOT0saa+dCu3+E=,NoJ9Mk6aiMmJlDV15Z6luoazRXk=
80,-24,Q3tBQBdRKM7FQJOT0saa+dCu3+E=,NoJ9Mk6aiMmJlDV15Z6luoazRXk=
80,-23,Q3tBQBdRKM7FQJOT0saa+dCu3+E=,NoJ9Mk6aiMmJlDV15Z6luoazRXk=
80,-22,Q3tBQBdRKM7FQJOT0saa+dCu3+E=,NoJ9Mk6aiMmJlDV15Z6luoazRXk=
80,-21,Q3tBQBdRKM7FQJOT0saa+dCu3+E=,NoJ9Mk6aiMmJlDV15Z6luoazRXk=
80,-30,Q3tBQBdRKM7FQJOT0saa+dCu3+E=,NoJ9Mk6aiMmJlDV15Z6luoazRXk=
80,-29,Q3tBQBdRKM7FQJOT0saa+dCu3+E=,NoJ9Mk6aiMmJlDV15Z6luoazRXk=
80,-31,Q3tBQBdRKM7FQJOT0saa+dCu3+E=,NoJ9Mk6aiMmJlDV15Z6luoazRXk=
80,-19,Q3tBQBdRKM7FQJOT0saa+dCu3+E=,NoJ9Mk6aiMmJlDV15Z6luoazRXk=
81,-26,Q3tBQBdRKM7FQJOT0saa+dCu3+E=,NoJ9Mk6aiMmJlDV15Z6luoazRXk=
87,-19,Q3tBQBdRKM7FQJOT0saa+dCu3+E=,NoJ9Mk6aiMmJlDV15Z6luoazRXk=
80,-20,Q3tBQBdRKM7FQJOT0saa+dCu3+E=,NoJ9Mk6aiMmJlDV15Z6luoazRXk=
82,-26,Q3tBQBdRKM7FQJOT0saa+dCu3+E=,NoJ9Mk6aiMmJlDV15Z6luoazRXk=
86,-19,Q3tBQBdRKM7FQJOT0saa+dCu3+E=,NoJ9Mk6aiMmJlDV15Z6luoazRXk=
83,-26,Q3tBQBdRKM7FQJOT0saa+dCu3+E=,NoJ9Mk6aiMmJlDV15Z6luoazRXk=
85,-26,Q3tBQBdRKM7FQJOT0saa+dCu3+E=,NoJ9Mk6aiMmJlDV15Z6luoazRXk=
85,-19,Q3tBQBdRKM7FQJOT0saa+dCu3+E=,NoJ9Mk6aiMmJlDV15Z6luoazRXk=
84,-19,Q3tBQBdRKM7FQJOT0saa+dCu3+E=,NoJ9Mk6aiMmJlDV15Z6luoazRXk=
86,-26,Q3tBQBdRKM7FQJOT0saa+dCu3+E=,NoJ9Mk6aiMmJlDV15Z6luoazRXk=
82,-19,Q3tBQBdRKM7FQJOT0saa+dCu3+E=,NoJ9Mk6aiMmJlDV15Z6luoazRXk=
83,-19,Q3tBQBdRKM7FQJOT0saa+dCu3+E=,NoJ9Mk6aiMmJlDV15Z6luoazRXk=
81,-19,Q3tBQBdRKM7FQJOT0saa+dCu3+E=,NoJ9Mk6aiMmJlDV15Z6luoazRXk=
82,-24,Q3tBQBdRKM7FQJOT0saa+dCu3+E=,NoJ9Mk6aiMmJlDV15Z6luoazRXk=
86,-25,Q3tBQBdRKM7FQJOT0saa+dCu3+E=,NoJ9Mk6aiMmJlDV15Z6luoazRXk=
85,-25,Q3tBQBdRKM7FQJOT0saa+dCu3+E=,NoJ9Mk6aiMmJlDV15Z6luoazRXk=
84,-25,Q3tBQBdRKM7FQJOT0saa+dCu3+E=,NoJ9Mk6aiMmJlDV15Z6luoazRXk=
81,-24,Q3tBQBdRKM7FQJOT0saa+dCu3+E=,NoJ9Mk6aiMmJlDV15Z6luoazRXk=
81,-25,Q3tBQBdRKM7FQJOT0saa+dCu3+E=,NoJ9Mk6aiMmJlDV15Z6luoazRXk=
82,-25,Q3tBQBdRKM7FQJOT0saa+dCu3+E=,NoJ9Mk6aiMmJlDV15Z6luoazRXk=
83,-25,Q3tBQBdRKM7FQJOT0saa+dCu3+E=,NoJ9Mk6aiMmJlDV15Z6luoazRXk=
69,-32,Ta8PahjManNzj9/go/69yELSukM=,Cpj+IoQJcdeNwBJ/rdtInfZLuqQ=
70,-29,Ta8PahjManNzj9/go/69yELSukM=,Cpj+IoQJcdeNwBJ/rdtInfZLuqQ=
70,-30,Ta8PahjManNzj9/go/69yELSukM=,Cpj+IoQJcdeNwBJ/rdtInfZLuqQ=
69,-30,+4k6p4FtU1QAOfLy1O21M4FWKas=,Cpj+IoQJcdeNwBJ/rdtInfZLuqQ=
69,-29,+4k6p4FtU1QAOfLy1O21M4FWKas=,Cpj+IoQJcdeNwBJ/rdtInfZLuqQ=
67,-32,+4k6p4FtU1QAOfLy1O21M4FWKas=,Cpj+IoQJcdeNwBJ/rdtInfZLuqQ=
68,-29,+4k6p4FtU1QAOfLy1O21M4FWKas=,Cpj+IoQJcdeNwBJ/rdtInfZLuqQ=
67,-29,+4k6p4FtU1QAOfLy1O21M4FWKas=,Cpj+IoQJcdeNwBJ/rdtInfZLuqQ=
69,-31,+4k6p4FtU1QAOfLy1O21M4FWKas=,Cpj+IoQJcdeNwBJ/rdtInfZLuqQ=
68,-31,jP6WR76/yStTCDgwpoMrRIPN254=,Cpj+IoQJcdeNwBJ/rdtInfZLuqQ=
65,-32,jP6WR76/yStTCDgwpoMrRIPN254=,Cpj+IoQJcdeNwBJ/rdtInfZLuqQ=
66,-29,jP6WR76/yStTCDgwpoMrRIPN254=,Cpj+IoQJcdeNwBJ/rdtInfZLuqQ=
68,-30,jP6WR76/yStTCDgwpoMrRIPN254=,Cpj+IoQJcdeNwBJ/rdtInfZLuqQ=
71,-29,jP6WR76/yStTCDgwpoMrRIPN254=,Cpj+IoQJcdeNwBJ/rdtInfZLuqQ=
79,-17,jP6WR76/yStTCDgwpoMrRIPN254=,Cpj+IoQJcdeNwBJ/rdtInfZLuqQ=
78,-17,jP6WR76/yStTCDgwpoMrRIPN254=,Cpj+IoQJcdeNwBJ/rdtInfZLuqQ=
72,-29,jP6WR76/yStTCDgwpoMrRIPN254=,Cpj+IoQJcdeNwBJ/rdtInfZLuqQ=
77,-17,jP6WR76/yStTCDgwpoMrRIPN254=,Cpj+IoQJcdeNwBJ/rdtInfZLuqQ=
76,-17,jP6WR76/yStTCDgwpoMrRIPN254=,Cpj+IoQJcdeNwBJ/rdtInfZLuqQ=
75,-17,jP6WR76/yStTCDgwpoMrRIPN254=,Cpj+IoQJcdeNwBJ/rdtInfZLuqQ=
73,-29,jP6WR76/yStTCDgwpoMrRIPN254=,Cpj+IoQJcdeNwBJ/rdtInfZLuqQ=
74,-17,q0iOW5OdIDbpeGnyhPH/qP6lJEM=,Cpj+IoQJcdeNwBJ/rdtInfZLuqQ=
74,-29,q0iOW5OdIDbpeGnyhPH/qP6lJEM=,Cpj+IoQJcdeNwBJ/rdtInfZLuqQ=
73,-17,q0iOW5OdIDbpeGnyhPH/qP6lJEM=,Cpj+IoQJcdeNwBJ/rdtInfZLuqQ=
75,-29,q0iOW5OdIDbpeGnyhPH/qP6lJEM=,Cpj+IoQJcdeNwBJ/rdtInfZLuqQ=
72,-17,q0iOW5OdIDbpeGnyhPH/qP6lJEM=,Cpj+IoQJcdeNwBJ/rdtInfZLuqQ=
76,-29,q0iOW5OdIDbpeGnyhPH/qP6lJEM=,Cpj+IoQJcdeNwBJ/rdtInfZLuqQ=
71,-17,q0iOW5OdIDbpeGnyhPH/qP6lJEM=,Cpj+IoQJcdeNwBJ/rdtInfZLuqQ=
69,-17,q0iOW5OdIDbpeGnyhPH/qP6lJEM=,Cpj+IoQJcdeNwBJ/rdtInfZLuqQ=
70,-17,q0iOW5OdIDbpeGnyhPH/qP6lJEM=,Cpj+IoQJcdeNwBJ/rdtInfZLuqQ=
68,-17,q0iOW5OdIDbpeGnyhPH/qP6lJEM=,Cpj+IoQJcdeNwBJ/rdtInfZLuqQ=
66,-17,q0iOW5OdIDbpeGnyhPH/qP6lJEM=,Cpj+IoQJcdeNwBJ/rdtInfZLuqQ=
65,-17,5C3v8R07dWVjVWQCgLkYUtsZgac=,Cpj+IoQJcdeNwBJ/rdtInfZLuqQ=
68,-32,5C3v8R07dWVjVWQCgLkYUtsZgac=,Cpj+IoQJcdeNwBJ/rdtInfZLuqQ=
65,-29,5C3v8R07dWVjVWQCgLkYUtsZgac=,Cpj+IoQJcdeNwBJ/rdtInfZLuqQ=
64,-32,5C3v8R07dWVjVWQCgLkYUtsZgac=,Cpj+IoQJcdeNwBJ/rdtInfZLuqQ=
64,-17,5C3v8R07dWVjVWQCgLkYUtsZgac=,Cpj+IoQJcdeNwBJ/rdtInfZLuqQ=
67,-30,5C3v8R07dWVjVWQCgLkYUtsZgac=,Cpj+IoQJcdeNwBJ/rdtInfZLuqQ=
67,-17,5C3v8R07dWVjVWQCgLkYUtsZgac=,Cpj+IoQJcdeNwBJ/rdtInfZLuqQ=
77,-29,5C3v8R07dWVjVWQCgLkYUtsZgac=,Cpj+IoQJcdeNwBJ/rdtInfZLuqQ=
78,-29,5C3v8R07dWVjVWQCgLkYUtsZgac=,Cpj+IoQJcdeNwBJ/rdtInfZLuqQ=
70,-31,VsIoKTYD1Yqj2693J/mZvlBJPe4=,Cpj+IoQJcdeNwBJ/rdtInfZLuqQ=
79,-29,VsIoKTYD1Yqj2693J/mZvlBJPe4=,Cpj+IoQJcdeNwBJ/rdtInfZLuqQ=
79,-18,VsIoKTYD1Yqj2693J/mZvlBJPe4=,Cpj+IoQJcdeNwBJ/rdtInfZLuqQ=
78,-18,VsIoKTYD1Yqj2693J/mZvlBJPe4=,Cpj+IoQJcdeNwBJ/rdtInfZLuqQ=
71,-30,VsIoKTYD1Yqj2693J/mZvlBJPe4=,Cpj+IoQJcdeNwBJ/rdtInfZLuqQ=
70,-32,VsIoKTYD1Yqj2693J/mZvlBJPe4=,Cpj+IoQJcdeNwBJ/rdtInfZLuqQ=
64,-28,VsIoKTYD1Yqj2693J/mZvlBJPe4=,Cpj+IoQJcdeNwBJ/rdtInfZLuqQ=
65,-28,VsIoKTYD1Yqj2693J/mZvlBJPe4=,Cpj+IoQJcdeNwBJ/rdtInfZLuqQ=
66,-28,VsIoKTYD1Yqj2693J/mZvlBJPe4=,Cpj+IoQJcdeNwBJ/rdtInfZLuqQ=
67,-28,VsIoKTYD1Yqj2693J/mZvlBJPe4=,Cpj+IoQJcdeNwBJ/rdtInfZLuqQ=
69,-28,VsIoKTYD1Yqj2693J/mZvlBJPe4=,Cpj+IoQJcdeNwBJ/rdtInfZLuqQ=
68,-28,VsIoKTYD1Yqj2693J/mZvlBJPe4=,Cpj+IoQJcdeNwBJ/rdtInfZLuqQ=
70,-28,VsIoKTYD1Yqj2693J/mZvlBJPe4=,Cpj+IoQJcdeNwBJ/rdtInfZLuqQ=
71,-28,VsIoKTYD1Yqj2693J/mZvlBJPe4=,Cpj+IoQJcdeNwBJ/rdtInfZLuqQ=
77,-18,VsIoKTYD1Yqj2693J/mZvlBJPe4=,Cpj+IoQJcdeNwBJ/rdtInfZLuqQ=
76,-18,VsIoKTYD1Yqj2693J/mZvlBJPe4=,Cpj+IoQJcdeNwBJ/rdtInfZLuqQ=
74,-18,VsIoKTYD1Yqj2693J/mZvlBJPe4=,Cpj+IoQJcdeNwBJ/rdtInfZLuqQ=
75,-18,VsIoKTYD1Yqj2693J/mZvlBJPe4=,Cpj+IoQJcdeNwBJ/rdtInfZLuqQ=
72,-28,VsIoKTYD1Yqj2693J/mZvlBJPe4=,Cpj+IoQJcdeNwBJ/rdtInfZLuqQ=
73,-18,VsIoKTYD1Yqj2693J/mZvlBJPe4=,Cpj+IoQJcdeNwBJ/rdtInfZLuqQ=
72,-18,VsIoKTYD1Yqj2693J/mZvlBJPe4=,Cpj+IoQJcdeNwBJ/rdtInfZLuqQ=
73,-28,yZ8DxG519qxOqvt5MQbCxPAUXes=,Cpj+IoQJcdeNwBJ/rdtInfZLuqQ=
70,-18,yZ8DxG519qxOqvt5MQbCxPAUXes=,Cpj+IoQJcdeNwBJ/rdtInfZLuqQ=
71,-18,yZ8DxG519qxOqvt5MQbCxPAUXes=,Cpj+IoQJcdeNwBJ/rdtInfZLuqQ=
69,-18,yZ8DxG519qxOqvt5MQbCxPAUXes=,Cpj+IoQJcdeNwBJ/rdtInfZLuqQ=
67,-18,yZ8DxG519qxOqvt5MQbCxPAUXes=,Cpj+IoQJcdeNwBJ/rdtInfZLuqQ=
66,-18,yZ8DxG519qxOqvt5MQbCxPAUXes=,Cpj+IoQJcdeNwBJ/rdtInfZLuqQ=
65,-18,yZ8DxG519qxOqvt5MQbCxPAUXes=,Cpj+IoQJcdeNwBJ/rdtInfZLuqQ=
67,-31,yZ8DxG519qxOqvt5MQbCxPAUXes=,Cpj+IoQJcdeNwBJ/rdtInfZLuqQ=
66,-30,yZ8DxG519qxOqvt5MQbCxPAUXes=,Cpj+IoQJcdeNwBJ/rdtInfZLuqQ=
64,-18,yZ8DxG519qxOqvt5MQbCxPAUXes=,Cpj+IoQJcdeNwBJ/rdtInfZLuqQ=
68,-18,yZ8DxG519qxOqvt5MQbCxPAUXes=,Cpj+IoQJcdeNwBJ/rdtInfZLuqQ=
79,-19,yZ8DxG519qxOqvt5MQbCxPAUXes=,Cpj+IoQJcdeNwBJ/rdtInfZLuqQ=
74,-28,yZ8DxG519qxOqvt5MQbCxPAUXes=,Cpj+IoQJcdeNwBJ/rdtInfZLuqQ=
78,-19,yZ8DxG519qxOqvt5MQbCxPAUXes=,Cpj+IoQJcdeNwBJ/rdtInfZLuqQ=
75,-28,yZ8DxG519qxOqvt5MQbCxPAUXes=,Cpj+IoQJcdeNwBJ/rdtInfZLuqQ=
77,-19,yZ8DxG519qxOqvt5MQbCxPAUXes=,Cpj+IoQJcdeNwBJ/rdtInfZLuqQ=
76,-19,yZ8DxG519qxOqvt5MQbCxPAUXes=,Cpj+IoQJcdeNwBJ/rdtInfZLuqQ=
76,-28,yZ8DxG519qxOqvt5MQbCxPAUXes=,Cpj+IoQJcdeNwBJ/rdtInfZLuqQ=
74,-19,yZ8DxG519qxOqvt5MQbCxPAUXes=,Cpj+IoQJcdeNwBJ/rdtInfZLuqQ=
75,-19,yZ8DxG519qxOqvt5MQbCxPAUXes=,Cpj+IoQJcdeNwBJ/rdtInfZLuqQ=
73,-19,yZ8DxG519qxOqvt5MQbCxPAUXes=,Cpj+IoQJcdeNwBJ/rdtInfZLuqQ=
77,-28,yZ8DxG519qxOqvt5MQbCxPAUXes=,Cpj+IoQJcdeNwBJ/rdtInfZLuqQ=
78,-28,yZ8DxG519qxOqvt5MQbCxPAUXes=,Cpj+IoQJcdeNwBJ/rdtInfZLuqQ=
71,-31,yZ8DxG519qxOqvt5MQbCxPAUXes=,Cpj+IoQJcdeNwBJ/rdtInfZLuqQ=
79,-28,yZ8DxG519qxOqvt5MQbCxPAUXes=,Cpj+IoQJcdeNwBJ/rdtInfZLuqQ=
72,-19,yZ8DxG519qxOqvt5MQbCxPAUXes=,Cpj+IoQJcdeNwBJ/rdtInfZLuqQ=
71,-19,yZ8DxG519qxOqvt5MQbCxPAUXes=,Cpj+IoQJcdeNwBJ/rdtInfZLuqQ=
70,-19,yZ8DxG519qxOqvt5MQbCxPAUXes=,Cpj+IoQJcdeNwBJ/rdtInfZLuqQ=
69,-19,yZ8DxG519qxOqvt5MQbCxPAUXes=,Cpj+IoQJcdeNwBJ/rdtInfZLuqQ=
68,-19,yZ8DxG519qxOqvt5MQbCxPAUXes=,Cpj+IoQJcdeNwBJ/rdtInfZLuqQ=
66,-19,yZ8DxG519qxOqvt5MQbCxPAUXes=,Cpj+IoQJcdeNwBJ/rdtInfZLuqQ=
65,-19,yZ8DxG519qxOqvt5MQbCxPAUXes=,Cpj+IoQJcdeNwBJ/rdtInfZLuqQ=
66,-31,yZ8DxG519qxOqvt5MQbCxPAUXes=,Cpj+IoQJcdeNwBJ/rdtInfZLuqQ=
65,-30,yZ8DxG519qxOqvt5MQbCxPAUXes=,Cpj+IoQJcdeNwBJ/rdtInfZLuqQ=
64,-19,yZ8DxG519qxOqvt5MQbCxPAUXes=,Cpj+IoQJcdeNwBJ/rdtInfZLuqQ=
79,-20,yZ8DxG519qxOqvt5MQbCxPAUXes=,Cpj+IoQJcdeNwBJ/rdtInfZLuqQ=
78,-20,yZ8DxG519qxOqvt5MQbCxPAUXes=,Cpj+IoQJcdeNwBJ/rdtInfZLuqQ=
72,-30,yZ8DxG519qxOqvt5MQbCxPAUXes=,Cpj+IoQJcdeNwBJ/rdtInfZLuqQ=
71,-32,yZ8DxG519qxOqvt5MQbCxPAUXes=,Cpj+IoQJcdeNwBJ/rdtInfZLuqQ=
64,-27,yZ8DxG519qxOqvt5MQbCxPAUXes=,Cpj+IoQJcdeNwBJ/rdtInfZLuqQ=
65,-27,yZ8DxG519qxOqvt5MQbCxPAUXes=,Cpj+IoQJcdeNwBJ/rdtInfZLuqQ=
66,-27,yZ8DxG519qxOqvt5MQbCxPAUXes=,Cpj+IoQJcdeNwBJ/rdtInfZLuqQ=
67,-27,yZ8DxG519qxOqvt5MQbCxPAUXes=,Cpj+IoQJcdeNwBJ/rdtInfZLuqQ=
69,-27,yZ8DxG519qxOqvt5MQbCxPAUXes=,Cpj+IoQJcdeNwBJ/rdtInfZLuqQ=
70,-27,yZ8DxG519qxOqvt5MQbCxPAUXes=,Cpj+IoQJcdeNwBJ/rdtInfZLuqQ=
68,-27,yZ8DxG519qxOqvt5MQbCxPAUXes=,Cpj+IoQJcdeNwBJ/rdtInfZLuqQ=
67,-19,yZ8DxG519qxOqvt5MQbCxPAUXes=,Cpj+IoQJcdeNwBJ/rdtInfZLuqQ=
77,-20,yZ8DxG519qxOqvt5MQbCxPAUXes=,Cpj+IoQJcdeNwBJ/rdtInfZLuqQ=
71,-27,yZ8DxG519qxOqvt5MQbCxPAUXes=,Cpj+IoQJcdeNwBJ/rdtInfZLuqQ=
76,-20,yZ8DxG519qxOqvt5MQbCxPAUXes=,Cpj+IoQJcdeNwBJ/rdtInfZLuqQ=
75,-20,yZ8DxG519qxOqvt5MQbCxPAUXes=,Cpj+IoQJcdeNwBJ/rdtInfZLuqQ=
74,-20,yZ8DxG519qxOqvt5MQbCxPAUXes=,Cpj+IoQJcdeNwBJ/rdtInfZLuqQ=
73,-20,yZ8DxG519qxOqvt5MQbCxPAUXes=,Cpj+IoQJcdeNwBJ/rdtInfZLuqQ=
72,-20,yZ8DxG519qxOqvt5MQbCxPAUXes=,Cpj+IoQJcdeNwBJ/rdtInfZLuqQ=
72,-27,yZ8DxG519qxOqvt5MQbCxPAUXes=,Cpj+IoQJcdeNwBJ/rdtInfZLuqQ=
71,-20,yZ8DxG519qxOqvt5MQbCxPAUXes=,Cpj+IoQJcdeNwBJ/rdtInfZLuqQ=
70,-20,yZ8DxG519qxOqvt5MQbCxPAUXes=,Cpj+IoQJcdeNwBJ/rdtInfZLuqQ=
73,-27,yZ8DxG519qxOqvt5MQbCxPAUXes=,Cpj+IoQJcdeNwBJ/rdtInfZLuqQ=
68,-20,yZ8DxG519qxOqvt5MQbCxPAUXes=,Cpj+IoQJcdeNwBJ/rdtInfZLuqQ=
66,-20,yZ8DxG519qxOqvt5MQbCxPAUXes=,Cpj+IoQJcdeNwBJ/rdtInfZLuqQ=
65,-20,yZ8DxG519qxOqvt5MQbCxPAUXes=,Cpj+IoQJcdeNwBJ/rdtInfZLuqQ=
65,-31,yZ8DxG519qxOqvt5MQbCxPAUXes=,Cpj+IoQJcdeNwBJ/rdtInfZLuqQ=
64,-20,yZ8DxG519qxOqvt5MQbCxPAUXes=,Cpj+IoQJcdeNwBJ/rdtInfZLuqQ=
64,-31,yZ8DxG519qxOqvt5MQbCxPAUXes=,Cpj+IoQJcdeNwBJ/rdtInfZLuqQ=
64,-29,yZ8DxG519qxOqvt5MQbCxPAUXes=,Cpj+IoQJcdeNwBJ/rdtInfZLuqQ=
69,-20,yZ8DxG519qxOqvt5MQbCxPAUXes=,Cpj+IoQJcdeNwBJ/rdtInfZLuqQ=
66,-32,yZ8DxG519qxOqvt5MQbCxPAUXes=,Cpj+IoQJcdeNwBJ/rdtInfZLuqQ=
79,-32,yZ8DxG519qxOqvt5MQbCxPAUXes=,Cpj+IoQJcdeNwBJ/rdtInfZLuqQ=
74,-27,yZ8DxG519qxOqvt5MQbCxPAUXes=,Cpj+IoQJcdeNwBJ/rdtInfZLuqQ=
67,-20,yZ8DxG519qxOqvt5MQbCxPAUXes=,Cpj+IoQJcdeNwBJ/rdtInfZLuqQ=
64,-30,yZ8DxG519qxOqvt5MQbCxPAUXes=,Cpj+IoQJcdeNwBJ/rdtInfZLuqQ=
79,-30,yZ8DxG519qxOqvt5MQbCxPAUXes=,Cpj+IoQJcdeNwBJ/rdtInfZLuqQ=
79,-31,yZ8DxG519qxOqvt5MQbCxPAUXes=,Cpj+IoQJcdeNwBJ/rdtInfZLuqQ=
75,-27,yZ8DxG519qxOqvt5MQbCxPAUXes=,Cpj+IoQJcdeNwBJ/rdtInfZLuqQ=
78,-31,yZ8DxG519qxOqvt5MQbCxPAUXes=,Cpj+IoQJcdeNwBJ/rdtInfZLuqQ=
79,-21,yZ8DxG519qxOqvt5MQbCxPAUXes=,Cpj+IoQJcdeNwBJ/rdtInfZLuqQ=
78,-32,yZ8DxG519qxOqvt5MQbCxPAUXes=,Cpj+IoQJcdeNwBJ/rdtInfZLuqQ=
78,-21,yZ8DxG519qxOqvt5MQbCxPAUXes=,Cpj+IoQJcdeNwBJ/rdtInfZLuqQ=
76,-27,yZ8DxG519qxOqvt5MQbCxPAUXes=,Cpj+IoQJcdeNwBJ/rdtInfZLuqQ=
76,-21,yZ8DxG519qxOqvt5MQbCxPAUXes=,Cpj+IoQJcdeNwBJ/rdtInfZLuqQ=
75,-21,yZ8DxG519qxOqvt5MQbCxPAUXes=,Cpj+IoQJcdeNwBJ/rdtInfZLuqQ=
77,-21,yZ8DxG519qxOqvt5MQbCxPAUXes=,Cpj+IoQJcdeNwBJ/rdtInfZLuqQ=
74,-21,yZ8DxG519qxOqvt5MQbCxPAUXes=,Cpj+IoQJcdeNwBJ/rdtInfZLuqQ=
77,-27,yZ8DxG519qxOqvt5MQbCxPAUXes=,Cpj+IoQJcdeNwBJ/rdtInfZLuqQ=
73,-21,yZ8DxG519qxOqvt5MQbCxPAUXes=,Cpj+IoQJcdeNwBJ/rdtInfZLuqQ=
72,-31,yZ8DxG519qxOqvt5MQbCxPAUXes=,Cpj+IoQJcdeNwBJ/rdtInfZLuqQ=
79,-27,yZ8DxG519qxOqvt5MQbCxPAUXes=,Cpj+IoQJcdeNwBJ/rdtInfZLuqQ=
72,-21,yZ8DxG519qxOqvt5MQbCxPAUXes=,Cpj+IoQJcdeNwBJ/rdtInfZLuqQ=
73,-30,yZ8DxG519qxOqvt5MQbCxPAUXes=,Cpj+IoQJcdeNwBJ/rdtInfZLuqQ=
78,-27,yZ8DxG519qxOqvt5MQbCxPAUXes=,Cpj+IoQJcdeNwBJ/rdtInfZLuqQ=
64,-26,yZ8DxG519qxOqvt5MQbCxPAUXes=,Cpj+IoQJcdeNwBJ/rdtInfZLuqQ=
72,-32,yZ8DxG519qxOqvt5MQbCxPAUXes=,Cpj+IoQJcdeNwBJ/rdtInfZLuqQ=
65,-26,yZ8DxG519qxOqvt5MQbCxPAUXes=,Cpj+IoQJcdeNwBJ/rdtInfZLuqQ=
66,-26,yZ8DxG519qxOqvt5MQbCxPAUXes=,Cpj+IoQJcdeNwBJ/rdtInfZLuqQ=
67,-26,yZ8DxG519qxOqvt5MQbCxPAUXes=,Cpj+IoQJcdeNwBJ/rdtInfZLuqQ=
71,-21,yZ8DxG519qxOqvt5MQbCxPAUXes=,Cpj+IoQJcdeNwBJ/rdtInfZLuqQ=
68,-26,yZ8DxG519qxOqvt5MQbCxPAUXes=,Cpj+IoQJcdeNwBJ/rdtInfZLuqQ=
70,-21,yZ8DxG519qxOqvt5MQbCxPAUXes=,Cpj+IoQJcdeNwBJ/rdtInfZLuqQ=
69,-21,yZ8DxG519qxOqvt5MQbCxPAUXes=,Cpj+IoQJcdeNwBJ/rdtInfZLuqQ=
68,-21,yZ8DxG519qxOqvt5MQbCxPAUXes=,Cpj+IoQJcdeNwBJ/rdtInfZLuqQ=
66,-21,yZ8DxG519qxOqvt5MQbCxPAUXes=,Cpj+IoQJcdeNwBJ/rdtInfZLuqQ=
65,-21,yZ8DxG519qxOqvt5MQbCxPAUXes=,Cpj+IoQJcdeNwBJ/rdtInfZLuqQ=
69,-26,yZ8DxG519qxOqvt5MQbCxPAUXes=,Cpj+IoQJcdeNwBJ/rdtInfZLuqQ=
64,-21,yZ8DxG519qxOqvt5MQbCxPAUXes=,Cpj+IoQJcdeNwBJ/rdtInfZLuqQ=
67,-21,yZ8DxG519qxOqvt5MQbCxPAUXes=,Cpj+IoQJcdeNwBJ/rdtInfZLuqQ=
78,-30,yZ8DxG519qxOqvt5MQbCxPAUXes=,Cpj+IoQJcdeNwBJ/rdtInfZLuqQ=
79,-22,yZ8DxG519qxOqvt5MQbCxPAUXes=,Cpj+IoQJcdeNwBJ/rdtInfZLuqQ=
70,-26,yZ8DxG519qxOqvt5MQbCxPAUXes=,Cpj+IoQJcdeNwBJ/rdtInfZLuqQ=
77,-32,yZ8DxG519qxOqvt5MQbCxPAUXes=,Cpj+IoQJcdeNwBJ/rdtInfZLuqQ=
78,-22,yZ8DxG519qxOqvt5MQbCxPAUXes=,Cpj+IoQJcdeNwBJ/rdtInfZLuqQ=
77,-22,yZ8DxG519qxOqvt5MQbCxPAUXes=,Cpj+IoQJcdeNwBJ/rdtInfZLuqQ=
77,-31,yZ8DxG519qxOqvt5MQbCxPAUXes=,Cpj+IoQJcdeNwBJ/rdtInfZLuqQ=
71,-26,yZ8DxG519qxOqvt5MQbCxPAUXes=,Cpj+IoQJcdeNwBJ/rdtInfZLuqQ=
75,-22,yZ8DxG519qxOqvt5MQbCxPAUXes=,Cpj+IoQJcdeNwBJ/rdtInfZLuqQ=
76,-22,yZ8DxG519qxOqvt5MQbCxPAUXes=,Cpj+IoQJcdeNwBJ/rdtInfZLuqQ=
72,-26,yZ8DxG519qxOqvt5MQbCxPAUXes=,Cpj+IoQJcdeNwBJ/rdtInfZLuqQ=
74,-22,yZ8DxG519qxOqvt5MQbCxPAUXes=,Cpj+IoQJcdeNwBJ/rdtInfZLuqQ=
73,-22,yZ8DxG519qxOqvt5MQbCxPAUXes=,Cpj+IoQJcdeNwBJ/rdtInfZLuqQ=
73,-26,yZ8DxG519qxOqvt5MQbCxPAUXes=,Cpj+IoQJcdeNwBJ/rdtInfZLuqQ=
68,-22,yZ8DxG519qxOqvt5MQbCxPAUXes=,Cpj+IoQJcdeNwBJ/rdtInfZLuqQ=
66,-22,yZ8DxG519qxOqvt5MQbCxPAUXes=,Cpj+IoQJcdeNwBJ/rdtInfZLuqQ=
65,-22,yZ8DxG519qxOqvt5MQbCxPAUXes=,Cpj+IoQJcdeNwBJ/rdtInfZLuqQ=
64,-22,yZ8DxG519qxOqvt5MQbCxPAUXes=,Cpj+IoQJcdeNwBJ/rdtInfZLuqQ=
74,-26,yZ8DxG519qxOqvt5MQbCxPAUXes=,Cpj+IoQJcdeNwBJ/rdtInfZLuqQ=
69,-22,yZ8DxG519qxOqvt5MQbCxPAUXes=,Cpj+IoQJcdeNwBJ/rdtInfZLuqQ=
75,-26,yZ8DxG519qxOqvt5MQbCxPAUXes=,Cpj+IoQJcdeNwBJ/rdtInfZLuqQ=
67,-22,yZ8DxG519qxOqvt5MQbCxPAUXes=,Cpj+IoQJcdeNwBJ/rdtInfZLuqQ=
79,-23,yZ8DxG519qxOqvt5MQbCxPAUXes=,Cpj+IoQJcdeNwBJ/rdtInfZLuqQ=
76,-26,yZ8DxG519qxOqvt5MQbCxPAUXes=,Cpj+IoQJcdeNwBJ/rdtInfZLuqQ=
76,-31,yZ8DxG519qxOqvt5MQbCxPAUXes=,Cpj+IoQJcdeNwBJ/rdtInfZLuqQ=
76,-32,yZ8DxG519qxOqvt5MQbCxPAUXes=,Cpj+IoQJcdeNwBJ/rdtInfZLuqQ=
70,-22,yZ8DxG519qxOqvt5MQbCxPAUXes=,Cpj+IoQJcdeNwBJ/rdtInfZLuqQ=
77,-26,yZ8DxG519qxOqvt5MQbCxPAUXes=,Cpj+IoQJcdeNwBJ/rdtInfZLuqQ=
77,-30,yZ8DxG519qxOqvt5MQbCxPAUXes=,Cpj+IoQJcdeNwBJ/rdtInfZLuqQ=
72,-22,yZ8DxG519qxOqvt5MQbCxPAUXes=,Cpj+IoQJcdeNwBJ/rdtInfZLuqQ=
78,-23,yZ8DxG519qxOqvt5MQbCxPAUXes=,Cpj+IoQJcdeNwBJ/rdtInfZLuqQ=
71,-22,yZ8DxG519qxOqvt5MQbCxPAUXes=,Cpj+IoQJcdeNwBJ/rdtInfZLuqQ=
73,-23,yZ8DxG519qxOqvt5MQbCxPAUXes=,Cpj+IoQJcdeNwBJ/rdtInfZLuqQ=
74,-23,yZ8DxG519qxOqvt5MQbCxPAUXes=,Cpj+IoQJcdeNwBJ/rdtInfZLuqQ=
78,-26,yZ8DxG519qxOqvt5MQbCxPAUXes=,Cpj+IoQJcdeNwBJ/rdtInfZLuqQ=
77,-23,yZ8DxG519qxOqvt5MQbCxPAUXes=,Cpj+IoQJcdeNwBJ/rdtInfZLuqQ=
72,-23,yZ8DxG519qxOqvt5MQbCxPAUXes=,Cpj+IoQJcdeNwBJ/rdtInfZLuqQ=
75,-23,yZ8DxG519qxOqvt5MQbCxPAUXes=,Cpj+IoQJcdeNwBJ/rdtInfZLuqQ=
76,-23,yZ8DxG519qxOqvt5MQbCxPAUXes=,Cpj+IoQJcdeNwBJ/rdtInfZLuqQ=
73,-31,yZ8DxG519qxOqvt5MQbCxPAUXes=,Cpj+IoQJcdeNwBJ/rdtInfZLuqQ=
64,-25,yZ8DxG519qxOqvt5MQbCxPAUXes=,Cpj+IoQJcdeNwBJ/rdtInfZLuqQ=
79,-26,yZ8DxG519qxOqvt5MQbCxPAUXes=,Cpj+IoQJcdeNwBJ/rdtInfZLuqQ=
65,-25,yZ8DxG519qxOqvt5MQbCxPAUXes=,Cpj+IoQJcdeNwBJ/rdtInfZLuqQ=
66,-25,yZ8DxG519qxOqvt5MQbCxPAUXes=,Cpj+IoQJcdeNwBJ/rdtInfZLuqQ=
74,-30,yZ8DxG519qxOqvt5MQbCxPAUXes=,Cpj+IoQJcdeNwBJ/rdtInfZLuqQ=
73,-32,yZ8DxG519qxOqvt5MQbCxPAUXes=,Cpj+IoQJcdeNwBJ/rdtInfZLuqQ=
67,-25,yZ8DxG519qxOqvt5MQbCxPAUXes=,Cpj+IoQJcdeNwBJ/rdtInfZLuqQ=
68,-25,yZ8DxG519qxOqvt5MQbCxPAUXes=,Cpj+IoQJcdeNwBJ/rdtInfZLuqQ=
69,-25,yZ8DxG519qxOqvt5MQbCxPAUXes=,Cpj+IoQJcdeNwBJ/rdtInfZLuqQ=
71,-25,yZ8DxG519qxOqvt5MQbCxPAUXes=,Cpj+IoQJcdeNwBJ/rdtInfZLuqQ=
72,-25,yZ8DxG519qxOqvt5MQbCxPAUXes=,Cpj+IoQJcdeNwBJ/rdtInfZLuqQ=
70,-25,yZ8DxG519qxOqvt5MQbCxPAUXes=,Cpj+IoQJcdeNwBJ/rdtInfZLuqQ=
74,-25,yZ8DxG519qxOqvt5MQbCxPAUXes=,Cpj+IoQJcdeNwBJ/rdtInfZLuqQ=
73,-25,yZ8DxG519qxOqvt5MQbCxPAUXes=,Cpj+IoQJcdeNwBJ/rdtInfZLuqQ=
75,-25,yZ8DxG519qxOqvt5MQbCxPAUXes=,Cpj+IoQJcdeNwBJ/rdtInfZLuqQ=
76,-25,yZ8DxG519qxOqvt5MQbCxPAUXes=,Cpj+IoQJcdeNwBJ/rdtInfZLuqQ=
77,-25,yZ8DxG519qxOqvt5MQbCxPAUXes=,Cpj+IoQJcdeNwBJ/rdtInfZLuqQ=
74,-31,yZ8DxG519qxOqvt5MQbCxPAUXes=,Cpj+IoQJcdeNwBJ/rdtInfZLuqQ=
75,-30,yZ8DxG519qxOqvt5MQbCxPAUXes=,Cpj+IoQJcdeNwBJ/rdtInfZLuqQ=
64,-24,yZ8DxG519qxOqvt5MQbCxPAUXes=,Cpj+IoQJcdeNwBJ/rdtInfZLuqQ=
78,-25,yZ8DxG519qxOqvt5MQbCxPAUXes=,Cpj+IoQJcdeNwBJ/rdtInfZLuqQ=
65,-24,yZ8DxG519qxOqvt5MQbCxPAUXes=,Cpj+IoQJcdeNwBJ/rdtInfZLuqQ=
66,-24,yZ8DxG519qxOqvt5MQbCxPAUXes=,Cpj+IoQJcdeNwBJ/rdtInfZLuqQ=
74,-32,yZ8DxG519qxOqvt5MQbCxPAUXes=,Cpj+IoQJcdeNwBJ/rdtInfZLuqQ=
67,-24,yZ8DxG519qxOqvt5MQbCxPAUXes=,Cpj+IoQJcdeNwBJ/rdtInfZLuqQ=
69,-24,yZ8DxG519qxOqvt5MQbCxPAUXes=,Cpj+IoQJcdeNwBJ/rdtInfZLuqQ=
79,-25,yZ8DxG519qxOqvt5MQbCxPAUXes=,Cpj+IoQJcdeNwBJ/rdtInfZLuqQ=
68,-24,yZ8DxG519qxOqvt5MQbCxPAUXes=,Cpj+IoQJcdeNwBJ/rdtInfZLuqQ=
70,-24,yZ8DxG519qxOqvt5MQbCxPAUXes=,Cpj+IoQJcdeNwBJ/rdtInfZLuqQ=
71,-24,yZ8DxG519qxOqvt5MQbCxPAUXes=,Cpj+IoQJcdeNwBJ/rdtInfZLuqQ=
72,-24,yZ8DxG519qxOqvt5MQbCxPAUXes=,Cpj+IoQJcdeNwBJ/rdtInfZLuqQ=
73,-24,yZ8DxG519qxOqvt5MQbCxPAUXes=,Cpj+IoQJcdeNwBJ/rdtInfZLuqQ=
74,-24,yZ8DxG519qxOqvt5MQbCxPAUXes=,Cpj+IoQJcdeNwBJ/rdtInfZLuqQ=
75,-24,yZ8DxG519qxOqvt5MQbCxPAUXes=,Cpj+IoQJcdeNwBJ/rdtInfZLuqQ=
76,-24,yZ8DxG519qxOqvt5MQbCxPAUXes=,Cpj+IoQJcdeNwBJ/rdtInfZLuqQ=
77,-24,yZ8DxG519qxOqvt5MQbCxPAUXes=,Cpj+IoQJcdeNwBJ/rdtInfZLuqQ=
75,-31,yZ8DxG519qxOqvt5MQbCxPAUXes=,Cpj+IoQJcdeNwBJ/rdtInfZLuqQ=
76,-30,yZ8DxG519qxOqvt5MQbCxPAUXes=,Cpj+IoQJcdeNwBJ/rdtInfZLuqQ=
65,-23,yZ8DxG519qxOqvt5MQbCxPAUXes=,Cpj+IoQJcdeNwBJ/rdtInfZLuqQ=
66,-23,yZ8DxG519qxOqvt5MQbCxPAUXes=,Cpj+IoQJcdeNwBJ/rdtInfZLuqQ=
67,-23,yZ8DxG519qxOqvt5MQbCxPAUXes=,Cpj+IoQJcdeNwBJ/rdtInfZLuqQ=
75,-32,yZ8DxG519qxOqvt5MQbCxPAUXes=,Cpj+IoQJcdeNwBJ/rdtInfZLuqQ=
68,-23,yZ8DxG519qxOqvt5MQbCxPAUXes=,Cpj+IoQJcdeNwBJ/rdtInfZLuqQ=
69,-23,yZ8DxG519qxOqvt5MQbCxPAUXes=,Cpj+IoQJcdeNwBJ/rdtInfZLuqQ=
79,-24,yZ8DxG519qxOqvt5MQbCxPAUXes=,Cpj+IoQJcdeNwBJ/rdtInfZLuqQ=
71,-23,yZ8DxG519qxOqvt5MQbCxPAUXes=,Cpj+IoQJcdeNwBJ/rdtInfZLuqQ=
70,-23,yZ8DxG519qxOqvt5MQbCxPAUXes=,Cpj+IoQJcdeNwBJ/rdtInfZLuqQ=
64,-23,yZ8DxG519qxOqvt5MQbCxPAUXes=,Cpj+IoQJcdeNwBJ/rdtInfZLuqQ=
78,-24,yZ8DxG519qxOqvt5MQbCxPAUXes=,Cpj+IoQJcdeNwBJ/rdtInfZLuqQ=
64,-12,zjBimyn47IWfLnWT4GQ55bnIuNo=,+hqd7ybY7dkUD4WwHIyQHRIMTp0=
67,-16,EnimzBm5PNzzheXZdmbD5jEZty0=,+hqd7ybY7dkUD4WwHIyQHRIMTp0=
69,-16,EnimzBm5PNzzheXZdmbD5jEZty0=,+hqd7ybY7dkUD4WwHIyQHRIMTp0=
68,-13,EnimzBm5PNzzheXZdmbD5jEZty0=,+hqd7ybY7dkUD4WwHIyQHRIMTp0=
69,-14,EnimzBm5PNzzheXZdmbD5jEZty0=,+hqd7ybY7dkUD4WwHIyQHRIMTp0=
70,-14,Hj2YfiM+CuGfVWQoG0FIzLrpJWo=,+hqd7ybY7dkUD4WwHIyQHRIMTp0=
69,-13,Hj2YfiM+CuGfVWQoG0FIzLrpJWo=,+hqd7ybY7dkUD4WwHIyQHRIMTp0=
70,-13,Hj2YfiM+CuGfVWQoG0FIzLrpJWo=,+hqd7ybY7dkUD4WwHIyQHRIMTp0=
71,-13,Hj2YfiM+CuGfVWQoG0FIzLrpJWo=,+hqd7ybY7dkUD4WwHIyQHRIMTp0=
70,-15,FogWyTn+8ZVgcGu3kWOLoE+MDEI=,+hqd7ybY7dkUD4WwHIyQHRIMTp0=
70,-16,FogWyTn+8ZVgcGu3kWOLoE+MDEI=,+hqd7ybY7dkUD4WwHIyQHRIMTp0=
65,-12,FogWyTn+8ZVgcGu3kWOLoE+MDEI=,+hqd7ybY7dkUD4WwHIyQHRIMTp0=
66,-12,FogWyTn+8ZVgcGu3kWOLoE+MDEI=,+hqd7ybY7dkUD4WwHIyQHRIMTp0=
71,-14,FogWyTn+8ZVgcGu3kWOLoE+MDEI=,+hqd7ybY7dkUD4WwHIyQHRIMTp0=
68,-12,FogWyTn+8ZVgcGu3kWOLoE+MDEI=,+hqd7ybY7dkUD4WwHIyQHRIMTp0=
79,-13,FogWyTn+8ZVgcGu3kWOLoE+MDEI=,+hqd7ybY7dkUD4WwHIyQHRIMTp0=
69,-12,FogWyTn+8ZVgcGu3kWOLoE+MDEI=,+hqd7ybY7dkUD4WwHIyQHRIMTp0=
70,-12,FogWyTn+8ZVgcGu3kWOLoE+MDEI=,+hqd7ybY7dkUD4WwHIyQHRIMTp0=
78,-13,FogWyTn+8ZVgcGu3kWOLoE+MDEI=,+hqd7ybY7dkUD4WwHIyQHRIMTp0=
67,-12,FogWyTn+8ZVgcGu3kWOLoE+MDEI=,+hqd7ybY7dkUD4WwHIyQHRIMTp0=
72,-12,FogWyTn+8ZVgcGu3kWOLoE+MDEI=,+hqd7ybY7dkUD4WwHIyQHRIMTp0=
71,-12,FogWyTn+8ZVgcGu3kWOLoE+MDEI=,+hqd7ybY7dkUD4WwHIyQHRIMTp0=
73,-12,FogWyTn+8ZVgcGu3kWOLoE+MDEI=,+hqd7ybY7dkUD4WwHIyQHRIMTp0=
77,-13,FogWyTn+8ZVgcGu3kWOLoE+MDEI=,+hqd7ybY7dkUD4WwHIyQHRIMTp0=
79,-12,FogWyTn+8ZVgcGu3kWOLoE+MDEI=,+hqd7ybY7dkUD4WwHIyQHRIMTp0=
64,-11,FogWyTn+8ZVgcGu3kWOLoE+MDEI=,+hqd7ybY7dkUD4WwHIyQHRIMTp0=
76,-12,FogWyTn+8ZVgcGu3kWOLoE+MDEI=,+hqd7ybY7dkUD4WwHIyQHRIMTp0=
71,-15,FogWyTn+8ZVgcGu3kWOLoE+MDEI=,+hqd7ybY7dkUD4WwHIyQHRIMTp0=
65,-11,FogWyTn+8ZVgcGu3kWOLoE+MDEI=,+hqd7ybY7dkUD4WwHIyQHRIMTp0=
66,-11,FogWyTn+8ZVgcGu3kWOLoE+MDEI=,+hqd7ybY7dkUD4WwHIyQHRIMTp0=
67,-11,FogWyTn+8ZVgcGu3kWOLoE+MDEI=,+hqd7ybY7dkUD4WwHIyQHRIMTp0=
74,-12,FogWyTn+8ZVgcGu3kWOLoE+MDEI=,+hqd7ybY7dkUD4WwHIyQHRIMTp0=
78,-12,FogWyTn+8ZVgcGu3kWOLoE+MDEI=,+hqd7ybY7dkUD4WwHIyQHRIMTp0=
77,-12,FogWyTn+8ZVgcGu3kWOLoE+MDEI=,+hqd7ybY7dkUD4WwHIyQHRIMTp0=
69,-11,FogWyTn+8ZVgcGu3kWOLoE+MDEI=,+hqd7ybY7dkUD4WwHIyQHRIMTp0=
71,-16,FogWyTn+8ZVgcGu3kWOLoE+MDEI=,+hqd7ybY7dkUD4WwHIyQHRIMTp0=
72,-14,FogWyTn+8ZVgcGu3kWOLoE+MDEI=,+hqd7ybY7dkUD4WwHIyQHRIMTp0=
70,-11,FogWyTn+8ZVgcGu3kWOLoE+MDEI=,+hqd7ybY7dkUD4WwHIyQHRIMTp0=
68,-11,FogWyTn+8ZVgcGu3kWOLoE+MDEI=,+hqd7ybY7dkUD4WwHIyQHRIMTp0=
75,-12,FogWyTn+8ZVgcGu3kWOLoE+MDEI=,+hqd7ybY7dkUD4WwHIyQHRIMTp0=
72,-11,FogWyTn+8ZVgcGu3kWOLoE+MDEI=,+hqd7ybY7dkUD4WwHIyQHRIMTp0=
71,-11,FogWyTn+8ZVgcGu3kWOLoE+MDEI=,+hqd7ybY7dkUD4WwHIyQHRIMTp0=
76,-13,FogWyTn+8ZVgcGu3kWOLoE+MDEI=,+hqd7ybY7dkUD4WwHIyQHRIMTp0=
73,-11,FogWyTn+8ZVgcGu3kWOLoE+MDEI=,+hqd7ybY7dkUD4WwHIyQHRIMTp0=
74,-11,FogWyTn+8ZVgcGu3kWOLoE+MDEI=,+hqd7ybY7dkUD4WwHIyQHRIMTp0=
78,-11,FogWyTn+8ZVgcGu3kWOLoE+MDEI=,+hqd7ybY7dkUD4WwHIyQHRIMTp0=
76,-11,FogWyTn+8ZVgcGu3kWOLoE+MDEI=,+hqd7ybY7dkUD4WwHIyQHRIMTp0=
77,-11,FogWyTn+8ZVgcGu3kWOLoE+MDEI=,+hqd7ybY7dkUD4WwHIyQHRIMTp0=
75,-11,FogWyTn+8ZVgcGu3kWOLoE+MDEI=,+hqd7ybY7dkUD4WwHIyQHRIMTp0=
64,-10,FogWyTn+8ZVgcGu3kWOLoE+MDEI=,+hqd7ybY7dkUD4WwHIyQHRIMTp0=
72,-15,FogWyTn+8ZVgcGu3kWOLoE+MDEI=,+hqd7ybY7dkUD4WwHIyQHRIMTp0=
79,-11,FogWyTn+8ZVgcGu3kWOLoE+MDEI=,+hqd7ybY7dkUD4WwHIyQHRIMTp0=
65,-10,FogWyTn+8ZVgcGu3kWOLoE+MDEI=,+hqd7ybY7dkUD4WwHIyQHRIMTp0=
66,-10,FogWyTn+8ZVgcGu3kWOLoE+MDEI=,+hqd7ybY7dkUD4WwHIyQHRIMTp0=
75,-13,FogWyTn+8ZVgcGu3kWOLoE+MDEI=,+hqd7ybY7dkUD4WwHIyQHRIMTp0=
73,-14,FogWyTn+8ZVgcGu3kWOLoE+MDEI=,+hqd7ybY7dkUD4WwHIyQHRIMTp0=
67,-10,FogWyTn+8ZVgcGu3kWOLoE+MDEI=,+hqd7ybY7dkUD4WwHIyQHRIMTp0=
72,-16,FogWyTn+8ZVgcGu3kWOLoE+MDEI=,+hqd7ybY7dkUD4WwHIyQHRIMTp0=
69,-10,FogWyTn+8ZVgcGu3kWOLoE+MDEI=,+hqd7ybY7dkUD4WwHIyQHRIMTp0=
70,-10,FogWyTn+8ZVgcGu3kWOLoE+MDEI=,+hqd7ybY7dkUD4WwHIyQHRIMTp0=
71,-10,FogWyTn+8ZVgcGu3kWOLoE+MDEI=,+hqd7ybY7dkUD4WwHIyQHRIMTp0=
68,-10,FogWyTn+8ZVgcGu3kWOLoE+MDEI=,+hqd7ybY7dkUD4WwHIyQHRIMTp0=
72,-10,FogWyTn+8ZVgcGu3kWOLoE+MDEI=,+hqd7ybY7dkUD4WwHIyQHRIMTp0=
73,-10,FogWyTn+8ZVgcGu3kWOLoE+MDEI=,+hqd7ybY7dkUD4WwHIyQHRIMTp0=
64,-9,FogWyTn+8ZVgcGu3kWOLoE+MDEI=,+hqd7ybY7dkUD4WwHIyQHRIMTp0=
77,-10,FogWyTn+8ZVgcGu3kWOLoE+MDEI=,+hqd7ybY7dkUD4WwHIyQHRIMTp0=
76,-10,FogWyTn+8ZVgcGu3kWOLoE+MDEI=,+hqd7ybY7dkUD4WwHIyQHRIMTp0=
65,-9,FogWyTn+8ZVgcGu3kWOLoE+MDEI=,+hqd7ybY7dkUD4WwHIyQHRIMTp0=
78,-10,FogWyTn+8ZVgcGu3kWOLoE+MDEI=,+hqd7ybY7dkUD4WwHIyQHRIMTp0=
73,-16,FogWyTn+8ZVgcGu3kWOLoE+MDEI=,+hqd7ybY7dkUD4WwHIyQHRIMTp0=
73,-15,FogWyTn+8ZVgcGu3kWOLoE+MDEI=,+hqd7ybY7dkUD4WwHIyQHRIMTp0=
74,-13,FogWyTn+8ZVgcGu3kWOLoE+MDEI=,+hqd7ybY7dkUD4WwHIyQHRIMTp0=
66,-9,FogWyTn+8ZVgcGu3kWOLoE+MDEI=,+hqd7ybY7dkUD4WwHIyQHRIMTp0=
74,-10,FogWyTn+8ZVgcGu3kWOLoE+MDEI=,+hqd7ybY7dkUD4WwHIyQHRIMTp0=
69,-9,FogWyTn+8ZVgcGu3kWOLoE+MDEI=,+hqd7ybY7dkUD4WwHIyQHRIMTp0=
70,-9,FogWyTn+8ZVgcGu3kWOLoE+MDEI=,+hqd7ybY7dkUD4WwHIyQHRIMTp0=
75,-10,FogWyTn+8ZVgcGu3kWOLoE+MDEI=,+hqd7ybY7dkUD4WwHIyQHRIMTp0=
79,-10,FogWyTn+8ZVgcGu3kWOLoE+MDEI=,+hqd7ybY7dkUD4WwHIyQHRIMTp0=
71,-9,FogWyTn+8ZVgcGu3kWOLoE+MDEI=,+hqd7ybY7dkUD4WwHIyQHRIMTp0=
67,-9,FogWyTn+8ZVgcGu3kWOLoE+MDEI=,+hqd7ybY7dkUD4WwHIyQHRIMTp0=
72,-9,FogWyTn+8ZVgcGu3kWOLoE+MDEI=,+hqd7ybY7dkUD4WwHIyQHRIMTp0=
74,-14,FogWyTn+8ZVgcGu3kWOLoE+MDEI=,+hqd7ybY7dkUD4WwHIyQHRIMTp0=
73,-13,FogWyTn+8ZVgcGu3kWOLoE+MDEI=,+hqd7ybY7dkUD4WwHIyQHRIMTp0=
77,-9,FogWyTn+8ZVgcGu3kWOLoE+MDEI=,+hqd7ybY7dkUD4WwHIyQHRIMTp0=
76,-9,FogWyTn+8ZVgcGu3kWOLoE+MDEI=,+hqd7ybY7dkUD4WwHIyQHRIMTp0=
75,-9,FogWyTn+8ZVgcGu3kWOLoE+MDEI=,+hqd7ybY7dkUD4WwHIyQHRIMTp0=
64,-8,FogWyTn+8ZVgcGu3kWOLoE+MDEI=,+hqd7ybY7dkUD4WwHIyQHRIMTp0=
78,-9,FogWyTn+8ZVgcGu3kWOLoE+MDEI=,+hqd7ybY7dkUD4WwHIyQHRIMTp0=
68,-9,FogWyTn+8ZVgcGu3kWOLoE+MDEI=,+hqd7ybY7dkUD4WwHIyQHRIMTp0=
74,-16,FogWyTn+8ZVgcGu3kWOLoE+MDEI=,+hqd7ybY7dkUD4WwHIyQHRIMTp0=
72,-13,FogWyTn+8ZVgcGu3kWOLoE+MDEI=,+hqd7ybY7dkUD4WwHIyQHRIMTp0=
74,-15,FogWyTn+8ZVgcGu3kWOLoE+MDEI=,+hqd7ybY7dkUD4WwHIyQHRIMTp0=
73,-9,FogWyTn+8ZVgcGu3kWOLoE+MDEI=,+hqd7ybY7dkUD4WwHIyQHRIMTp0=
68,-8,FogWyTn+8ZVgcGu3kWOLoE+MDEI=,+hqd7ybY7dkUD4WwHIyQHRIMTp0=
79,-9,FogWyTn+8ZVgcGu3kWOLoE+MDEI=,+hqd7ybY7dkUD4WwHIyQHRIMTp0=
65,-8,FogWyTn+8ZVgcGu3kWOLoE+MDEI=,+hqd7ybY7dkUD4WwHIyQHRIMTp0=
74,-9,FogWyTn+8ZVgcGu3kWOLoE+MDEI=,+hqd7ybY7dkUD4WwHIyQHRIMTp0=
69,-8,FogWyTn+8ZVgcGu3kWOLoE+MDEI=,+hqd7ybY7dkUD4WwHIyQHRIMTp0=
67,-8,FogWyTn+8ZVgcGu3kWOLoE+MDEI=,+hqd7ybY7dkUD4WwHIyQHRIMTp0=
70,-8,FogWyTn+8ZVgcGu3kWOLoE+MDEI=,+hqd7ybY7dkUD4WwHIyQHRIMTp0=
75,-14,FogWyTn+8ZVgcGu3kWOLoE+MDEI=,+hqd7ybY7dkUD4WwHIyQHRIMTp0=
66,-8,FogWyTn+8ZVgcGu3kWOLoE+MDEI=,+hqd7ybY7dkUD4WwHIyQHRIMTp0=
71,-8,FogWyTn+8ZVgcGu3kWOLoE+MDEI=,+hqd7ybY7dkUD4WwHIyQHRIMTp0=
75,-8,FogWyTn+8ZVgcGu3kWOLoE+MDEI=,+hqd7ybY7dkUD4WwHIyQHRIMTp0=
76,-8,FogWyTn+8ZVgcGu3kWOLoE+MDEI=,+hqd7ybY7dkUD4WwHIyQHRIMTp0=
77,-8,FogWyTn+8ZVgcGu3kWOLoE+MDEI=,+hqd7ybY7dkUD4WwHIyQHRIMTp0=
72,-8,FogWyTn+8ZVgcGu3kWOLoE+MDEI=,+hqd7ybY7dkUD4WwHIyQHRIMTp0=
73,-8,FogWyTn+8ZVgcGu3kWOLoE+MDEI=,+hqd7ybY7dkUD4WwHIyQHRIMTp0=
78,-8,FogWyTn+8ZVgcGu3kWOLoE+MDEI=,+hqd7ybY7dkUD4WwHIyQHRIMTp0=
64,-7,FogWyTn+8ZVgcGu3kWOLoE+MDEI=,+hqd7ybY7dkUD4WwHIyQHRIMTp0=
79,-8,FogWyTn+8ZVgcGu3kWOLoE+MDEI=,+hqd7ybY7dkUD4WwHIyQHRIMTp0=
65,-7,FogWyTn+8ZVgcGu3kWOLoE+MDEI=,+hqd7ybY7dkUD4WwHIyQHRIMTp0=
75,-16,FogWyTn+8ZVgcGu3kWOLoE+MDEI=,+hqd7ybY7dkUD4WwHIyQHRIMTp0=
75,-15,FogWyTn+8ZVgcGu3kWOLoE+MDEI=,+hqd7ybY7dkUD4WwHIyQHRIMTp0=
66,-7,FogWyTn+8ZVgcGu3kWOLoE+MDEI=,+hqd7ybY7dkUD4WwHIyQHRIMTp0=
68,-7,FogWyTn+8ZVgcGu3kWOLoE+MDEI=,+hqd7ybY7dkUD4WwHIyQHRIMTp0=
74,-8,FogWyTn+8ZVgcGu3kWOLoE+MDEI=,+hqd7ybY7dkUD4WwHIyQHRIMTp0=
76,-14,FogWyTn+8ZVgcGu3kWOLoE+MDEI=,+hqd7ybY7dkUD4WwHIyQHRIMTp0=
70,-7,FogWyTn+8ZVgcGu3kWOLoE+MDEI=,+hqd7ybY7dkUD4WwHIyQHRIMTp0=
67,-7,FogWyTn+8ZVgcGu3kWOLoE+MDEI=,+hqd7ybY7dkUD4WwHIyQHRIMTp0=
76,-7,FogWyTn+8ZVgcGu3kWOLoE+MDEI=,+hqd7ybY7dkUD4WwHIyQHRIMTp0=
77,-7,FogWyTn+8ZVgcGu3kWOLoE+MDEI=,+hqd7ybY7dkUD4WwHIyQHRIMTp0=
71,-7,FogWyTn+8ZVgcGu3kWOLoE+MDEI=,+hqd7ybY7dkUD4WwHIyQHRIMTp0=
79,-7,FogWyTn+8ZVgcGu3kWOLoE+MDEI=,+hqd7ybY7dkUD4WwHIyQHRIMTp0=
69,-7,FogWyTn+8ZVgcGu3kWOLoE+MDEI=,+hqd7ybY7dkUD4WwHIyQHRIMTp0=
77,-14,FogWyTn+8ZVgcGu3kWOLoE+MDEI=,+hqd7ybY7dkUD4WwHIyQHRIMTp0=
78,-7,FogWyTn+8ZVgcGu3kWOLoE+MDEI=,+hqd7ybY7dkUD4WwHIyQHRIMTp0=
76,-15,FogWyTn+8ZVgcGu3kWOLoE+MDEI=,+hqd7ybY7dkUD4WwHIyQHRIMTp0=
64,-6,FogWyTn+8ZVgcGu3kWOLoE+MDEI=,+hqd7ybY7dkUD4WwHIyQHRIMTp0=
74,-7,FogWyTn+8ZVgcGu3kWOLoE+MDEI=,+hqd7ybY7dkUD4WwHIyQHRIMTp0=
76,-16,FogWyTn+8ZVgcGu3kWOLoE+MDEI=,+hqd7ybY7dkUD4WwHIyQHRIMTp0=
72,-7,FogWyTn+8ZVgcGu3kWOLoE+MDEI=,+hqd7ybY7dkUD4WwHIyQHRIMTp0=
71,-6,FogWyTn+8ZVgcGu3kWOLoE+MDEI=,+hqd7ybY7dkUD4WwHIyQHRIMTp0=
72,-6,FogWyTn+8ZVgcGu3kWOLoE+MDEI=,+hqd7ybY7dkUD4WwHIyQHRIMTp0=
73,-7,FogWyTn+8ZVgcGu3kWOLoE+MDEI=,+hqd7ybY7dkUD4WwHIyQHRIMTp0=
75,-7,FogWyTn+8ZVgcGu3kWOLoE+MDEI=,+hqd7ybY7dkUD4WwHIyQHRIMTp0=
73,-6,FogWyTn+8ZVgcGu3kWOLoE+MDEI=,+hqd7ybY7dkUD4WwHIyQHRIMTp0=
65,-6,FogWyTn+8ZVgcGu3kWOLoE+MDEI=,+hqd7ybY7dkUD4WwHIyQHRIMTp0=
74,-6,FogWyTn+8ZVgcGu3kWOLoE+MDEI=,+hqd7ybY7dkUD4WwHIyQHRIMTp0=
69,-6,FogWyTn+8ZVgcGu3kWOLoE+MDEI=,+hqd7ybY7dkUD4WwHIyQHRIMTp0=
70,-6,FogWyTn+8ZVgcGu3kWOLoE+MDEI=,+hqd7ybY7dkUD4WwHIyQHRIMTp0=
67,-6,FogWyTn+8ZVgcGu3kWOLoE+MDEI=,+hqd7ybY7dkUD4WwHIyQHRIMTp0=
79,-6,FogWyTn+8ZVgcGu3kWOLoE+MDEI=,+hqd7ybY7dkUD4WwHIyQHRIMTp0=
78,-6,FogWyTn+8ZVgcGu3kWOLoE+MDEI=,+hqd7ybY7dkUD4WwHIyQHRIMTp0=
77,-15,FogWyTn+8ZVgcGu3kWOLoE+MDEI=,+hqd7ybY7dkUD4WwHIyQHRIMTp0=
77,-6,FogWyTn+8ZVgcGu3kWOLoE+MDEI=,+hqd7ybY7dkUD4WwHIyQHRIMTp0=
66,-6,FogWyTn+8ZVgcGu3kWOLoE+MDEI=,+hqd7ybY7dkUD4WwHIyQHRIMTp0=
68,-6,FogWyTn+8ZVgcGu3kWOLoE+MDEI=,+hqd7ybY7dkUD4WwHIyQHRIMTp0=
75,-6,FogWyTn+8ZVgcGu3kWOLoE+MDEI=,+hqd7ybY7dkUD4WwHIyQHRIMTp0=
77,-16,FogWyTn+8ZVgcGu3kWOLoE+MDEI=,+hqd7ybY7dkUD4WwHIyQHRIMTp0=
76,-6,FogWyTn+8ZVgcGu3kWOLoE+MDEI=,+hqd7ybY7dkUD4WwHIyQHRIMTp0=
78,-14,FogWyTn+8ZVgcGu3kWOLoE+MDEI=,+hqd7ybY7dkUD4WwHIyQHRIMTp0=
64,-5,FogWyTn+8ZVgcGu3kWOLoE+MDEI=,+hqd7ybY7dkUD4WwHIyQHRIMTp0=
65,-5,FogWyTn+8ZVgcGu3kWOLoE+MDEI=,+hqd7ybY7dkUD4WwHIyQHRIMTp0=
66,-5,FogWyTn+8ZVgcGu3kWOLoE+MDEI=,+hqd7ybY7dkUD4WwHIyQHRIMTp0=
67,-5,FogWyTn+8ZVgcGu3kWOLoE+MDEI=,+hqd7ybY7dkUD4WwHIyQHRIMTp0=
69,-5,FogWyTn+8ZVgcGu3kWOLoE+MDEI=,+hqd7ybY7dkUD4WwHIyQHRIMTp0=
68,-5,FogWyTn+8ZVgcGu3kWOLoE+MDEI=,+hqd7ybY7dkUD4WwHIyQHRIMTp0=
73,-5,FogWyTn+8ZVgcGu3kWOLoE+MDEI=,+hqd7ybY7dkUD4WwHIyQHRIMTp0=
75,-5,FogWyTn+8ZVgcGu3kWOLoE+MDEI=,+hqd7ybY7dkUD4WwHIyQHRIMTp0=
78,-5,FogWyTn+8ZVgcGu3kWOLoE+MDEI=,+hqd7ybY7dkUD4WwHIyQHRIMTp0=
77,-5,FogWyTn+8ZVgcGu3kWOLoE+MDEI=,+hqd7ybY7dkUD4WwHIyQHRIMTp0=
64,-14,FogWyTn+8ZVgcGu3kWOLoE+MDEI=,+hqd7ybY7dkUD4WwHIyQHRIMTp0=
79,-5,FogWyTn+8ZVgcGu3kWOLoE+MDEI=,+hqd7ybY7dkUD4WwHIyQHRIMTp0=
74,-5,FogWyTn+8ZVgcGu3kWOLoE+MDEI=,+hqd7ybY7dkUD4WwHIyQHRIMTp0=
70,-5,FogWyTn+8ZVgcGu3kWOLoE+MDEI=,+hqd7ybY7dkUD4WwHIyQHRIMTp0=
64,-13,FogWyTn+8ZVgcGu3kWOLoE+MDEI=,+hqd7ybY7dkUD4WwHIyQHRIMTp0=
71,-5,FogWyTn+8ZVgcGu3kWOLoE+MDEI=,+hqd7ybY7dkUD4WwHIyQHRIMTp0=
64,-15,FogWyTn+8ZVgcGu3kWOLoE+MDEI=,+hqd7ybY7dkUD4WwHIyQHRIMTp0=
65,-15,FogWyTn+8ZVgcGu3kWOLoE+MDEI=,+hqd7ybY7dkUD4WwHIyQHRIMTp0=
66,-16,FogWyTn+8ZVgcGu3kWOLoE+MDEI=,+hqd7ybY7dkUD4WwHIyQHRIMTp0=
79,-14,FogWyTn+8ZVgcGu3kWOLoE+MDEI=,+hqd7ybY7dkUD4WwHIyQHRIMTp0=
76,-5,FogWyTn+8ZVgcGu3kWOLoE+MDEI=,+hqd7ybY7dkUD4WwHIyQHRIMTp0=
78,-16,FogWyTn+8ZVgcGu3kWOLoE+MDEI=,+hqd7ybY7dkUD4WwHIyQHRIMTp0=
64,-4,FogWyTn+8ZVgcGu3kWOLoE+MDEI=,+hqd7ybY7dkUD4WwHIyQHRIMTp0=
79,-16,FogWyTn+8ZVgcGu3kWOLoE+MDEI=,+hqd7ybY7dkUD4WwHIyQHRIMTp0=
78,-15,FogWyTn+8ZVgcGu3kWOLoE+MDEI=,+hqd7ybY7dkUD4WwHIyQHRIMTp0=
65,-4,FogWyTn+8ZVgcGu3kWOLoE+MDEI=,+hqd7ybY7dkUD4WwHIyQHRIMTp0=
72,-5,FogWyTn+8ZVgcGu3kWOLoE+MDEI=,+hqd7ybY7dkUD4WwHIyQHRIMTp0=
79,-15,FogWyTn+8ZVgcGu3kWOLoE+MDEI=,+hqd7ybY7dkUD4WwHIyQHRIMTp0=
66,-4,FogWyTn+8ZVgcGu3kWOLoE+MDEI=,+hqd7ybY7dkUD4WwHIyQHRIMTp0=
67,-4,FogWyTn+8ZVgcGu3kWOLoE+MDEI=,+hqd7ybY7dkUD4WwHIyQHRIMTp0=
68,-4,FogWyTn+8ZVgcGu3kWOLoE+MDEI=,+hqd7ybY7dkUD4WwHIyQHRIMTp0=
69,-4,FogWyTn+8ZVgcGu3kWOLoE+MDEI=,+hqd7ybY7dkUD4WwHIyQHRIMTp0=
77,-4,FogWyTn+8ZVgcGu3kWOLoE+MDEI=,+hqd7ybY7dkUD4WwHIyQHRIMTp0=
65,-14,FogWyTn+8ZVgcGu3kWOLoE+MDEI=,+hqd7ybY7dkUD4WwHIyQHRIMTp0=
78,-4,FogWyTn+8ZVgcGu3kWOLoE+MDEI=,+hqd7ybY7dkUD4WwHIyQHRIMTp0=
79,-4,FogWyTn+8ZVgcGu3kWOLoE+MDEI=,+hqd7ybY7dkUD4WwHIyQHRIMTp0=
66,-15,FogWyTn+8ZVgcGu3kWOLoE+MDEI=,+hqd7ybY7dkUD4WwHIyQHRIMTp0=
73,-4,FogWyTn+8ZVgcGu3kWOLoE+MDEI=,+hqd7ybY7dkUD4WwHIyQHRIMTp0=
70,-4,FogWyTn+8ZVgcGu3kWOLoE+MDEI=,+hqd7ybY7dkUD4WwHIyQHRIMTp0=
71,-4,FogWyTn+8ZVgcGu3kWOLoE+MDEI=,+hqd7ybY7dkUD4WwHIyQHRIMTp0=
72,-4,FogWyTn+8ZVgcGu3kWOLoE+MDEI=,+hqd7ybY7dkUD4WwHIyQHRIMTp0=
74,-4,FogWyTn+8ZVgcGu3kWOLoE+MDEI=,+hqd7ybY7dkUD4WwHIyQHRIMTp0=
75,-4,FogWyTn+8ZVgcGu3kWOLoE+MDEI=,+hqd7ybY7dkUD4WwHIyQHRIMTp0=
76,-4,FogWyTn+8ZVgcGu3kWOLoE+MDEI=,+hqd7ybY7dkUD4WwHIyQHRIMTp0=
64,-3,FogWyTn+8ZVgcGu3kWOLoE+MDEI=,+hqd7ybY7dkUD4WwHIyQHRIMTp0=
67,-3,FogWyTn+8ZVgcGu3kWOLoE+MDEI=,+hqd7ybY7dkUD4WwHIyQHRIMTp0=
68,-3,FogWyTn+8ZVgcGu3kWOLoE+MDEI=,+hqd7ybY7dkUD4WwHIyQHRIMTp0=
66,-3,FogWyTn+8ZVgcGu3kWOLoE+MDEI=,+hqd7ybY7dkUD4WwHIyQHRIMTp0=
65,-3,FogWyTn+8ZVgcGu3kWOLoE+MDEI=,+hqd7ybY7dkUD4WwHIyQHRIMTp0=
69,-3,FogWyTn+8ZVgcGu3kWOLoE+MDEI=,+hqd7ybY7dkUD4WwHIyQHRIMTp0=
71,-3,FogWyTn+8ZVgcGu3kWOLoE+MDEI=,+hqd7ybY7dkUD4WwHIyQHRIMTp0=
72,-3,FogWyTn+8ZVgcGu3kWOLoE+MDEI=,+hqd7ybY7dkUD4WwHIyQHRIMTp0=
73,-3,FogWyTn+8ZVgcGu3kWOLoE+MDEI=,+hqd7ybY7dkUD4WwHIyQHRIMTp0=
70,-3,FogWyTn+8ZVgcGu3kWOLoE+MDEI=,+hqd7ybY7dkUD4WwHIyQHRIMTp0=
78,-3,FogWyTn+8ZVgcGu3kWOLoE+MDEI=,+hqd7ybY7dkUD4WwHIyQHRIMTp0=
76,-3,FogWyTn+8ZVgcGu3kWOLoE+MDEI=,+hqd7ybY7dkUD4WwHIyQHRIMTp0=
77,-3,FogWyTn+8ZVgcGu3kWOLoE+MDEI=,+hqd7ybY7dkUD4WwHIyQHRIMTp0=
66,-14,FogWyTn+8ZVgcGu3kWOLoE+MDEI=,+hqd7ybY7dkUD4WwHIyQHRIMTp0=
67,-15,FogWyTn+8ZVgcGu3kWOLoE+MDEI=,+hqd7ybY7dkUD4WwHIyQHRIMTp0=
64,-2,FogWyTn+8ZVgcGu3kWOLoE+MDEI=,+hqd7ybY7dkUD4WwHIyQHRIMTp0=
65,-2,FogWyTn+8ZVgcGu3kWOLoE+MDEI=,+hqd7ybY7dkUD4WwHIyQHRIMTp0=
74,-3,FogWyTn+8ZVgcGu3kWOLoE+MDEI=,+hqd7ybY7dkUD4WwHIyQHRIMTp0=
66,-2,FogWyTn+8ZVgcGu3kWOLoE+MDEI=,+hqd7ybY7dkUD4WwHIyQHRIMTp0=
67,-2,FogWyTn+8ZVgcGu3kWOLoE+MDEI=,+hqd7ybY7dkUD4WwHIyQHRIMTp0=
75,-3,FogWyTn+8ZVgcGu3kWOLoE+MDEI=,+hqd7ybY7dkUD4WwHIyQHRIMTp0=
68,-2,FogWyTn+8ZVgcGu3kWOLoE+MDEI=,+hqd7ybY7dkUD4WwHIyQHRIMTp0=
77,-2,FogWyTn+8ZVgcGu3kWOLoE+MDEI=,+hqd7ybY7dkUD4WwHIyQHRIMTp0=
78,-2,FogWyTn+8ZVgcGu3kWOLoE+MDEI=,+hqd7ybY7dkUD4WwHIyQHRIMTp0=
69,-2,FogWyTn+8ZVgcGu3kWOLoE+MDEI=,+hqd7ybY7dkUD4WwHIyQHRIMTp0=
79,-2,FogWyTn+8ZVgcGu3kWOLoE+MDEI=,+hqd7ybY7dkUD4WwHIyQHRIMTp0=
67,-14,FogWyTn+8ZVgcGu3kWOLoE+MDEI=,+hqd7ybY7dkUD4WwHIyQHRIMTp0=
64,-16,FogWyTn+8ZVgcGu3kWOLoE+MDEI=,+hqd7ybY7dkUD4WwHIyQHRIMTp0=
76,-2,FogWyTn+8ZVgcGu3kWOLoE+MDEI=,+hqd7ybY7dkUD4WwHIyQHRIMTp0=
65,-13,FogWyTn+8ZVgcGu3kWOLoE+MDEI=,+hqd7ybY7dkUD4WwHIyQHRIMTp0=
68,-16,FogWyTn+8ZVgcGu3kWOLoE+MDEI=,+hqd7ybY7dkUD4WwHIyQHRIMTp0=
64,-1,FogWyTn+8ZVgcGu3kWOLoE+MDEI=,+hqd7ybY7dkUD4WwHIyQHRIMTp0=
65,-1,FogWyTn+8ZVgcGu3kWOLoE+MDEI=,+hqd7ybY7dkUD4WwHIyQHRIMTp0=
66,-1,FogWyTn+8ZVgcGu3kWOLoE+MDEI=,+hqd7ybY7dkUD4WwHIyQHRIMTp0=
75,-2,FogWyTn+8ZVgcGu3kWOLoE+MDEI=,+hqd7ybY7dkUD4WwHIyQHRIMTp0=
67,-1,FogWyTn+8ZVgcGu3kWOLoE+MDEI=,+hqd7ybY7dkUD4WwHIyQHRIMTp0=
73,-2,FogWyTn+8ZVgcGu3kWOLoE+MDEI=,+hqd7ybY7dkUD4WwHIyQHRIMTp0=
71,-2,FogWyTn+8ZVgcGu3kWOLoE+MDEI=,+hqd7ybY7dkUD4WwHIyQHRIMTp0=
74,-2,FogWyTn+8ZVgcGu3kWOLoE+MDEI=,+hqd7ybY7dkUD4WwHIyQHRIMTp0=
70,-2,FogWyTn+8ZVgcGu3kWOLoE+MDEI=,+hqd7ybY7dkUD4WwHIyQHRIMTp0=
72,-2,FogWyTn+8ZVgcGu3kWOLoE+MDEI=,+hqd7ybY7dkUD4WwHIyQHRIMTp0=
68,-1,FogWyTn+8ZVgcGu3kWOLoE+MDEI=,+hqd7ybY7dkUD4WwHIyQHRIMTp0=
77,-1,FogWyTn+8ZVgcGu3kWOLoE+MDEI=,+hqd7ybY7dkUD4WwHIyQHRIMTp0=
78,-1,FogWyTn+8ZVgcGu3kWOLoE+MDEI=,+hqd7ybY7dkUD4WwHIyQHRIMTp0=
69,-1,FogWyTn+8ZVgcGu3kWOLoE+MDEI=,+hqd7ybY7dkUD4WwHIyQHRIMTp0=
79,-1,FogWyTn+8ZVgcGu3kWOLoE+MDEI=,+hqd7ybY7dkUD4WwHIyQHRIMTp0=
65,-16,FogWyTn+8ZVgcGu3kWOLoE+MDEI=,+hqd7ybY7dkUD4WwHIyQHRIMTp0=
68,-14,FogWyTn+8ZVgcGu3kWOLoE+MDEI=,+hqd7ybY7dkUD4WwHIyQHRIMTp0=
68,-15,FogWyTn+8ZVgcGu3kWOLoE+MDEI=,+hqd7ybY7dkUD4WwHIyQHRIMTp0=
79,-3,FogWyTn+8ZVgcGu3kWOLoE+MDEI=,+hqd7ybY7dkUD4WwHIyQHRIMTp0=
66,-13,FogWyTn+8ZVgcGu3kWOLoE+MDEI=,+hqd7ybY7dkUD4WwHIyQHRIMTp0=
76,-1,FogWyTn+8ZVgcGu3kWOLoE+MDEI=,+hqd7ybY7dkUD4WwHIyQHRIMTp0=
71,-1,FogWyTn+8ZVgcGu3kWOLoE+MDEI=,+hqd7ybY7dkUD4WwHIyQHRIMTp0=
70,-1,FogWyTn+8ZVgcGu3kWOLoE+MDEI=,+hqd7ybY7dkUD4WwHIyQHRIMTp0=
72,-1,FogWyTn+8ZVgcGu3kWOLoE+MDEI=,+hqd7ybY7dkUD4WwHIyQHRIMTp0=
69,-15,FogWyTn+8ZVgcGu3kWOLoE+MDEI=,+hqd7ybY7dkUD4WwHIyQHRIMTp0=
67,-13,FogWyTn+8ZVgcGu3kWOLoE+MDEI=,+hqd7ybY7dkUD4WwHIyQHRIMTp0=
74,-1,FogWyTn+8ZVgcGu3kWOLoE+MDEI=,+hqd7ybY7dkUD4WwHIyQHRIMTp0=
75,-1,FogWyTn+8ZVgcGu3kWOLoE+MDEI=,+hqd7ybY7dkUD4WwHIyQHRIMTp0=
73,-1,FogWyTn+8ZVgcGu3kWOLoE+MDEI=,+hqd7ybY7dkUD4WwHIyQHRIMTp0=
