0,0,U6VOE4Ld/3jr45BQWi0C/2esszc=,CW6Q+ZLJQUoJABv0/Mo7pu9/2Wc=
0,1,U6VOE4Ld/3jr45BQWi0C/2esszc=,TaGnku8dFc1ap2Aa/YPoGXSI6dM=
0,2,U6VOE4Ld/3jr45BQWi0C/2esszc=,0lxggBmMDBnj+0KID+bfBgShs3M=
0,3,U6VOE4Ld/3jr45BQWi0C/2esszc=,5OQXa3C/KXW+CKCgcoXUGRcV5zg=
0,4,U6VOE4Ld/3jr45BQWi0C/2esszc=,W7Kydp4Npol4aO7SbRoXOaTI/Rc=
0,5,U6VOE4Ld/3jr45BQWi0C/2esszc=,YqmTULepo42eCLbcJofSgYO1BRY=
0,6,U6VOE4Ld/3jr45BQWi0C/2esszc=,9CxDUG8HMUspuXWH4TQMzEJ8x7c=
0,7,U6VOE4Ld/3jr45BQWi0C/2esszc=,KcC575pATwxal2M6eG3sGf9bM8g=
0,8,U6VOE4Ld/3jr45BQWi0C/2esszc=,o+VqGY7Wq6h1zjOtcKanr59LbxU=
0,9,U6VOE4Ld/3jr45BQWi0C/2esszc=,mJhvMvArt3++AvxBA2OXpKbnIiQ=
0,10,U6VOE4Ld/3jr45BQWi0C/2esszc=,5B8Why/QECqqziR9ysE6N0xJwGY=
0,11,U6VOE4Ld/3jr45BQWi0C/2esszc=,0Db0Gv0i3+8rfaj1xSUSejKaWs4=
0,12,U6VOE4Ld/3jr45BQWi0C/2esszc=,GziSKzJmfYCCS4SGMlb/9SOuotA=
0,13,U6VOE4Ld/3jr45BQWi0C/2esszc=,usYn+F/fmJkoMmFZPayQLVJKbYo=
1,1,U6VOE4Ld/3jr45BQWi0C/2esszc=,ePcVNpGcGph0ShZuQu3dAmGRxC0=
1,0,U6VOE4Ld/3jr45BQWi0C/2esszc=,PbiZNrjF3uaA08uVqj2lH8h9Nbs=
1,3,U6VOE4Ld/3jr45BQWi0C/2esszc=,4bvKXqhJIKPOy/xiHkXGK5EinNY=
1,2,U6VOE4Ld/3jr45BQWi0C/2esszc=,V3vWOO2gouiaO1RKJ3v4HSmNDyY=
1,5,U6VOE4Ld/3jr45BQWi0C/2esszc=,UqUYlprqJSMrM7T/kV48656Ng9Y=
1,4,U6VOE4Ld/3jr45BQWi0C/2esszc=,39oIs7k2QdyYmhIMD/KPMmdX7Xc=
1,7,U6VOE4Ld/3jr45BQWi0C/2esszc=,g0iMMoPSL4swWD6/KD/9kqaysqg=
1,6,U6VOE4Ld/3jr45BQWi0C/2esszc=,r0lH7HPGWsZ5WKgL+pVVNP4kU/k=
1,9,U6VOE4Ld/3jr45BQWi0C/2esszc=,ZjC+eHGWkXKC87nY4N8rpxMP7sY=
1,8,U6VOE4Ld/3jr45BQWi0C/2esszc=,F6cezQnnbfT+SyONlAYxmGqZQj0=
1,11,U6VOE4Ld/3jr45BQWi0C/2esszc=,UhI9Rsq5hyMePkai4JfcsH16w3g=
1,10,U6VOE4Ld/3jr45BQWi0C/2esszc=,1ms6/Zh8xqEJVFQMyqH/44V/vwE=
1,13,U6VOE4Ld/3jr45BQWi0C/2esszc=,qHJKgEfd56ZUgoX5nD/ZQKo9+5I=
1,12,gPETL4cDSNdSGzjECR7dCTS43wc=,n/6TBAuxWbFUaLcEiXhvFdHqCb8=
2,2,gPETL4cDSNdSGzjECR7dCTS43wc=,r2dPFuPf1xuHL0RxBYWtCLqCsy8=
2,3,gPETL4cDSNdSGzjECR7dCTS43wc=,FpwmVflIllgYP9GEwy4RwbOybzc=
2,0,gPETL4cDSNdSGzjECR7dCTS43wc=,hVV2yLKRs8lalgQBPapqs1uc8Ck=
2,1,gPETL4cDSNdSGzjECR7dCTS43wc=,ovfwB82AFLAos6a+ooEOxAxEw7s=
2,6,gPETL4cDSNdSGzjECR7dCTS43wc=,pxOJD8cjEZBsI6/EeoVbt1at9D4=
2,7,gPETL4cDSNdSGzjECR7dCTS43wc=,vif+ZHm+xcetvnst/Vhk+PDFZbs=
2,4,gPETL4cDSNdSGzjECR7dCTS43wc=,sZ930+ycgs0EiZAJHTZT6PtXVBw=
2,5,gPETL4cDSNdSGzjECR7dCTS43wc=,RfPHg0UI7foCv9EFM8Crn/pEO5k=
2,10,gPETL4cDSNdSGzjECR7dCTS43wc=,+F5sgu8XBzW+S1nhiFVBXXWaqgU=
2,11,gPETL4cDSNdSGzjECR7dCTS43wc=,/TxjAvDGWO1eA+YGIcobYFsnbWA=
2,8,gPETL4cDSNdSGzjECR7dCTS43wc=,rwBTRdvig6l3BGG/opQ7eXw7VGs=
2,9,gPETL4cDSNdSGzjECR7dCTS43wc=,q8NL5kmx6agdavJQuV7M3lwnh2s=
2,12,gPETL4cDSNdSGzjECR7dCTS43wc=,uP5XcrmBjzaebC0ZcmKx0Hf5F6Y=
2,13,gPETL4cDSNdSGzjECR7dCTS43wc=,MjRx446ymrofnEEZp88DKo50I9g=
3,3,gPETL4cDSNdSGzjECR7dCTS43wc=,32aFv4/PSfkubbmhx+yone2wXsI=
3,2,gPETL4cDSNdSGzjECR7dCTS43wc=,oNXYGNxJW5x6DFWn5zfHtl7SDoo=
3,1,gPETL4cDSNdSGzjECR7dCTS43wc=,cQft7JjKWRSmgDme+IfYm1ykQZw=
3,0,gPETL4cDSNdSGzjECR7dCTS43wc=,mRrGpipTIui/jJjMNvT6iH4Bkv4=
3,7,gPETL4cDSNdSGzjECR7dCTS43wc=,VAQMFAO/xPPPsLqBUaKfHaRjNZk=
3,6,gPETL4cDSNdSGzjECR7dCTS43wc=,sSrmtAg0kvRyMYSXqWr+yleBGVg=
3,9,gPETL4cDSNdSGzjECR7dCTS43wc=,BoPvilxH7D9BXIeA+jKx8MNzI0Y=
3,8,gPETL4cDSNdSGzjECR7dCTS43wc=,+6ckPlQRMd3iIi2lDagLl+neWy0=
4,4,gPETL4cDSNdSGzjECR7dCTS43wc=,TTeuLq2Yk/l6/BMaZVmytuaJ+jY=
4,5,gPETL4cDSNdSGzjECR7dCTS43wc=,Bq7h64XCL9vII8ov3vTpcQX+ajI=
4,0,gPETL4cDSNdSGzjECR7dCTS43wc=,NlA2w30xhqMIe86d8dMw2HWFaNE=
4,1,gPETL4cDSNdSGzjECR7dCTS43wc=,S/ugSW3U+JpfgPenQ4v75Eg8jvg=
4,2,gPETL4cDSNdSGzjECR7dCTS43wc=,oT4lvZQV+pXZklPB5LihUmJlWi0=
4,3,gPETL4cDSNdSGzjECR7dCTS43wc=,akVkexJ67lcp3eyQLWkwIWlE5DQ=
4,8,gPETL4cDSNdSGzjECR7dCTS43wc=,z04AQ4rUBXSgaliYl2zmacxphXU=
4,9,gPETL4cDSNdSGzjECR7dCTS43wc=,1s/mrf9WFu8ucQNKUo5NBlTeVL8=
5,5,gPETL4cDSNdSGzjECR7dCTS43wc=,lpoTyfssUtj8KfG0vyeQ3n1WeYU=
5,4,gPETL4cDSNdSGzjECR7dCTS43wc=,+65+cDHJVLepIgAheFzzZd3O+eU=
5,1,gPETL4cDSNdSGzjECR7dCTS43wc=,qk9pzULGd3iVN030HWX+fcsWjXc=
5,0,gPETL4cDSNdSGzjECR7dCTS43wc=,fryDkzQq79cLpqNBH29KI1Khea8=
5,3,gPETL4cDSNdSGzjECR7dCTS43wc=,t9czOJf5Te1PIvtrKZKUutNd/6o=
5,2,gPETL4cDSNdSGzjECR7dCTS43wc=,fNgIrgsC20KQfvt2VsR+fJQYJ6I=
5,13,gPETL4cDSNdSGzjECR7dCTS43wc=,o+VqGY7Wq6h1zjOtcKanr59LbxU=
5,12,gPETL4cDSNdSGzjECR7dCTS43wc=,8v8AHQ59oFnCnbYq7mOLnc3Bh+Y=
5,9,gPETL4cDSNdSGzjECR7dCTS43wc=,OiHY9+yImRol23q165t5F8oZnGQ=
5,8,gPETL4cDSNdSGzjECR7dCTS43wc=,xJbfWJotWDS7l/kUsUkd5J2hCGM=
5,10,gPETL4cDSNdSGzjECR7dCTS43wc=,mkJbslPNDdZp50OjFdTTD9yFBuo=
6,6,gPETL4cDSNdSGzjECR7dCTS43wc=,2Mt3UZx+RwrauU/nJtT45sk/5CM=
6,4,gPETL4cDSNdSGzjECR7dCTS43wc=,TUD9ys/wzXAuqUVNdMEHao/pfag=
6,5,gPETL4cDSNdSGzjECR7dCTS43wc=,VB66VumKomG8lJytPvqsUc7q36g=
6,2,BiuY9W+ZschgzCIvRXLPLFlKXhY=,7nO9cY6HWrSJqJlwEYaoyxls7fs=
6,3,BiuY9W+ZschgzCIvRXLPLFlKXhY=,DRjoBuXjf5Rl8cAQllHAB+Iy3I4=
6,0,BiuY9W+ZschgzCIvRXLPLFlKXhY=,5bfLguuUkwa4yYtkOVwvcgfd49E=
6,1,BiuY9W+ZschgzCIvRXLPLFlKXhY=,FU+wFz+Kkck2y2Ueb59Y046MheY=
6,10,BiuY9W+ZschgzCIvRXLPLFlKXhY=,sTUe5qTd47IBIlLXn2wGU7E9b1Y=
6,11,BiuY9W+ZschgzCIvRXLPLFlKXhY=,wIb+pl5Kx9tSseu+vDZ58guacKo=
6,9,BiuY9W+ZschgzCIvRXLPLFlKXhY=,BsepLexqiUOpqHGynX626eiHBSY=
7,6,BiuY9W+ZschgzCIvRXLPLFlKXhY=,mz09gYuQ/6qp9UU/qwhwBVoYksc=
7,5,BiuY9W+ZschgzCIvRXLPLFlKXhY=,6M3z9bRME0csD1njAob8jmU8czY=
7,4,BiuY9W+ZschgzCIvRXLPLFlKXhY=,iXy51at958ymHRCwE58gI+eSPGk=
7,3,BiuY9W+ZschgzCIvRXLPLFlKXhY=,GOw9RpTI0ZhZvgGMo9C57NN7ohY=
7,1,BiuY9W+ZschgzCIvRXLPLFlKXhY=,8E1geLuRJZwUaqDwSEg0R/iEPjg=
7,0,BiuY9W+ZschgzCIvRXLPLFlKXhY=,iQAKSk7XPsOP4wj0CNcHIXVOg38=
7,12,BiuY9W+ZschgzCIvRXLPLFlKXhY=,o+VqGY7Wq6h1zjOtcKanr59LbxU=
7,11,BiuY9W+ZschgzCIvRXLPLFlKXhY=,U03ubr5ifdIdrID985SBtw7tv3Y=
7,10,BiuY9W+ZschgzCIvRXLPLFlKXhY=,rEbctoezfQ+9+DBIBemSGv0HiP4=
7,9,BiuY9W+ZschgzCIvRXLPLFlKXhY=,Mciq+KAdI+laMzEhKddguPGFje8=
8,9,BiuY9W+ZschgzCIvRXLPLFlKXhY=,3sQJXGKbI6Cseg/bzbppLLdCcUQ=
8,10,BiuY9W+ZschgzCIvRXLPLFlKXhY=,3sQJXGKbI6Cseg/bzbppLLdCcUQ=
8,3,BiuY9W+ZschgzCIvRXLPLFlKXhY=,WC5WgbT9DPCG6pjGnGDlVwUuFhQ=
8,4,BiuY9W+ZschgzCIvRXLPLFlKXhY=,+ObZ8AHX7cnjz9xTaB0eOYFO9D0=
8,5,BiuY9W+ZschgzCIvRXLPLFlKXhY=,drzzIJ/pIQpqxYaNRF+gtbqsJng=
8,6,BiuY9W+ZschgzCIvRXLPLFlKXhY=,+ObZ8AHX7cnjz9xTaB0eOYFO9D0=
9,5,BiuY9W+ZschgzCIvRXLPLFlKXhY=,ARf8ka1XVdqrrONyWZopaW7e3p0=
9,6,ITGQ1MjUUiV3csh/14zo3ix4lDE=,QtJUfYOyoESCQ/0oHJ+CW9lSDpY=
10,4,ITGQ1MjUUiV3csh/14zo3ix4lDE=,luu3+fvO/ptjCTQ4AnVd5QZAg6g=
10,5,ITGQ1MjUUiV3csh/14zo3ix4lDE=,5M3Ne2ma/ZiSfNgPUliSbb+uZaM=
11,7,ITGQ1MjUUiV3csh/14zo3ix4lDE=,Er0McCsh/7b4+lqlPwEv+dw3Gsg=
11,6,ITGQ1MjUUiV3csh/14zo3ix4lDE=,HBIhmsa1bdjqAsY+ClxeYx227Pg=
11,5,ITGQ1MjUUiV3csh/14zo3ix4lDE=,PXugdoNsVvFGmlGMqZQ7kcj37EU=
11,4,ITGQ1MjUUiV3csh/14zo3ix4lDE=,sy01fqzrMpl8Xuv1AWqk5+UjguE=
12,4,ITGQ1MjUUiV3csh/14zo3ix4lDE=,7U5KyT4HXnrTcEq9rEx8t9QhcRk=
12,5,ITGQ1MjUUiV3csh/14zo3ix4lDE=,mWSXxRo7wQiPZwv3KvITA1d2LYo=
12,6,ITGQ1MjUUiV3csh/14zo3ix4lDE=,gULZNZpIwOghkXdFvrCUWsDaCvs=
12,7,ITGQ1MjUUiV3csh/14zo3ix4lDE=,vKBN/rxldDc4ykpvRKWKLfPewhs=
13,5,ITGQ1MjUUiV3csh/14zo3ix4lDE=,qDBiDqIx/X3z48wIJxxZECAd3jQ=
13,6,ITGQ1MjUUiV3csh/14zo3ix4lDE=,k8+ro3mtzNzlyIdZVJzvG3jo9Uw=
